,Airport,Age,Gender,TripDuration,FlyingCompanion,GroupTravel,NoTripsLastYear,FrequentFlightDestination1,FrequentFlightDestination2,FrequentFlightDestination3,FrequentFlightDestination4,FrequentFlightDestination5,FrequentFlightDestination6,FrequentFlightDestination7,TotalDepartureHr,Airfare,NoTransport,AccessCost,AccessTime,MileageAirline1,MileageAirline2,MileageAirline3,MileageAirline4,MileageAirline5,ProvinceResidence1,ProvinceResidence2,ProvinceResidence3,ProvinceResidence4,ProvinceResidence5,ProvinceResidence6,ProvinceResidence7,ProvinceResidence8,Destination1,Destination2,Destination3,Destination4,DepartureTime1,DepartureTime2,DepartureTime3,DepartureTime4,SeatClass1,SeatClass2,SeatClass3,Occupation1,Occupation2,Occupation3,Occupation4,Occupation5,Occupation6,Occupation7,Occupation8,Occupation9,Occupation10,Occupation11,Occupation12,Income1,Income2,Income3,Income4,Income5,Income6,Income7,Airline1,Airline2,Airline3,Airline4,Korean,PleasureTrip,PublicTrans,const
0,1,0,1,7,0,0,3,1,0,0,0,0,0,0,12.08,80.0,1,8000.0,40,1,0,0,0,0,0,0,1,0,0,0,0,0,0,0,1,0,0,1,0,0,1,0,0,1,0,0,0,0,0,0,0,0,0,0,0,0,0,0,0,1,0,0,1,0,0,0,1,0,1,1
1,1,0,0,4,4,0,1,1,0,0,0,0,0,0,10.17,41.0,1,8000.0,50,0,0,0,0,1,0,0,1,0,0,0,0,0,0,1,0,0,1,0,0,0,1,0,0,0,0,0,0,0,0,0,0,1,0,0,0,0,0,1,0,0,0,0,1,0,0,0,1,1,1,1
2,1,0,1,10,2,0,1,0,1,0,0,0,0,0,11.5,49.83,2,1000.0,20,0,0,0,0,1,0,0,1,0,0,0,0,0,1,0,0,0,1,0,0,0,1,0,0,0,0,0,0,0,0,0,0,0,0,0,1,0,0,1,0,0,0,0,1,0,0,0,1,1,1,1
3,1,0,1,7,2,0,2,0,0,0,0,1,0,0,15.33,26.43,1,12642.0,76,0,1,0,0,0,0,0,1,0,0,0,0,0,0,1,0,0,0,1,0,0,1,0,0,0,0,0,0,0,0,0,1,0,0,0,0,0,0,0,0,0,0,1,1,0,0,0,1,0,0,1
4,1,0,0,4,0,0,2,0,1,0,0,0,0,0,1.0,40.0,1,8000.0,50,0,0,0,0,1,0,0,1,0,0,0,0,0,1,0,0,0,0,1,0,0,1,0,0,1,0,0,0,0,0,0,0,0,0,0,0,0,0,1,0,0,0,0,1,0,0,0,1,0,1,1
5,1,0,1,40,1,0,4,0,1,0,0,0,0,0,14.75,34.0,1,8000.0,50,0,0,0,0,1,0,0,1,0,0,0,0,0,1,0,0,0,0,1,0,0,1,0,0,1,0,0,0,0,0,0,0,0,0,0,0,0,0,1,0,0,0,0,1,0,0,0,1,0,1,1
6,1,0,0,40,1,0,0,0,1,0,0,0,0,0,14.75,34.0,1,8000.0,50,0,0,0,0,1,0,0,1,0,0,0,0,0,1,0,0,0,0,1,0,0,1,0,0,0,0,0,0,0,0,0,0,1,0,0,0,0,0,1,0,0,0,0,1,0,0,0,1,0,1,1
7,1,1,1,7,1,0,0,0,0,0,1,0,0,0,10.25,56.0,1,8000.0,50,0,0,1,0,0,0,0,1,0,0,0,0,0,0,1,0,0,1,0,0,0,1,0,0,0,1,0,0,0,0,0,0,0,0,0,0,0,0,1,0,0,0,0,1,0,0,0,1,1,1,1
8,1,0,0,4,1,0,0,1,0,0,0,0,0,0,19.58,34.0,2,2400.0,5,0,0,0,0,1,0,0,1,0,0,0,0,0,0,0,1,0,0,0,1,0,1,0,0,0,0,0,0,0,0,0,0,0,0,0,1,0,0,1,0,0,0,0,0,0,1,0,1,1,0,1
9,1,1,0,5,1,1,2,1,0,0,0,0,0,0,19.0,60.79,2,90000.0,60,0,0,0,0,1,0,0,0,0,1,0,0,0,0,0,1,0,0,0,1,0,1,0,0,0,0,0,0,0,0,0,0,0,0,0,1,0,1,0,0,0,0,0,1,0,0,0,1,1,0,1
10,1,0,0,5,2,0,4,1,0,0,0,0,0,0,13.58,54.0,2,1100.0,10,0,0,0,0,1,0,0,1,0,0,0,0,0,0,1,0,0,0,1,0,0,1,0,0,0,0,0,0,0,0,0,0,0,0,0,1,0,0,1,0,0,0,0,1,0,0,0,1,1,1,1
11,1,0,1,7,1,1,10,1,0,0,0,0,0,0,15.25,80.0,1,8000.0,50,1,0,0,0,0,0,0,1,0,0,0,0,0,0,0,0,1,0,1,0,0,1,0,0,1,0,0,0,0,0,0,0,0,0,0,0,0,1,0,0,0,0,0,0,0,0,1,1,1,1,1
12,1,0,1,90,1,0,4,0,1,0,1,0,0,0,19.0,37.0,1,8400.0,180,0,0,0,1,0,0,0,0,0,0,0,0,1,1,0,0,0,0,0,1,0,1,0,0,0,1,0,0,0,0,0,0,0,0,0,0,0,1,0,0,0,0,0,1,0,0,0,0,0,0,1
13,1,0,1,5,1,0,0,1,0,0,0,0,0,0,17.0,40.0,1,1500.0,90,0,0,0,1,0,1,0,0,0,0,0,0,0,0,0,1,0,0,1,0,0,1,0,0,0,1,0,0,0,0,0,0,0,0,0,0,0,0,0,1,0,0,0,0,0,1,0,1,1,0,1
14,1,1,1,4,2,0,8,0,0,1,0,0,0,0,10.33,27.12,1,1500.0,76,0,0,0,1,0,0,0,1,0,0,0,0,0,0,1,0,0,0,0,1,0,0,1,0,0,0,0,0,1,0,0,0,0,0,0,0,0,0,1,0,0,0,0,0,1,0,0,1,0,0,1
15,1,0,0,5,2,0,2,0,0,0,0,1,0,0,17.5,40.0,2,3000.0,5,0,0,0,0,1,0,0,1,0,0,0,0,0,0,0,1,0,0,1,0,0,1,0,0,0,0,0,0,0,0,0,0,0,0,0,1,0,1,0,0,0,0,0,0,0,1,0,1,1,0,1
16,1,0,0,4,1,0,2,0,0,0,0,1,0,0,17.33,29.0,2,2700.0,10,0,0,0,0,1,0,0,1,0,0,0,0,0,0,0,1,0,0,1,0,0,1,0,0,0,0,0,0,0,0,0,0,0,0,0,1,0,0,1,0,0,0,0,0,0,1,0,1,1,0,1
17,1,0,0,6,5,0,1,0,0,1,0,0,0,0,20.08,38.0,2,1100.0,20,0,0,0,0,1,0,0,1,0,0,0,0,0,0,0,1,0,0,0,1,0,1,0,0,0,0,0,0,0,0,0,0,0,0,0,1,0,0,1,0,0,0,0,0,0,1,0,1,1,1,1
18,1,0,1,5,5,1,2,1,0,0,0,0,0,0,17.36,70.0,1,6000.0,60,1,0,0,0,0,1,0,0,0,0,0,0,0,0,0,1,0,0,0,0,1,1,0,0,0,1,0,0,0,0,0,0,0,0,0,0,0,0,1,0,0,0,0,0,0,1,0,1,1,0,1
19,1,0,1,6,5,0,1,1,0,0,0,0,0,0,20.0,38.0,1,12642.0,76,0,0,0,0,1,0,0,1,0,0,0,0,0,0,0,1,0,0,0,1,0,1,0,0,0,1,0,0,0,0,0,0,0,0,0,0,0,0,1,0,0,0,0,0,0,1,0,1,1,0,1
20,1,1,0,5,6,0,0,1,0,0,0,0,0,0,17.36,70.0,1,6595.0,56,0,0,0,0,1,1,0,0,0,0,0,0,0,0,0,1,0,0,0,0,1,1,0,0,0,0,0,0,0,0,0,0,1,0,0,0,1,0,0,0,0,0,0,0,0,1,0,1,1,0,1
21,1,0,1,5,3,0,1,0,0,1,0,0,0,0,20.42,44.57,1,1500.0,50,0,1,0,0,0,1,0,0,0,0,0,0,0,0,0,1,0,0,0,1,0,1,0,0,0,1,0,0,0,0,0,0,0,0,0,0,0,1,0,0,0,0,0,0,0,1,0,0,1,0,1
22,1,0,1,5,3,0,2,1,0,0,0,0,0,0,8.67,44.57,1,900.0,10,0,0,0,1,0,1,0,0,0,0,0,0,0,0,0,1,0,0,0,0,1,1,0,0,1,0,0,0,0,0,0,0,0,0,0,0,0,0,0,1,0,0,0,0,0,1,0,1,1,0,1
23,1,0,1,6,2,0,1,0,0,0,1,0,0,0,20.08,48.0,1,3.0,90,0,1,0,0,0,1,0,0,0,0,0,0,0,0,0,1,0,0,0,1,0,1,0,0,0,0,0,0,1,0,0,0,0,0,0,0,0,0,1,0,0,0,0,0,0,1,0,1,1,0,1
24,1,0,0,5,2,0,5,0,0,0,0,1,0,0,4.33,53.0,1,10000.0,60,0,0,0,0,1,0,0,1,0,0,0,0,0,0,0,1,0,0,1,0,0,1,0,0,0,0,0,0,0,0,0,0,1,0,0,0,0,0,1,0,0,0,0,0,0,0,1,1,1,1,1
25,1,0,1,30,0,0,0,0,0,0,0,0,1,0,11.75,39.0,3,1100.0,15,0,0,0,0,1,0,0,1,0,0,0,0,0,0,0,0,1,0,0,0,1,1,0,0,0,0,0,0,0,0,0,0,0,0,0,1,0,0,1,0,0,0,0,0,0,0,1,0,0,1,1
26,1,1,1,5,3,0,2,0,1,0,0,1,0,0,14.17,28.0,2,4000.0,10,0,0,0,0,1,0,0,1,0,0,0,0,0,1,0,0,0,0,1,0,0,1,0,0,0,0,0,0,0,0,0,0,0,0,0,1,0,1,0,0,0,0,0,1,0,0,0,1,1,0,1
27,1,0,0,21,1,0,1,0,0,0,0,1,0,0,19.75,49.83,1,8000.0,50,0,0,0,1,0,0,0,1,0,0,0,0,0,1,0,0,0,0,0,1,0,1,0,0,0,0,0,0,0,0,0,1,0,0,0,0,0,0,1,0,0,0,0,1,0,0,0,1,0,1,1
28,1,0,1,5,2,0,1,1,0,0,0,0,0,0,19.58,44.57,2,7500.0,30,0,0,0,0,1,0,0,0,0,1,0,0,0,0,0,1,0,0,0,1,0,1,0,0,0,0,0,0,0,0,0,0,0,0,0,1,0,1,0,0,0,0,0,0,0,1,0,1,1,0,1
29,1,0,0,3,4,0,1,1,0,0,0,0,0,0,9.42,43.0,1,10000.0,60,0,0,1,0,0,1,0,0,0,0,0,0,0,0,0,0,1,1,0,0,0,1,0,0,0,1,0,0,0,0,0,0,0,0,0,0,1,0,0,0,0,0,0,0,0,0,1,1,1,1,1
30,1,0,0,6,2,0,2,1,0,0,0,0,0,0,20.08,48.0,1,6595.0,60,1,0,0,0,0,1,0,0,0,0,0,0,0,0,0,1,0,0,0,1,0,1,0,0,0,0,0,0,1,0,0,0,0,0,0,0,0,0,0,1,0,0,0,0,0,1,0,1,1,0,1
31,1,0,1,4,1,0,50,0,1,0,0,0,0,0,19.0,60.79,1,5500.0,40,0,0,0,1,0,0,0,1,0,0,0,0,0,0,0,1,0,0,0,1,0,0,1,0,0,0,0,0,0,0,0,0,0,0,0,1,0,0,0,0,1,0,0,1,0,0,0,1,0,1,1
32,1,0,0,45,2,0,1,0,0,0,0,1,0,0,13.0,140.0,2,17900.0,180,0,0,0,0,1,0,0,0,0,1,0,0,0,0,0,0,1,0,1,0,0,1,0,0,0,0,0,0,0,0,0,0,0,0,0,1,0,0,1,0,0,0,0,1,0,0,0,1,1,1,1
33,1,0,1,100,0,0,0,0,0,0,0,0,1,0,20.08,110.0,1,1200.0,15,0,0,0,0,1,0,0,0,0,0,1,0,0,0,0,0,1,0,0,1,0,1,0,0,0,0,0,0,0,0,0,0,0,0,0,1,0,0,1,0,0,0,0,1,0,0,0,1,0,1,1
34,1,0,0,6,2,0,1,1,0,0,0,0,0,0,20.08,40.0,2,7500.0,10,0,0,0,0,1,0,0,0,0,1,0,0,0,0,0,1,0,0,0,1,0,1,0,0,0,0,0,0,0,0,0,0,0,0,0,1,0,1,0,0,0,0,0,0,0,1,0,1,1,0,1
35,1,0,0,15,4,0,1,1,0,0,0,0,0,0,18.67,70.0,1,6595.0,56,1,0,0,0,0,1,0,0,0,0,0,0,0,0,0,1,0,0,0,1,0,1,0,0,0,1,0,0,0,0,0,0,0,0,0,0,0,1,0,0,0,0,0,1,0,0,0,0,1,0,1
36,1,0,0,5,4,0,1,1,0,0,0,0,0,0,14.33,80.0,2,1000.0,56,0,0,0,0,1,1,0,0,0,0,0,0,0,0,0,1,0,0,1,0,0,0,0,1,0,0,0,0,0,0,0,0,0,0,0,1,0,1,0,0,0,0,0,1,0,0,0,1,1,1,1
37,1,0,0,30,2,0,0,0,0,0,0,1,0,0,20.08,108.0,2,1050.0,56,0,0,0,0,1,1,0,0,0,0,0,0,0,0,0,0,1,0,0,1,0,1,0,0,0,0,0,0,0,0,0,0,0,0,0,1,0,0,1,0,0,0,0,0,0,0,1,1,1,1,1
38,1,0,1,16,2,1,3,1,0,0,0,0,0,0,16.21,100.0,1,1300.0,40,1,0,0,0,0,1,0,0,0,0,0,0,0,0,0,0,1,0,1,0,0,1,0,0,1,0,0,0,0,0,0,0,0,0,0,0,0,0,0,1,0,0,0,1,0,0,0,1,1,1,1
39,1,0,1,40,0,0,2,1,0,0,0,1,1,0,16.21,100.0,1,10000.0,120,0,0,0,0,1,1,0,0,0,0,0,0,0,0,0,0,1,0,0,0,1,1,0,0,0,0,0,0,0,0,0,1,0,0,0,0,0,0,0,1,0,0,0,0,1,0,0,1,1,1,1
40,1,0,0,30,2,0,0,0,0,0,0,1,0,0,20.0,108.0,2,1050.0,8,0,0,0,0,1,1,0,0,0,0,0,0,0,0,0,0,1,0,0,1,0,1,0,0,0,0,0,0,0,0,0,0,0,0,0,1,0,0,1,0,0,0,0,0,0,0,1,1,1,1,1
41,1,0,1,3,2,0,4,1,0,0,0,0,0,0,18.67,59.0,1,0.0,15,1,0,0,0,0,1,0,0,0,0,0,0,0,0,0,1,0,0,0,1,0,1,0,0,0,0,0,0,1,0,0,0,0,0,0,0,0,0,0,0,1,0,0,1,0,0,0,1,0,0,1
42,1,0,0,4,0,0,100,1,1,1,1,1,0,0,10.58,40.0,2,8000.0,10,0,0,0,0,1,0,0,1,0,0,0,0,0,0,0,1,0,1,0,0,0,0,1,0,0,0,0,0,0,0,0,0,0,0,0,1,0,1,0,0,0,0,0,1,0,0,0,1,0,0,1
43,1,1,1,140,1,0,10,1,0,0,0,0,0,0,18.67,60.79,2,27920.0,60,0,0,0,0,1,0,0,0,0,1,0,0,0,0,0,1,0,0,0,1,0,1,0,0,0,0,0,0,0,0,0,0,0,0,0,1,0,1,0,0,0,0,0,1,0,0,0,0,0,0,1
44,1,0,1,5,4,0,4,0,0,0,0,0,1,0,19.58,30.0,1,12000.0,75,0,0,0,0,1,0,0,1,0,0,0,0,0,0,0,1,0,0,0,1,0,1,0,0,0,1,0,0,0,0,0,0,0,0,0,0,0,1,0,0,0,0,0,0,0,1,0,1,1,1,1
45,1,0,0,10,2,0,2,1,0,0,0,0,0,0,14.83,48.0,2,5000.0,10,0,0,0,0,1,0,0,1,0,0,0,0,0,1,0,0,0,0,1,0,0,1,0,0,0,0,0,0,0,0,0,0,0,0,0,1,0,1,0,0,0,0,0,1,0,0,0,1,1,0,1
46,1,0,0,5,2,0,2,0,0,1,0,0,0,0,13.58,54.0,1,8000.0,50,0,0,0,0,1,0,0,1,0,0,0,0,0,0,1,0,0,0,1,0,0,1,0,0,0,0,1,0,0,0,0,0,0,0,0,0,0,1,0,0,0,0,0,1,0,0,0,1,1,1,1
47,1,0,0,3,5,0,20,1,0,0,0,0,0,0,18.67,60.0,1,6000.0,40,0,0,0,1,0,0,0,1,0,0,0,0,0,0,0,1,0,0,0,1,0,1,0,0,0,0,0,0,0,0,0,0,0,0,0,1,0,0,1,0,0,0,0,1,0,0,0,1,0,1,1
48,1,0,1,15,1,0,7,1,0,0,0,0,0,0,12.67,52.0,1,8000.0,40,0,0,0,0,1,0,0,0,0,0,0,0,1,1,0,0,0,0,1,0,0,1,0,0,1,0,0,0,0,0,0,0,0,0,0,0,0,0,1,0,0,0,0,0,1,0,0,0,0,1,1
49,1,0,1,7,9,1,2,1,0,0,0,0,0,0,8.5,45.0,1,11000.0,90,0,0,0,1,0,0,0,1,0,0,0,0,0,0,0,1,0,0,0,1,0,1,0,0,0,1,0,0,0,0,0,0,0,0,0,0,0,0,0,1,0,0,0,0,0,1,0,1,1,1,1
50,1,1,0,7,9,0,0,1,0,0,0,0,0,0,20.5,45.0,2,1050.0,20,0,0,0,0,1,0,0,1,0,0,0,0,0,0,0,1,0,0,0,1,0,1,0,0,0,0,0,0,0,0,0,0,0,0,0,1,0,1,0,0,0,0,0,0,0,1,0,1,1,0,1
51,1,1,1,7,9,0,3,1,1,0,0,0,0,0,20.5,50.0,2,6595.0,56,0,0,0,0,1,1,0,0,0,0,0,0,0,0,0,1,0,0,0,1,0,1,0,0,0,0,0,0,0,0,0,0,0,0,0,1,0,1,0,0,0,0,0,0,0,1,0,1,1,1,1
52,1,0,0,4,4,0,2,1,0,0,0,0,0,0,19.58,44.57,1,3700.0,100,0,0,0,0,1,1,0,0,0,0,0,0,0,0,0,1,0,0,0,1,0,1,0,0,0,0,0,0,1,0,0,0,0,0,0,0,0,1,0,0,0,0,0,0,0,1,0,0,1,0,1
53,1,0,0,4,4,0,0,1,0,0,0,0,0,0,19.58,44.57,1,6595.0,56,0,0,0,0,1,1,0,0,0,0,0,0,0,0,0,1,0,0,0,1,0,1,0,0,0,0,0,0,0,0,0,1,0,0,0,0,0,0,1,0,0,0,0,0,0,1,0,1,1,0,1
54,1,1,0,7,2,1,3,1,0,0,0,0,0,0,8.5,48.34,1,10000.0,65,0,0,0,0,1,1,0,0,0,0,0,0,0,1,0,0,0,0,0,1,0,0,1,0,0,0,0,0,0,0,1,0,0,0,0,0,0,0,0,1,0,0,0,0,1,0,0,1,1,1,1
55,1,1,1,6,8,1,1,1,0,0,0,0,0,0,20.0,78.0,1,3175.0,39,0,0,0,0,1,0,1,0,0,0,0,0,0,1,0,0,0,0,0,1,0,1,0,0,0,0,0,0,0,0,1,0,0,0,0,0,0,1,0,0,0,0,0,0,1,0,0,1,1,0,1
56,1,0,1,6,1,0,3,0,0,1,0,0,0,0,15.5,17.0,2,2000.0,60,0,0,0,0,1,0,0,1,0,0,0,0,0,0,1,0,0,0,1,0,0,1,0,0,0,0,0,0,0,0,0,0,0,0,0,1,0,0,1,0,0,0,0,0,0,1,0,1,1,1,1
57,1,0,0,5,2,0,122,1,0,0,0,0,0,0,14.33,64.0,2,48000.0,90,0,0,0,0,1,0,0,0,0,1,0,0,0,0,0,1,0,0,1,0,0,1,0,0,0,0,0,0,0,0,0,0,0,0,0,1,0,0,1,0,0,0,0,1,0,0,0,1,1,1,1
58,1,0,0,99,1,0,4,0,1,0,0,0,0,0,12.5,31.0,1,8400.0,34,0,0,0,1,0,0,0,0,0,0,0,0,1,1,0,0,0,0,1,0,0,1,0,0,0,0,0,0,0,0,0,0,1,0,0,0,0,0,0,1,0,0,0,0,1,0,0,0,1,0,1
59,1,0,1,5,1,0,3,1,0,1,0,0,0,0,17.36,44.57,2,10600.0,60,0,0,0,1,0,0,0,0,1,0,0,0,0,0,0,1,0,0,1,0,0,1,0,0,1,0,0,0,0,0,0,0,0,0,0,0,0,0,1,0,0,0,0,0,0,1,0,1,1,1,1
60,1,1,1,7,2,0,50,1,0,0,0,0,0,0,18.5,75.0,1,8400.0,150,0,0,0,1,0,0,0,0,0,0,0,0,1,0,0,1,0,0,0,1,0,1,0,0,0,1,0,0,0,0,0,0,0,0,0,0,0,0,0,0,0,1,0,0,1,0,0,0,0,1,1
61,1,0,1,2,3,0,0,1,0,0,0,0,0,0,5.75,20.0,2,1050.0,40,0,0,0,0,1,1,0,0,0,0,0,0,0,0,1,0,0,0,1,0,0,1,0,0,0,0,0,0,0,0,0,0,0,0,0,1,0,1,0,0,0,0,0,0,0,0,1,1,1,0,1
62,1,0,1,180,1,0,4,0,0,1,0,0,0,0,18.5,67.0,2,50000.0,311,0,0,0,0,1,0,0,0,0,1,0,0,0,0,1,0,0,0,0,1,0,1,0,0,0,0,0,0,0,0,0,0,0,0,0,1,0,0,1,0,0,0,0,1,0,0,0,1,0,1,1
63,1,0,0,5,1,0,12,0,0,0,0,0,1,0,17.75,19.0,2,6595.0,56,0,0,0,0,1,1,0,0,0,0,0,0,0,0,1,0,0,0,1,0,0,1,0,0,0,0,0,0,0,0,0,0,0,0,0,1,0,0,1,0,0,0,0,0,0,0,1,0,1,0,1
64,1,0,1,6,5,0,0,1,0,0,0,0,0,0,20.08,38.0,2,1100.0,20,0,0,0,0,1,0,0,1,0,0,0,0,0,0,0,1,0,0,0,1,0,1,0,0,0,0,0,0,0,0,0,0,0,0,0,1,0,0,1,0,0,0,0,0,0,1,0,1,1,1,1
65,1,0,0,20,1,0,2,1,0,0,0,0,0,0,19.17,30.0,1,6900.0,43,0,0,0,1,0,1,0,0,0,0,0,0,0,1,0,0,0,0,0,1,0,1,0,0,0,1,0,0,0,0,0,0,0,0,0,0,1,0,0,0,0,0,0,0,0,0,1,0,1,0,1
66,1,0,1,5,2,0,3,1,0,0,0,0,0,0,19.0,60.79,1,1200.0,40,1,0,0,0,0,0,0,1,0,0,0,0,0,0,0,1,0,0,0,1,0,1,0,0,0,0,0,1,0,0,0,0,0,0,0,0,0,0,0,0,1,0,0,1,0,0,0,1,1,0,1
67,1,0,1,4,3,0,3,0,0,0,0,1,0,0,14.79,26.43,1,3000.0,5,0,0,0,0,1,1,0,0,0,0,0,0,0,0,1,0,0,0,1,0,0,1,0,0,0,1,0,0,0,0,0,0,0,0,0,0,0,0,1,0,0,0,0,1,0,0,0,1,1,0,1
68,1,0,0,5,1,0,4,0,0,1,0,0,1,0,9.0,60.0,1,13000.0,60,0,0,0,0,1,1,0,0,0,0,0,0,0,0,1,0,0,1,0,0,0,1,0,0,0,0,0,0,0,0,0,0,1,0,0,0,0,0,1,0,0,0,0,0,1,0,0,1,1,1,1
69,1,0,0,5,2,0,0,1,0,0,0,0,0,0,25.02,44.57,1,1300.0,50,0,0,0,0,1,0,1,0,0,0,0,0,0,0,0,1,0,0,0,0,1,1,0,0,0,0,0,0,1,0,0,0,0,0,0,0,0,1,0,0,0,0,0,0,0,1,0,1,1,0,1
70,1,0,1,3,2,0,2,0,0,1,0,0,0,0,14.79,27.12,1,1150.0,30,0,0,0,0,1,1,0,0,0,0,0,0,0,0,1,0,0,0,1,0,0,1,0,0,0,1,0,0,0,0,0,0,0,0,0,0,0,0,1,0,0,0,0,0,1,0,0,1,0,0,1
71,1,0,0,7,1,0,1,0,1,1,0,0,0,0,7.58,24.0,1,1200.0,290,0,0,0,0,1,0,0,0,0,0,1,0,0,0,0,1,0,0,0,1,0,1,0,0,0,0,0,0,0,0,0,1,0,0,0,0,0,0,0,0,0,0,1,0,0,1,0,1,1,0,1
72,1,0,1,30,1,0,12,0,1,0,0,0,0,0,19.75,49.83,3,27920.0,311,0,0,0,0,1,0,0,0,0,1,0,0,0,1,0,0,0,0,0,1,0,1,0,0,0,1,0,0,0,0,0,0,0,0,0,0,0,1,0,0,0,0,0,1,0,0,0,0,0,1,1
73,1,0,1,15,1,0,3,0,1,0,0,0,0,0,14.0,48.34,3,11000.0,10,0,0,0,0,1,0,0,0,1,0,0,0,0,1,0,0,0,0,1,0,0,1,0,0,0,0,0,0,0,0,0,0,0,0,0,1,0,1,0,0,0,0,0,0,1,0,0,1,0,0,1
74,1,0,0,7,1,0,2,1,0,0,0,0,0,0,7.58,24.0,3,1200.0,290,0,0,0,0,1,0,0,0,0,0,1,0,0,0,0,1,0,0,0,1,0,1,0,0,0,0,0,0,0,0,0,0,0,0,0,1,0,0,1,0,0,0,0,0,0,1,0,0,0,1,1
75,1,0,1,6,1,0,1,0,0,0,1,0,0,0,16.0,40.0,2,1050.0,60,0,0,0,0,1,0,0,1,0,0,0,0,0,0,0,1,0,0,1,0,0,1,0,0,0,0,0,0,0,0,0,0,0,0,0,1,0,1,0,0,0,0,0,0,0,1,0,1,1,0,1
76,1,0,0,5,0,0,1,1,0,0,0,0,0,0,16.0,40.0,1,1050.0,60,0,0,0,0,1,0,0,1,0,0,0,0,0,0,0,1,0,0,1,0,0,1,0,0,0,1,0,0,0,0,0,0,0,0,0,0,0,0,1,0,0,0,0,0,0,1,0,1,1,0,1
77,1,0,1,4,3,1,1,1,0,0,0,0,0,0,17.36,29.12,2,6595.0,56,0,0,0,0,1,1,0,0,0,0,0,0,0,0,0,1,0,0,1,0,0,1,0,0,0,0,0,0,0,0,0,0,0,0,0,1,0,1,0,0,0,0,0,0,1,0,0,1,1,1,1
78,1,0,1,8,10,0,5,0,0,0,0,0,1,0,13.67,120.0,3,27920.0,10,0,0,0,0,1,0,0,0,0,1,0,0,0,1,0,0,0,0,1,0,0,0,1,0,0,0,0,0,0,0,0,0,0,0,0,1,0,1,0,0,0,0,0,0,0,0,1,1,0,0,1
79,1,0,1,5,1,0,10,0,1,0,0,0,0,0,14.33,65.0,3,1800.0,30,0,0,0,0,1,0,0,0,0,1,0,0,0,0,0,1,0,0,1,0,0,1,0,0,0,0,0,0,0,0,0,0,0,0,0,1,0,0,1,0,0,0,0,1,0,0,0,1,1,0,1
80,1,1,0,99,1,0,0,1,0,0,0,0,0,0,14.0,23.0,1,8400.0,180,0,0,0,0,1,0,0,0,0,0,0,0,1,0,1,0,0,0,1,0,0,1,0,0,0,0,0,0,0,0,0,0,1,0,0,0,0,0,0,0,1,0,0,0,1,0,0,1,1,0,1
81,1,0,1,30,0,0,5,0,1,0,0,0,0,0,12.67,54.0,1,3000.0,15,0,0,0,0,1,1,0,0,0,0,0,0,0,1,0,0,0,0,1,0,0,1,0,0,0,0,1,0,0,0,0,0,0,0,0,0,0,0,1,0,0,0,0,0,1,0,0,1,0,0,1
82,1,0,1,99,0,0,6,0,1,0,1,0,0,0,13.08,20.0,1,6595.0,56,0,0,0,1,0,1,0,0,0,0,0,0,0,1,0,0,0,0,1,0,0,1,0,0,1,0,0,0,0,0,0,0,0,0,0,0,0,0,0,0,0,0,1,1,0,0,0,1,0,0,1
83,1,0,1,5,3,1,2,1,0,0,0,0,0,0,13.58,40.4,2,13300.0,45,0,0,0,0,1,1,0,0,0,0,0,0,0,0,0,1,0,0,1,0,0,1,0,0,0,0,0,0,0,0,0,0,0,0,0,1,0,1,0,0,0,0,0,0,0,0,1,1,1,0,1
84,1,0,1,5,10,0,0,0,0,0,0,0,1,0,17.36,60.79,1,4300.0,53,0,1,0,0,0,0,0,1,0,0,0,0,0,0,0,1,0,0,1,0,0,0,0,1,0,1,0,0,0,0,0,0,0,0,0,0,0,1,0,0,0,0,0,1,0,0,0,1,1,1,1
85,1,0,0,7,3,0,3,1,0,0,0,0,0,0,20.08,60.0,1,3000.0,15,0,0,0,1,0,1,0,0,0,0,0,0,0,0,0,1,0,0,0,1,0,1,0,0,0,1,0,0,0,0,0,0,0,0,0,0,0,0,1,0,0,0,0,0,0,1,0,1,1,1,1
86,1,0,1,5,2,0,1,1,0,0,0,0,0,0,16.0,75.0,2,10600.0,155,0,0,0,0,1,0,0,0,1,0,0,0,0,0,0,1,0,0,1,0,0,0,1,0,0,0,0,0,0,0,0,0,0,0,0,1,0,1,0,0,0,0,0,0,1,0,0,1,1,1,1
87,1,0,1,5,1,0,0,1,0,0,0,0,0,0,13.58,61.0,3,6000.0,120,0,0,0,0,1,0,0,0,0,0,0,1,0,0,0,1,0,0,1,0,0,1,0,0,0,0,0,0,0,0,0,0,0,0,0,1,0,1,0,0,0,0,0,0,0,0,1,1,1,1,1
88,1,0,0,5,1,0,2,1,0,0,0,0,0,0,13.58,61.0,3,6000.0,120,0,0,0,0,1,0,0,0,0,0,0,1,0,0,0,1,0,0,1,0,0,1,0,0,0,0,0,0,0,0,0,0,0,0,0,1,0,1,0,0,0,0,0,0,0,0,1,1,1,1,1
89,1,0,1,0,5,0,0,1,0,0,0,0,0,0,13.42,30.0,3,10000.0,30,0,0,0,0,1,0,0,0,0,1,0,0,0,0,0,1,0,0,1,0,0,0,1,0,0,0,0,0,0,0,0,0,0,0,0,1,0,1,0,0,0,0,0,0,0,0,1,1,1,0,1
90,1,0,1,6,5,0,5,1,0,0,0,0,0,0,13.42,41.0,3,1100.0,30,0,0,0,0,1,0,0,0,0,1,0,0,0,0,0,1,0,0,1,0,0,1,0,0,0,0,0,0,0,0,0,0,0,0,0,1,0,1,0,0,0,0,0,0,0,0,1,1,1,0,1
91,1,0,1,15,1,0,80,0,1,0,0,0,0,0,14.33,48.34,2,13000.0,45,0,0,0,0,1,1,0,0,0,0,0,0,0,1,0,0,0,0,1,0,0,0,1,0,0,0,0,0,0,0,0,0,0,0,0,1,0,1,0,0,0,0,0,0,1,0,0,1,0,0,1
92,1,0,0,5,2,0,1,1,0,0,0,0,0,0,16.17,75.0,2,14000.0,40,0,0,0,0,1,0,0,0,1,0,0,0,0,0,0,1,0,0,1,0,0,0,1,0,0,0,0,0,0,0,0,0,0,0,0,1,0,0,1,0,0,0,0,0,1,0,0,1,1,1,1
93,1,0,1,4,2,1,0,1,0,0,0,0,0,0,20.67,40.4,1,2700.0,40,0,0,0,1,0,0,0,0,0,0,0,0,1,0,0,1,0,0,0,1,0,0,0,1,0,0,1,0,0,0,0,0,0,0,0,0,0,1,0,0,0,0,0,0,0,0,1,1,1,0,1
94,1,1,0,7,2,0,0,1,0,0,0,0,0,0,20.33,60.79,1,3175.0,30,0,0,0,1,0,0,1,0,0,0,0,0,0,0,0,1,0,0,0,1,0,1,0,0,0,0,0,0,0,0,0,0,1,0,0,0,0,0,0,1,0,0,0,1,0,0,0,1,1,0,1
95,1,1,0,99,0,0,0,1,0,0,0,0,0,0,21.58,27.0,1,15000.0,100,1,0,0,0,0,0,0,0,0,0,0,0,1,0,0,1,0,0,0,0,1,1,0,0,0,0,0,0,0,0,0,0,1,0,0,0,1,0,0,0,0,0,0,0,0,0,1,1,0,1,1
96,1,1,0,5,26,1,2,1,0,0,0,0,0,0,20.0,3.0,2,2500.0,76,0,0,0,0,1,0,0,1,0,0,0,0,0,0,0,1,0,0,0,1,0,1,0,0,0,0,0,0,0,0,0,0,0,0,0,1,0,1,0,0,0,0,0,0,0,0,1,1,1,0,1
97,1,1,0,6,4,1,0,1,0,0,0,0,0,0,20.17,48.34,2,6595.0,56,0,0,0,0,1,1,0,0,0,0,0,0,0,1,0,0,0,0,0,1,0,1,0,0,0,0,0,0,0,0,0,0,0,0,0,1,0,1,0,0,0,0,0,0,1,0,0,1,1,0,1
98,1,1,0,5,2,0,1,1,0,0,0,0,0,0,20.33,60.79,1,12642.0,76,0,0,0,1,0,0,0,1,0,0,0,0,0,0,0,1,0,0,0,1,0,1,0,0,0,0,0,0,0,0,0,0,0,0,1,0,1,0,0,0,0,0,0,1,0,0,0,1,1,1,1
99,1,1,1,5,2,0,1,1,0,0,0,0,0,0,20.33,60.79,1,12642.0,120,0,0,0,1,0,0,0,1,0,0,0,0,0,0,0,1,0,0,0,1,0,1,0,0,0,0,0,0,0,0,0,0,0,0,1,0,1,0,0,0,0,0,0,1,0,0,0,1,1,1,1
100,1,1,0,5,26,1,2,1,0,0,0,0,0,0,20.0,3.0,2,2500.0,76,0,0,0,0,1,0,0,1,0,0,0,0,0,0,0,1,0,0,0,1,0,1,0,0,0,0,0,0,0,0,0,0,0,0,0,1,0,1,0,0,0,0,0,0,0,0,1,1,1,0,1
101,1,0,0,5,4,0,4,1,0,0,0,0,0,0,17.33,60.0,1,15000.0,60,1,0,0,0,0,1,0,0,0,0,0,0,0,0,0,1,0,0,1,0,0,1,0,0,0,0,0,0,0,0,0,0,0,0,0,1,0,1,0,0,0,0,0,0,0,1,0,1,1,1,1
102,1,0,0,5,4,0,0,0,1,0,0,0,0,0,17.33,53.0,1,13000.0,60,0,0,0,0,1,1,0,0,0,0,0,0,0,0,0,1,0,0,1,0,0,1,0,0,0,0,1,0,0,0,0,0,0,0,0,0,0,1,0,0,0,0,0,0,0,1,0,1,1,1,1
103,1,0,0,5,1,0,2,1,0,0,0,0,0,0,17.5,50.0,1,12000.0,100,0,0,0,0,1,0,0,1,0,0,0,0,0,0,0,1,0,0,1,0,0,1,0,0,0,1,0,0,0,0,0,0,0,0,0,0,0,0,0,1,0,0,0,0,0,1,0,1,1,1,1
104,1,0,1,6,2,0,2,0,0,0,0,1,0,0,17.5,23.0,1,14000.0,60,0,0,0,0,1,1,0,0,0,0,0,0,0,0,0,1,0,0,1,0,0,1,0,0,0,1,0,0,0,0,0,0,0,0,0,0,0,0,0,0,0,0,1,0,0,1,0,1,1,1,1
105,1,0,1,3,3,0,1,1,0,0,0,0,0,0,19.58,30.0,1,3175.0,39,0,0,0,1,0,0,1,0,0,0,0,0,0,0,0,1,0,0,0,1,0,1,0,0,0,1,0,0,0,0,0,0,0,0,0,0,0,1,0,0,0,0,0,0,0,1,0,1,1,0,1
106,1,0,0,3,12,1,0,0,0,0,0,0,0,1,20.33,29.12,1,15000.0,160,0,0,0,0,1,1,0,0,0,0,0,0,0,0,0,1,0,0,0,1,0,1,0,0,0,0,0,0,1,0,0,0,0,0,0,0,0,1,0,0,0,0,0,0,1,0,0,1,1,1,1
107,1,0,1,9,1,0,1,0,1,0,0,0,0,0,11.5,100.0,2,3000.0,60,0,0,0,0,1,0,0,1,0,0,0,0,0,0,0,0,1,0,0,1,0,1,0,0,0,0,0,0,0,0,0,0,0,0,0,1,0,1,0,0,0,0,0,1,0,0,0,1,0,1,1
108,1,0,1,2,1,0,3,1,0,0,0,0,0,0,15.25,60.0,3,1200.0,290,0,0,0,0,1,0,0,0,0,0,1,0,0,0,0,1,0,0,1,0,0,1,0,0,0,0,0,0,0,0,0,0,0,0,0,1,0,0,1,0,0,0,0,0,0,0,1,1,0,0,1
109,1,0,1,3,3,0,3,0,0,1,0,0,0,0,19.58,30.0,2,1100.0,39,0,0,0,0,1,0,1,0,0,0,0,0,0,0,0,1,0,0,0,1,0,1,0,0,0,0,0,0,0,0,0,0,0,0,0,1,0,1,0,0,0,0,0,0,0,1,0,1,1,1,1
110,1,0,1,5,1,0,0,1,0,0,1,0,0,0,19.0,62.0,1,10000.0,60,1,0,0,0,0,1,0,0,0,0,0,0,0,0,0,1,0,0,0,1,0,1,0,0,0,1,0,0,0,0,0,0,0,0,0,0,0,0,0,1,0,0,0,1,0,0,0,1,1,1,1
111,1,0,1,4,3,0,2,0,0,1,0,0,0,0,19.58,44.57,2,6595.0,90,1,0,0,0,0,1,0,0,0,0,0,0,0,0,0,1,0,0,0,1,0,0,1,0,0,1,0,0,0,0,0,0,0,0,0,0,0,0,0,0,1,0,0,0,0,1,0,1,1,1,1
112,1,0,1,150,0,0,3,0,0,0,1,0,0,0,21.58,150.0,2,4600.0,10,0,0,0,0,1,0,0,0,0,1,0,0,0,0,0,0,1,0,0,0,1,1,0,0,0,0,0,0,0,0,0,0,0,0,0,1,0,1,0,0,0,0,0,1,0,0,0,1,0,0,1
113,1,0,0,15,2,0,0,0,0,1,0,0,0,0,21.0,27.12,1,8400.0,180,0,0,0,0,1,0,0,0,0,0,0,0,1,0,1,0,0,0,0,0,1,1,0,0,0,1,0,0,0,0,0,0,0,0,0,0,0,0,1,0,0,0,0,0,1,0,0,1,1,0,1
114,1,0,0,5,4,1,2,0,0,1,0,0,0,0,20.0,41.0,1,12000.0,90,0,1,0,0,0,0,0,1,0,0,0,0,0,1,0,0,0,0,0,1,0,1,0,0,0,0,1,0,0,0,0,0,0,0,0,0,0,1,0,0,0,0,0,0,1,0,0,1,1,1,1
115,1,0,1,9,2,0,1,0,1,1,0,0,0,0,19.5,120.0,1,12642.0,76,0,0,0,0,1,0,0,1,0,0,0,0,0,0,0,0,1,0,0,1,0,1,0,0,0,1,0,0,0,0,0,0,0,0,0,0,0,0,1,0,0,0,0,1,0,0,0,1,0,1,1
116,1,0,1,5,1,0,1,1,1,0,0,0,0,0,19.58,35.0,2,10600.0,155,0,0,0,0,1,0,0,0,1,0,0,0,0,0,0,1,0,0,0,1,0,1,0,0,0,0,0,0,0,0,0,0,0,0,0,1,0,1,0,0,0,0,0,0,0,1,0,1,1,1,1
117,1,0,0,5,3,1,0,1,0,0,0,0,0,0,5.67,50.0,2,2400.0,10,0,0,0,0,1,1,0,0,0,0,0,0,0,0,0,1,0,0,1,0,0,1,0,0,0,0,0,0,0,0,0,0,0,0,0,1,0,1,0,0,0,0,0,1,0,0,0,1,1,0,1
118,1,0,1,10,0,0,2,1,0,0,0,0,0,0,19.83,55.0,1,9000.0,40,0,0,0,1,0,1,0,0,0,0,0,0,0,0,0,1,0,0,0,1,0,1,0,0,0,1,0,0,0,0,0,0,0,0,0,0,0,0,0,1,0,0,0,0,1,0,0,1,0,1,1
119,1,1,1,5,1,0,2,0,1,0,0,0,0,0,20.08,53.17,1,8400.0,180,0,0,0,0,1,0,0,0,0,0,0,0,1,1,0,0,0,0,0,1,0,1,0,0,0,1,0,0,0,0,0,0,0,0,0,0,0,0,1,0,0,0,0,0,0,0,1,1,0,1,1
120,1,1,1,5,1,0,3,0,1,0,0,0,0,0,20.08,53.17,1,3175.0,39,0,0,0,0,1,0,1,0,0,0,0,0,0,1,0,0,0,0,0,1,0,1,0,0,0,1,0,0,0,0,0,0,0,0,0,0,0,0,0,1,0,0,0,0,0,0,1,1,0,0,1
121,1,1,1,365,2,1,0,0,1,0,0,0,0,0,20.92,26.43,1,8400.0,180,0,0,0,1,0,0,0,0,0,0,0,0,1,0,1,0,0,0,0,1,0,1,0,0,0,1,0,0,0,0,0,0,0,0,0,0,0,0,0,1,0,0,0,1,0,0,0,1,1,0,1
122,1,1,0,12,2,0,2,1,0,0,0,0,0,0,22.0,71.33,1,6595.0,60,0,0,0,0,1,1,0,0,0,0,0,0,0,0,0,0,1,0,0,0,1,0,1,0,0,0,0,0,0,0,0,0,1,0,0,0,0,0,0,0,0,0,1,0,0,0,1,1,1,0,1
123,1,0,1,6,2,1,4,0,0,0,0,1,0,0,18.0,134.57,1,11000.0,30,1,0,0,0,0,1,0,0,0,0,0,0,0,0,0,0,1,0,0,1,0,1,0,0,0,1,0,0,0,0,0,0,0,0,0,0,0,0,1,0,0,0,0,1,0,0,0,1,1,0,1
124,1,0,0,6,2,0,0,0,0,0,0,0,0,1,20.33,29.12,1,6595.0,56,0,0,0,0,1,1,0,0,0,0,0,0,0,0,0,1,0,0,0,1,0,1,0,0,0,1,0,0,0,0,0,0,0,0,0,0,0,0,1,0,0,0,0,0,1,0,0,1,1,1,1
125,1,0,1,6,2,0,1,0,0,0,0,0,0,1,20.33,29.12,1,6595.0,56,0,0,0,0,1,1,0,0,0,0,0,0,0,0,0,1,0,0,0,1,0,1,0,0,0,1,0,0,0,0,0,0,0,0,0,0,0,0,1,0,0,0,0,0,1,0,0,1,1,1,1
126,1,0,0,4,2,1,0,1,0,0,0,0,0,0,20.67,40.4,1,2700.0,40,0,0,0,1,0,0,0,0,0,0,0,0,1,0,0,1,0,0,0,1,0,0,0,1,0,0,0,0,0,0,0,0,1,0,0,0,0,0,1,0,0,0,0,0,0,0,1,1,1,0,1
127,1,0,0,6,2,0,0,0,0,0,0,0,0,1,20.08,60.79,3,8400.0,180,0,0,0,1,0,0,0,0,0,0,0,0,1,0,0,1,0,0,0,1,0,1,0,0,0,1,0,0,0,0,0,0,0,0,0,0,0,0,0,1,0,0,0,1,0,0,0,1,1,0,1
128,1,0,0,4,4,1,1,1,0,0,0,0,0,0,20.5,29.12,1,6595.0,56,0,0,0,0,1,1,0,0,0,0,0,0,0,0,0,1,0,0,0,1,0,1,0,0,0,0,0,0,0,0,0,0,1,0,0,0,0,0,1,0,0,0,0,0,1,0,0,1,1,0,1
129,1,0,1,99,0,0,1,1,0,0,0,0,0,0,21.67,65.0,2,8400.0,180,0,0,0,0,1,0,0,0,0,0,0,0,1,0,0,1,0,0,0,0,1,1,0,0,0,0,0,0,0,0,0,0,0,0,0,1,0,1,0,0,0,0,0,0,0,1,0,0,0,0,1
130,1,0,0,5,2,0,2,1,0,0,1,1,0,0,8.5,56.0,2,3300.0,10,0,0,0,0,1,1,0,0,0,0,0,0,0,0,0,1,0,1,0,0,0,1,0,0,0,0,0,0,0,0,0,0,0,0,0,1,0,0,1,0,0,0,0,0,0,0,1,1,1,0,1
131,1,0,1,10,2,0,4,1,1,1,0,0,0,0,7.75,49.83,1,10000.0,56,0,0,0,0,1,1,0,0,0,0,0,0,0,1,0,0,0,0,0,1,0,0,1,0,1,0,0,0,0,0,0,0,0,0,0,0,0,1,0,0,0,0,0,1,0,0,0,0,0,0,1
133,1,0,1,6,1,0,1,0,0,1,0,0,0,0,20.67,40.0,1,10000.0,60,0,0,0,0,1,0,0,1,0,0,0,0,0,0,0,1,0,0,0,1,0,1,0,0,0,1,0,0,0,0,0,0,0,0,0,0,0,0,1,0,0,0,0,0,0,1,0,1,1,1,1
134,1,1,0,7,2,0,2,1,0,0,0,0,0,0,9.75,60.79,1,12642.0,76,0,0,0,0,1,0,0,1,0,0,0,0,0,0,0,1,0,1,0,0,0,1,0,0,0,0,1,0,0,0,0,0,0,0,0,0,0,0,1,0,0,0,0,1,0,0,0,1,1,0,1
135,1,0,1,6,2,0,0,1,0,0,0,0,0,0,14.08,222.0,2,6595.0,15,0,0,0,0,1,1,0,0,0,0,0,0,0,0,0,0,1,0,1,0,0,1,0,0,0,0,0,0,0,0,0,0,0,0,0,1,0,1,0,0,0,0,0,1,0,0,0,1,0,0,1
136,1,0,1,6,7,0,2,1,0,0,0,0,0,0,7.08,57.0,4,10000.0,20,0,0,0,0,1,0,0,0,0,1,0,0,0,0,0,1,0,0,0,1,0,1,0,0,0,0,0,0,0,0,0,0,0,0,0,1,0,1,0,0,0,0,0,0,1,0,0,1,0,0,1
137,1,0,0,5,8,0,5,0,0,0,0,0,1,0,8.17,14.0,1,8400.0,120,0,0,0,0,1,0,0,0,0,0,0,0,1,0,0,0,1,0,0,1,0,1,0,0,0,0,1,0,0,0,0,0,0,0,0,0,0,1,0,0,0,0,0,0,1,0,0,0,1,0,1
138,1,0,1,5,1,0,1,0,0,0,0,1,0,0,20.67,64.0,1,8000.0,40,0,0,0,0,1,0,0,0,0,1,0,0,0,0,0,1,0,0,0,1,0,1,0,0,0,0,0,1,0,0,0,0,0,0,0,0,1,0,0,0,0,0,0,0,0,1,0,1,1,1,1
139,1,0,1,7,1,0,2,1,0,0,0,0,0,0,19.58,30.0,1,8000.0,39,0,0,0,1,0,0,1,0,0,0,0,0,0,0,0,1,0,0,0,1,0,1,0,0,0,1,0,0,0,0,0,0,0,0,0,0,0,0,1,0,0,0,0,0,0,1,0,1,1,1,1
140,1,0,1,180,1,0,2,1,0,0,0,0,0,0,19.25,29.12,2,27920.0,311,0,0,0,0,1,0,0,0,0,1,0,0,0,0,0,1,0,0,0,1,0,1,0,0,0,0,0,0,0,0,0,0,0,0,0,1,0,1,0,0,0,0,0,0,1,0,0,0,0,0,1
141,1,0,1,5,2,0,3,1,0,0,0,0,0,0,21.67,50.0,1,15000.0,60,1,0,0,0,0,1,0,0,0,0,0,0,0,0,0,1,0,0,0,0,1,1,0,0,0,1,0,0,0,0,0,0,0,0,0,0,0,0,1,0,0,0,0,0,0,1,0,0,1,1,1
142,1,0,1,5,2,1,1,1,0,0,0,0,0,0,21.58,30.0,2,7000.0,40,0,0,0,0,1,1,0,0,0,0,0,0,0,0,0,1,0,0,0,0,1,1,0,0,0,0,0,0,0,0,0,0,0,0,0,1,0,0,1,0,0,0,0,0,0,0,1,0,1,0,1
143,1,0,1,6,2,0,1,1,0,0,0,0,0,0,21.5,30.0,1,2300.0,30,0,0,0,1,0,0,1,0,0,0,0,0,0,0,0,1,0,0,0,0,1,1,0,0,0,0,0,0,1,0,0,0,0,0,0,0,0,0,0,0,1,0,0,0,0,0,1,0,1,1,1
144,1,0,1,150,0,0,0,1,0,0,0,0,0,0,21.0,50.0,1,10600.0,155,0,0,0,0,1,0,0,0,1,0,0,0,0,0,0,1,0,0,0,0,1,1,0,0,0,0,0,0,0,0,0,1,0,0,0,0,0,0,1,0,0,0,0,0,1,0,0,0,0,1,1
145,1,0,1,3,0,0,2,1,0,0,0,0,0,0,17.36,89.0,2,50000.0,390,0,0,0,0,1,0,0,0,0,1,0,0,0,0,0,1,0,0,0,1,0,1,0,0,0,0,0,0,0,0,0,0,0,0,0,1,0,1,0,0,0,0,0,1,0,0,0,1,0,1,1
146,1,1,1,5,2,0,0,0,0,0,0,0,0,1,21.0,49.83,1,6800.0,65,0,0,0,0,1,0,0,0,1,0,0,0,0,1,0,0,0,0,0,0,1,1,0,0,0,0,0,0,0,0,0,0,0,0,0,1,0,1,0,0,0,0,0,1,0,0,0,1,1,1,1
147,1,0,0,5,2,0,0,1,0,0,0,0,0,0,19.83,29.12,2,1050.0,25,0,0,0,0,1,1,0,0,0,0,0,0,0,0,0,1,0,0,0,1,0,1,0,0,0,0,0,0,0,0,0,0,0,0,0,1,0,1,0,0,0,0,0,0,1,0,0,1,1,0,1
148,1,0,1,5,2,0,1,1,0,0,0,0,0,0,19.83,29.12,1,6900.0,40,0,0,0,0,1,1,0,0,0,0,0,0,0,0,0,1,0,0,0,1,0,1,0,0,0,0,0,0,0,0,0,0,0,0,0,1,0,1,0,0,0,0,0,0,1,0,0,1,1,1,1
149,1,0,1,10,1,0,2,0,0,0,1,0,0,0,16.83,50.0,1,8400.0,180,1,0,0,0,0,0,0,0,0,0,0,0,1,0,0,0,1,0,1,0,0,0,1,0,1,0,0,0,0,0,0,0,0,0,0,0,0,0,0,0,0,1,0,0,0,0,1,0,1,1,1
150,1,0,0,5,1,0,5,0,0,0,0,1,0,0,17.33,60.0,1,8000.0,56,0,0,0,0,1,1,0,0,0,0,0,0,0,0,0,1,0,0,1,0,0,1,0,0,0,1,0,0,0,0,0,0,0,0,0,0,0,0,0,1,0,0,0,1,0,0,0,1,0,1,1
151,1,0,1,9,0,0,2,1,0,0,0,0,0,0,17.33,60.0,1,6595.0,56,0,0,0,0,1,1,0,0,0,0,0,0,0,0,0,1,0,0,1,0,0,1,0,0,0,0,0,0,0,0,0,1,0,0,0,0,0,0,1,0,0,0,0,1,0,0,0,1,1,1,1
152,1,0,1,4,4,1,2,1,0,0,0,0,0,0,18.0,50.0,1,56000.0,311,0,0,0,0,1,0,0,0,0,1,0,0,0,0,0,1,0,0,0,1,0,1,0,0,0,0,1,0,0,0,0,0,0,0,0,0,0,0,1,0,0,0,0,0,0,0,1,0,1,1,1
153,1,0,0,5,2,1,1,1,0,0,0,0,0,0,20.08,44.57,2,38000.0,120,0,0,0,0,1,0,0,0,0,1,0,0,0,0,0,1,0,0,0,1,0,1,0,0,0,0,0,0,1,0,0,0,0,0,0,0,0,1,0,0,0,0,0,0,0,1,0,1,1,1,1
154,1,1,0,5,4,1,2,1,0,0,0,0,0,0,17.0,70.0,1,9000.0,15,0,0,0,0,1,1,0,0,0,0,0,0,0,0,0,1,0,0,1,0,0,1,0,0,0,0,0,0,0,0,0,1,0,0,0,0,0,0,0,0,0,0,0,0,1,0,0,1,1,0,1
155,1,1,0,7,3,0,2,0,0,0,0,1,0,0,8.08,50.0,2,6595.0,56,0,0,0,0,1,1,0,0,0,0,0,0,0,0,0,1,0,0,0,1,0,1,0,0,0,0,0,0,0,0,0,0,0,0,0,1,0,1,0,0,0,0,0,0,0,1,0,0,1,0,1
156,1,1,0,3,0,0,4,0,0,1,0,0,0,0,6.83,50.0,1,8400.0,180,0,1,0,0,0,0,0,0,0,0,0,0,1,0,1,0,0,0,0,1,0,1,0,0,0,0,0,0,0,0,0,0,1,0,0,0,0,0,0,0,0,0,1,0,1,0,0,1,0,0,1
157,1,0,0,5,2,0,3,1,0,0,0,0,0,0,20.33,76.0,1,24000.0,90,1,0,0,0,0,1,0,0,0,0,0,0,0,0,0,1,0,0,0,1,0,1,0,0,0,1,0,0,0,0,0,0,0,0,0,0,0,0,0,0,0,1,0,0,1,0,0,0,0,1,1
158,1,0,1,60,1,0,10,0,1,0,0,0,0,0,20.0,30.0,2,1050.0,30,0,0,0,0,1,0,0,1,0,0,0,0,0,1,0,0,0,0,0,1,0,1,0,0,0,0,0,0,0,0,0,0,0,0,0,1,0,1,0,0,0,0,0,0,1,0,0,1,0,1,1
159,1,0,0,6,2,0,0,1,0,0,0,0,0,0,7.92,36.0,1,2500.0,10,0,0,0,0,1,1,0,0,0,0,0,0,0,0,0,1,0,0,0,1,0,1,0,0,0,0,0,0,0,0,1,0,0,0,0,0,0,1,0,0,0,0,0,0,1,0,0,1,1,0,1
160,1,0,1,6,1,0,1,1,0,0,0,0,0,0,19.33,40.0,1,11000.0,20,1,0,0,0,0,1,0,0,0,0,0,0,0,0,0,1,0,0,0,1,0,1,0,0,1,0,0,0,0,0,0,0,0,0,0,0,0,1,0,0,0,0,0,0,0,1,0,1,1,1,1
161,1,0,0,5,1,0,3,0,0,0,1,0,0,0,19.58,31.0,2,1050.0,15,0,0,0,0,1,1,0,0,0,0,0,0,0,0,0,1,0,0,0,1,0,1,0,0,0,0,0,0,0,0,0,0,0,0,0,1,0,0,1,0,0,0,0,0,0,1,0,1,1,1,1
162,1,0,0,5,2,0,3,1,0,0,0,0,0,0,19.58,31.0,1,4300.0,15,1,0,0,0,0,1,0,0,0,0,0,0,0,0,0,1,0,0,0,1,0,1,0,0,0,1,0,0,0,0,0,0,0,0,0,0,0,0,0,0,0,1,0,0,0,1,0,0,1,0,1
163,1,1,0,8,2,0,1,0,0,1,0,0,0,0,17.67,260.0,2,8400.0,180,0,0,0,0,1,0,0,0,0,0,0,0,1,0,1,0,0,0,1,0,0,0,1,0,0,0,0,0,0,0,0,0,0,0,0,1,0,0,0,1,0,0,0,1,0,0,0,0,1,0,1
164,1,1,0,30,1,0,3,1,0,0,0,0,0,0,19.17,50.0,2,10000.0,56,0,0,0,0,1,1,0,0,0,0,0,0,0,0,0,1,0,0,0,1,0,1,0,0,0,0,0,0,0,0,0,0,0,0,0,1,0,1,0,0,0,0,0,0,1,0,0,1,1,0,1
165,1,0,0,6,3,0,2,1,0,1,0,0,0,0,17.67,50.0,1,15000.0,56,1,0,0,0,0,1,0,0,0,0,0,0,0,0,0,1,0,0,1,0,0,1,0,0,0,1,0,0,0,0,0,0,0,0,0,0,0,0,0,0,1,0,0,1,0,0,0,1,1,1,1
166,1,0,0,6,2,0,1,1,0,0,0,0,0,0,8.58,45.0,2,24000.0,110,0,0,0,0,1,0,0,0,0,1,0,0,0,0,0,1,0,0,0,1,0,1,0,0,0,0,0,0,0,0,0,0,0,0,0,1,0,0,1,0,0,0,0,1,0,0,0,0,1,1,1
167,1,0,0,10,0,0,3,0,1,0,0,0,0,0,19.25,45.0,1,14000.0,35,1,0,0,0,0,0,0,0,0,0,0,0,1,1,0,0,0,0,0,1,0,1,0,0,0,0,0,0,0,0,0,1,0,0,0,0,0,0,0,0,0,1,0,1,0,0,0,1,0,0,1
168,1,0,0,7,1,0,2,0,0,0,0,0,1,0,19.58,56.0,2,2700.0,5,0,0,0,0,1,1,0,0,0,0,0,0,0,0,0,1,0,0,0,1,0,1,0,0,0,0,0,0,0,0,0,0,0,0,0,1,0,0,1,0,0,0,0,0,0,1,0,1,1,0,1
169,1,0,1,5,2,0,2,0,1,0,0,0,0,0,16.55,28.0,2,6595.0,20,0,0,0,0,1,1,0,0,0,0,0,0,0,1,0,0,0,0,1,0,0,1,0,0,0,0,0,0,0,0,0,0,0,0,0,1,0,0,1,0,0,0,0,1,0,0,0,1,1,0,1
170,1,0,0,60,2,0,2,1,0,0,0,0,0,0,8.17,60.79,2,5000.0,15,0,0,0,0,1,1,0,0,0,0,0,0,0,0,0,1,0,0,1,0,0,1,0,0,0,0,0,0,0,0,0,0,0,0,0,1,0,0,1,0,0,0,0,1,0,0,0,1,1,0,1
171,1,0,0,10,1,0,3,0,0,0,0,1,0,0,20.75,53.0,2,1200.0,30,0,0,0,0,1,1,0,0,0,0,0,0,0,0,0,1,0,0,0,1,0,1,0,0,0,0,0,0,0,0,0,0,0,0,0,1,0,1,0,0,0,0,0,0,0,0,1,1,1,0,1
172,1,0,1,7,2,0,0,0,0,1,0,0,0,0,19.58,56.0,2,2000.0,60,0,0,0,0,1,0,0,1,0,0,0,0,0,0,0,1,0,0,0,1,0,1,0,0,0,0,0,0,0,0,0,0,0,0,0,1,0,1,0,0,0,0,0,0,0,1,0,1,1,1,1
173,1,0,0,5,2,0,1,1,0,0,0,0,0,0,21.92,58.0,2,6595.0,56,0,0,0,0,1,1,0,0,0,0,0,0,0,0,0,1,0,0,0,0,1,1,0,0,0,0,0,0,0,0,0,0,0,0,0,1,0,1,0,0,0,0,0,0,0,1,0,1,1,0,1
174,1,0,1,5,0,0,7,1,0,0,0,0,0,0,21.33,29.12,1,15000.0,70,0,0,0,0,1,1,0,0,0,0,0,0,0,0,0,1,0,0,0,0,1,0,1,0,1,0,0,0,0,0,0,0,0,0,0,0,0,0,0,0,0,1,0,0,1,0,0,1,0,1,1
175,1,0,1,10,0,0,3,0,0,0,0,1,0,0,20.75,53.0,2,1200.0,30,0,0,0,0,1,1,0,0,0,0,0,0,0,0,0,1,0,0,0,1,0,1,0,0,0,0,0,0,0,0,0,0,0,0,0,1,0,1,0,0,0,0,0,0,0,0,1,1,1,0,1
176,1,0,1,16,0,0,3,1,0,0,0,0,0,0,17.83,69.0,1,4000.0,10,1,0,0,0,0,1,0,0,0,0,0,0,0,0,0,1,0,0,1,0,0,1,0,0,0,0,0,0,0,0,1,0,0,0,0,0,0,0,0,1,0,0,0,1,0,0,0,1,1,0,1
177,1,1,0,5,2,0,2,0,1,0,0,0,0,0,16.55,28.0,2,2000.0,30,0,0,0,0,1,0,0,1,0,0,0,0,0,1,0,0,0,0,1,0,0,1,0,0,0,0,0,0,0,0,0,0,0,0,0,1,0,1,0,0,0,0,0,1,0,0,0,1,1,1,1
178,1,1,0,60,2,0,0,1,0,0,0,0,0,0,20.17,60.79,2,5000.0,15,0,0,0,0,1,1,0,0,0,0,0,0,0,0,0,1,0,0,0,1,0,1,0,0,0,0,0,0,0,0,0,0,0,0,0,1,0,1,0,0,0,0,0,1,0,0,0,1,1,0,1
179,1,1,1,60,0,0,1,1,0,0,0,0,0,0,18.08,82.0,1,4000.0,20,1,0,0,0,0,1,0,0,0,0,0,0,0,0,0,1,0,0,0,1,0,1,0,0,0,1,0,0,0,0,0,0,0,0,0,0,0,0,0,1,0,0,0,1,0,0,0,1,0,0,1
180,1,1,0,5,2,0,1,1,0,0,0,0,0,0,21.92,58.0,2,6595.0,56,0,0,0,0,1,1,0,0,0,0,0,0,0,0,0,1,0,0,0,0,1,1,0,0,0,0,0,0,0,0,0,0,0,0,0,1,0,1,0,0,0,0,0,0,0,1,0,1,1,0,1
181,1,1,0,7,3,0,0,1,0,0,0,0,0,0,20.08,50.0,2,6595.0,56,0,0,0,0,1,1,0,0,0,0,0,0,0,0,0,1,0,0,0,1,0,1,0,0,0,0,0,0,0,0,0,0,0,0,0,1,0,1,0,0,0,0,0,0,0,1,0,1,1,0,1
182,1,0,1,12,1,0,5,1,0,0,0,0,0,0,16.17,30.0,1,2000.0,30,0,1,0,0,0,1,0,0,0,0,0,0,0,0,0,1,0,0,1,0,0,1,0,0,0,1,0,0,0,0,0,0,0,0,0,0,0,0,0,1,0,0,0,0,1,0,0,1,1,0,1
183,1,1,1,5,6,1,3,1,0,0,0,0,0,0,20.33,50.0,1,6595.0,56,1,0,0,0,0,1,0,0,0,0,0,0,0,0,0,1,0,0,0,1,0,0,1,0,0,0,0,0,1,0,0,0,0,0,0,0,0,0,0,0,0,1,0,1,0,0,0,1,1,0,1
184,1,1,1,7,1,0,0,0,1,0,0,0,0,0,20.0,48.34,1,3175.0,39,0,0,0,0,1,0,1,0,0,0,0,0,0,1,0,0,0,0,0,1,0,1,0,0,0,1,0,0,0,0,0,0,0,0,0,0,0,0,0,0,1,0,0,0,1,0,0,1,1,0,1
185,1,0,1,6,8,1,0,1,0,0,0,0,0,0,20.0,78.0,1,3175.0,60,0,0,0,1,0,0,1,0,0,0,0,0,0,1,0,0,0,0,0,1,0,1,0,0,0,0,0,0,0,0,0,1,0,0,0,0,0,0,1,0,0,0,0,0,1,0,0,1,1,0,1
186,1,0,1,7,2,0,1,1,0,0,0,0,0,0,17.67,70.0,2,10000.0,20,0,0,0,0,1,0,0,1,0,0,0,0,0,0,0,1,0,0,1,0,0,1,0,0,0,0,0,0,0,0,0,0,0,0,0,1,0,1,0,0,0,0,0,1,0,0,0,0,1,0,1
187,1,0,1,7,1,0,2,1,0,0,0,0,0,0,20.5,50.0,2,1000.0,56,0,0,0,0,1,1,0,0,0,0,0,0,0,1,0,0,0,0,0,1,0,1,0,0,0,0,0,0,0,0,0,0,0,0,0,1,0,0,1,0,0,0,0,0,0,0,1,1,1,0,1
188,1,1,0,6,1,1,2,0,1,0,0,0,0,0,8.5,66.0,2,50000.0,311,0,0,0,0,1,0,0,0,0,1,0,0,0,1,0,0,0,0,0,1,0,0,1,0,0,0,0,0,0,0,0,0,0,0,0,1,0,1,0,0,0,0,0,0,1,0,0,1,1,1,1
189,1,0,1,5,2,0,1,1,0,0,0,0,0,0,20.58,45.0,2,24000.0,65,0,0,0,0,1,0,0,0,0,1,0,0,0,0,0,1,0,0,0,1,0,1,0,0,0,0,0,0,0,0,0,0,0,0,0,1,0,1,0,0,0,0,0,1,0,0,0,1,1,1,1
190,1,0,0,7,2,0,7,1,0,0,0,0,0,0,20.5,50.0,1,8400.0,180,0,0,0,1,0,0,0,0,0,0,0,0,1,1,0,0,0,0,0,1,0,0,1,0,0,1,0,0,0,0,0,0,0,0,0,0,0,0,1,0,0,0,0,0,0,0,1,1,1,0,1
191,1,0,1,3,3,0,2,0,0,0,0,1,0,0,17.75,20.0,1,6595.0,56,0,0,0,0,1,1,0,0,0,0,0,0,0,0,1,0,0,0,1,0,0,1,0,0,0,1,0,0,0,0,0,0,0,0,0,0,0,0,0,0,1,0,0,0,0,0,1,1,1,0,1
192,1,1,0,6,1,0,1,0,0,1,0,0,0,0,5.67,60.79,1,50000.0,180,0,0,0,1,0,0,0,0,0,1,0,0,0,0,0,1,0,0,1,0,0,1,0,0,0,0,0,0,0,0,1,0,0,0,0,0,0,1,0,0,0,0,0,1,0,0,0,1,1,1,1
193,1,0,1,90,1,0,4,1,0,0,0,0,0,0,17.0,45.0,2,10000.0,60,0,0,0,0,1,0,0,0,0,1,0,0,0,1,0,0,0,0,1,0,0,1,0,0,0,0,0,0,0,0,0,0,0,0,0,1,0,1,0,0,0,0,0,0,1,0,0,1,0,0,1
194,1,0,0,15,1,0,3,1,0,0,0,0,0,0,6.08,50.0,2,8000.0,30,0,0,0,0,1,0,0,0,0,0,0,0,1,0,0,1,0,0,1,0,0,1,0,0,0,0,0,0,0,0,0,0,0,0,0,1,0,0,1,0,0,0,0,0,0,0,1,1,1,0,1
195,1,0,1,4,0,0,6,0,0,0,0,0,1,0,18.67,50.0,1,5900.0,10,0,1,0,0,0,1,0,0,0,0,0,0,0,0,0,1,0,0,0,1,0,1,0,0,0,0,0,1,0,0,0,0,0,0,0,0,0,0,0,1,0,0,0,1,0,0,0,0,1,0,1
196,1,0,0,6,0,0,0,0,1,0,0,0,0,0,11.75,27.0,2,1100.0,25,0,0,0,0,1,1,0,0,0,0,0,0,0,0,0,1,0,0,0,0,1,1,0,0,0,0,0,0,0,0,0,0,0,0,0,1,0,0,1,0,0,0,0,0,0,0,1,0,1,1,1
197,1,0,0,100,1,0,2,1,0,0,0,0,0,0,20.58,56.0,1,16000.0,60,0,0,0,1,0,1,0,0,0,0,0,0,0,0,0,1,0,0,0,1,0,1,0,0,0,0,0,0,0,0,0,1,0,0,0,0,0,0,0,0,1,0,0,1,0,0,0,0,0,1,1
198,1,0,1,5,3,0,2,0,0,0,0,0,1,0,17.36,40.0,1,6000.0,20,0,0,0,0,1,1,0,0,0,0,0,0,0,0,0,1,0,1,0,0,0,1,0,0,0,1,0,0,0,0,0,0,0,0,0,0,0,0,0,1,0,0,0,0,0,1,0,1,0,0,1
199,1,0,0,20,2,1,3,1,0,0,0,0,0,0,18.17,35.0,2,12642.0,60,0,0,0,0,1,0,0,1,0,0,0,0,0,1,0,0,0,0,0,1,0,1,0,0,0,0,0,0,0,0,0,0,0,0,0,1,0,1,0,0,0,0,0,0,0,0,1,1,1,1,1
200,1,1,0,6,12,1,1,1,0,0,0,0,0,0,9.33,40.4,2,8500.0,30,0,0,0,0,1,0,0,1,0,0,0,0,0,0,0,1,0,1,0,0,0,0,0,1,0,0,0,0,0,0,0,0,0,0,0,1,0,1,0,0,0,0,0,0,0,0,1,1,1,0,1
201,1,0,0,5,3,0,1,1,0,1,0,0,0,0,15.5,11.0,1,30000.0,90,1,0,0,0,0,0,0,1,0,0,0,0,0,0,1,0,0,0,1,0,0,1,0,0,0,0,0,0,0,0,1,0,0,0,0,0,0,0,0,1,0,0,0,0,0,1,0,1,1,0,1
202,1,1,1,4,11,1,1,1,0,0,0,0,0,0,17.67,60.79,1,12642.0,76,1,0,0,0,0,0,0,1,0,0,0,0,0,0,0,1,0,0,1,0,0,1,0,0,0,0,0,0,0,0,0,0,0,0,0,1,0,1,0,0,0,0,0,1,0,0,0,1,1,0,1
203,1,0,0,10,0,0,1,0,0,0,0,0,1,0,16.36,57.0,1,4500.0,80,0,0,0,1,0,1,0,0,0,0,0,0,0,1,0,0,0,0,1,0,0,1,0,0,0,0,1,0,0,0,0,0,0,0,0,0,0,0,1,0,0,0,0,1,0,0,0,1,1,0,1
204,1,0,0,15,3,0,2,1,0,0,0,0,0,0,17.36,40.4,1,12642.0,76,0,0,0,0,1,0,0,1,0,0,0,0,0,0,0,1,0,1,0,0,0,1,0,0,0,1,0,0,0,0,0,0,0,0,0,0,0,1,0,0,0,0,0,0,0,0,1,1,1,0,1
205,1,0,0,37,10,0,2,0,0,1,0,0,0,0,21.0,52.0,1,1200.0,60,0,0,0,1,0,1,0,0,0,0,0,0,0,0,1,0,0,0,0,0,1,1,0,0,0,0,0,0,0,0,0,1,0,0,0,0,0,1,0,0,0,0,0,0,1,0,0,1,1,0,1
206,1,0,0,4,2,0,2,0,0,1,0,0,0,0,14.79,26.43,1,12642.0,76,0,0,0,0,1,0,0,1,0,0,0,0,0,0,1,0,0,0,0,0,1,1,0,0,0,0,0,0,0,0,0,0,0,0,0,1,0,0,1,0,0,0,0,1,0,0,0,1,1,0,1
207,1,0,0,10,3,1,1,1,0,0,0,0,0,0,20.0,100.0,2,20.0,76,0,0,0,0,1,0,0,1,0,0,0,0,0,0,0,1,0,0,0,1,0,1,0,0,0,0,0,0,0,0,0,0,0,0,0,1,0,1,0,0,0,0,0,0,1,0,0,1,1,0,1
208,1,0,0,3,2,0,1,1,0,0,0,0,0,0,20.58,60.79,1,12642.0,76,0,0,0,0,1,0,0,1,0,0,0,0,0,0,0,1,0,0,0,1,0,1,0,0,0,0,0,0,0,0,0,0,0,0,0,1,0,1,0,0,0,0,0,1,0,0,0,1,1,1,1
209,1,0,0,20,1,1,0,0,1,0,0,0,0,0,8.0,52.0,1,12642.0,90,0,1,0,0,0,0,0,1,0,0,0,0,0,1,0,0,0,0,0,1,0,1,0,0,0,0,1,0,0,0,0,0,0,0,0,0,0,0,1,0,0,0,0,0,1,0,0,0,1,0,1
210,1,1,0,4,2,0,4,1,1,0,0,0,0,0,20.33,50.0,1,12642.0,60,1,0,0,0,0,0,0,1,0,0,0,0,0,0,0,1,0,0,0,1,0,1,0,0,0,0,0,0,1,0,0,0,0,0,0,0,0,0,0,1,0,0,0,1,0,0,0,1,1,0,1
211,1,0,0,99,1,0,1,0,0,1,0,0,0,0,9.0,30.0,2,1050.0,20,0,0,0,0,1,0,0,1,0,0,0,0,0,0,1,0,0,0,0,0,1,1,0,0,0,0,0,0,0,0,0,0,0,0,0,1,0,0,1,0,0,0,0,0,1,0,0,1,0,1,1
212,1,0,1,365,1,0,1,0,1,0,0,0,0,0,18.83,53.17,1,6595.0,80,0,0,0,0,1,1,0,0,0,0,0,0,0,1,0,0,0,0,0,1,0,1,0,0,0,0,0,0,0,0,0,1,0,0,0,0,0,0,1,0,0,0,0,0,0,0,1,1,0,0,1
213,1,0,0,15,1,0,1,0,0,1,0,0,0,0,20.92,36.0,2,1050.0,30,0,0,0,0,1,0,0,1,0,0,0,0,0,0,1,0,0,0,0,1,0,1,0,0,0,0,0,0,0,0,0,0,0,0,0,1,0,0,1,0,0,0,0,1,0,0,0,1,1,1,1
214,1,0,0,5,2,0,1,1,0,0,0,0,0,0,20.33,29.12,2,6595.0,56,0,0,0,0,1,1,0,0,0,0,0,0,0,0,0,1,0,0,0,1,0,1,0,0,0,0,0,0,0,0,0,0,0,0,0,1,0,0,1,0,0,0,0,0,1,0,0,1,1,0,1
215,1,0,0,8,4,0,1,1,0,0,0,0,0,0,20.5,40.0,1,1200.0,390,0,0,0,0,1,0,0,0,0,0,1,0,0,1,0,0,0,0,0,1,0,1,0,0,0,0,0,0,0,0,0,1,0,0,0,0,0,1,0,0,0,0,0,0,1,0,0,1,1,1,1
216,1,1,0,3,6,1,1,1,0,0,0,0,0,0,20.0,48.34,1,12642.0,76,0,0,0,0,1,0,0,1,0,0,0,0,0,1,0,0,0,0,0,1,0,1,0,0,0,0,0,0,0,0,0,0,1,0,0,0,1,0,0,0,0,0,0,0,1,0,0,1,1,0,1
217,1,1,0,7,4,1,1,1,0,0,0,0,0,0,17.36,50.0,1,12642.0,90,1,0,0,0,0,0,0,1,0,0,0,0,0,0,0,1,0,0,0,0,1,1,0,0,0,1,0,0,0,0,0,0,0,0,0,0,0,1,0,0,0,0,0,0,0,0,1,1,1,0,1
218,1,0,0,4,3,1,1,1,0,0,0,0,0,0,20.33,60.79,1,12642.0,76,1,0,0,0,0,0,0,1,0,0,0,0,0,0,0,1,0,0,0,1,0,1,0,0,0,0,0,0,0,0,0,0,0,0,0,1,0,1,0,0,0,0,0,1,0,0,0,1,1,0,1
219,1,1,0,7,4,1,1,1,0,0,0,0,0,0,17.36,50.0,1,6595.0,90,1,0,0,0,0,1,0,0,0,0,0,0,0,0,0,1,0,0,0,0,1,1,0,0,0,0,0,0,0,0,1,0,0,0,0,0,0,1,0,0,0,0,0,0,0,0,1,1,1,0,1
220,1,1,0,3,4,1,1,1,0,0,0,0,0,0,20.17,48.34,1,12642.0,120,0,0,0,0,1,0,0,1,0,0,0,0,0,1,0,0,0,0,0,1,0,1,0,0,0,0,0,0,0,0,0,0,1,0,0,0,1,0,0,0,0,0,0,0,1,0,0,1,1,0,1
221,1,0,0,4,3,0,3,1,1,1,0,0,0,0,20.75,20.0,3,12642.0,76,0,0,0,0,1,0,0,1,0,0,0,0,0,0,0,1,0,0,0,1,0,1,0,0,0,0,0,0,0,0,0,0,0,0,0,1,0,1,0,0,0,0,0,0,0,0,1,1,1,0,1
222,1,0,1,14,2,0,6,0,1,1,0,0,0,0,20.0,34.0,1,3175.0,39,0,0,0,1,0,0,1,0,0,0,0,0,0,1,0,0,0,0,0,1,0,1,0,0,0,0,0,0,1,0,0,0,0,0,0,0,0,0,1,0,0,0,0,0,0,0,1,1,0,0,1
223,1,0,1,10,5,0,3,1,0,0,0,0,0,0,8.33,40.0,1,6595.0,50,0,1,0,0,0,1,0,0,0,0,0,0,0,0,0,1,0,0,0,0,1,1,0,0,1,0,0,0,0,0,0,0,0,0,0,0,0,0,1,0,0,0,0,0,1,0,0,1,1,0,1
224,1,0,1,180,0,0,0,0,0,0,0,0,0,1,20.0,48.34,2,6595.0,56,0,0,0,1,0,1,0,0,0,0,0,0,0,1,0,0,0,0,0,1,0,1,0,0,0,0,0,0,0,0,0,1,0,0,0,0,0,0,1,0,0,0,0,0,1,0,0,1,0,0,1
225,1,0,0,730,0,0,0,0,0,0,0,0,0,1,21.0,27.12,1,4000.0,40,0,0,0,1,0,1,0,0,0,0,0,0,0,0,1,0,0,0,0,0,1,1,0,0,0,0,0,0,0,0,0,1,0,0,0,0,0,1,0,0,0,0,0,0,1,0,0,1,0,0,1
226,1,0,0,6,2,1,0,1,0,0,0,0,0,0,18.08,134.57,1,11000.0,30,0,0,0,0,1,1,0,0,0,0,0,0,0,0,0,0,1,0,0,1,0,1,0,0,0,1,0,0,0,0,0,0,0,0,0,0,0,0,1,0,0,0,0,1,0,0,0,1,1,0,1
227,1,0,0,4,4,0,1,1,0,0,0,0,0,0,20.33,29.12,1,15000.0,60,0,0,0,1,0,1,0,0,0,0,0,0,0,0,0,1,0,0,0,1,0,1,0,0,0,1,0,0,0,0,0,0,0,0,0,0,0,1,0,0,0,0,0,0,1,0,0,1,1,1,1
228,1,0,0,5,7,0,2,1,0,0,0,0,0,0,8.07,70.0,1,6595.0,56,0,0,0,1,0,1,0,0,0,0,0,0,0,0,0,1,0,0,0,1,0,1,0,0,0,0,0,0,0,0,1,0,0,0,0,0,0,1,0,0,0,0,0,0,0,1,0,1,1,0,1
229,0,0,1,10,1,0,3,0,0,1,0,0,0,0,15.5,70.0,1,7850.0,60,0,0,0,0,1,0,0,1,0,0,0,0,0,0,1,0,0,0,1,0,0,1,0,0,0,0,0,0,0,0,1,0,0,0,0,0,0,0,1,0,0,0,0,0,1,0,0,0,1,0,1
230,0,0,0,7,0,0,4,0,0,1,0,0,0,0,15.5,70.0,1,20314.0,60,0,0,0,0,1,0,0,0,0,0,0,0,1,0,1,0,0,0,1,0,0,1,0,0,0,0,0,0,0,0,0,0,0,0,0,1,0,0,0,0,0,0,1,0,1,0,0,1,1,0,1
231,0,1,0,10,1,0,5,0,0,1,0,0,0,0,14.5,23.0,1,17000.0,40,0,0,0,1,0,0,0,0,0,0,0,0,1,0,1,0,0,0,1,0,0,1,0,0,0,0,0,0,0,0,0,0,1,0,0,0,1,0,0,0,0,0,0,0,0,1,0,1,1,0,1
232,0,0,1,50,2,0,2,0,1,0,0,0,0,0,19.83,67.0,2,1650.0,40,0,1,0,0,0,1,0,0,0,0,0,0,0,1,0,0,0,0,0,1,0,0,0,1,1,0,0,0,0,0,0,0,0,0,0,0,1,0,0,0,0,0,0,0,0,0,1,0,0,0,1
233,0,0,1,90,1,0,2,0,1,0,0,0,0,0,16.0,30.0,1,8400.0,80,0,0,0,0,1,0,0,0,1,0,0,0,0,1,0,0,0,0,1,0,0,1,0,0,0,0,0,0,0,0,0,0,0,0,0,1,0,1,0,0,0,0,0,0,1,0,0,1,0,0,1
234,0,0,1,50,0,0,1,0,1,0,0,0,0,0,19.75,30.0,1,10000.0,40,0,0,0,1,0,0,0,0,0,0,0,0,1,1,0,0,0,0,0,1,0,1,0,0,0,0,0,0,0,0,0,1,0,0,0,0,1,0,0,0,0,0,0,0,0,0,1,0,0,1,1
235,0,0,1,120,7,0,6,0,1,0,0,0,0,0,19.92,89.0,1,25787.0,30,0,0,0,0,1,0,0,0,0,1,0,0,0,1,0,0,0,0,0,1,0,0,1,0,0,1,0,0,0,0,0,0,0,0,0,0,0,0,0,0,0,1,0,0,0,0,1,1,0,0,1
236,0,0,0,4,1,0,3,0,0,1,0,0,0,0,19.75,55.25,1,5000.0,60,0,0,0,1,0,0,0,0,0,0,0,0,1,1,0,0,0,0,0,1,0,1,0,0,0,0,0,0,0,0,0,1,0,0,0,0,0,0,0,1,0,0,0,0,0,0,1,0,1,1,1
237,0,0,0,5,2,0,2,1,1,0,0,0,0,0,19.75,86.0,1,22800.0,60,0,0,0,1,0,0,0,0,0,0,0,0,1,1,0,0,0,0,0,1,0,1,0,0,0,1,0,0,0,0,0,0,0,0,0,0,0,0,1,0,0,0,0,0,0,0,1,0,1,0,1
238,0,1,0,365,0,0,2,0,0,1,0,0,0,0,20.0,36.22,1,20000.0,40,0,0,1,0,0,0,0,0,0,0,0,0,1,0,1,0,0,0,0,1,0,1,0,0,0,0,0,0,0,0,0,0,1,0,0,0,1,0,0,0,0,0,0,0,1,0,0,1,0,0,1
239,0,0,1,4,0,0,7,0,1,1,0,0,0,0,19.5,87.0,1,20600.0,30,0,0,0,1,0,0,0,0,0,0,0,0,1,1,0,0,0,0,0,1,0,1,0,0,0,0,0,0,1,0,0,0,0,0,0,0,0,0,0,0,1,0,0,0,0,0,1,0,0,0,1
240,0,0,1,4,1,0,2,0,0,0,0,0,1,0,19.0,70.0,1,20314.0,90,0,0,0,0,1,0,0,0,0,0,0,0,1,0,1,0,0,0,0,1,0,1,0,0,1,0,0,0,0,0,0,0,0,0,0,0,0,0,1,0,0,0,0,1,0,0,0,0,0,0,1
241,0,1,1,3,0,0,5,0,1,0,0,0,0,0,19.75,50.0,1,5866.0,60,1,0,0,0,0,1,0,0,0,0,0,0,0,1,0,0,0,0,0,1,0,1,0,0,1,0,0,0,0,0,0,0,0,0,0,0,0,0,0,0,1,0,0,0,0,0,1,1,0,0,1
242,0,0,0,7,1,0,0,0,1,0,0,0,0,0,19.33,24.0,1,2000.0,30,0,0,0,1,0,0,0,0,0,0,0,0,1,1,0,0,0,0,0,1,0,1,0,0,0,1,0,0,0,0,0,0,0,0,0,0,0,0,1,0,0,0,0,0,0,0,1,0,1,0,1
243,0,1,1,9,1,0,1,0,0,1,0,0,0,0,19.25,20.0,1,4000.0,60,0,0,0,1,0,1,0,0,0,0,0,0,0,0,1,0,0,0,0,1,0,1,0,0,0,0,0,0,0,0,0,0,0,1,0,0,0,0,1,0,0,0,0,0,0,0,1,1,1,0,1
244,0,1,0,9,1,0,2,0,1,0,0,0,0,0,19.25,20.0,1,4000.0,60,0,1,0,0,0,1,0,0,0,0,0,0,0,0,1,0,0,0,0,1,0,1,0,0,0,0,0,0,0,0,0,0,1,0,0,0,0,0,1,0,0,0,0,0,0,0,1,1,1,0,1
245,0,0,1,365,4,0,2,1,0,0,0,0,0,0,16.67,36.22,1,5866.0,40,0,0,0,0,1,1,0,0,0,0,0,0,0,0,1,0,0,0,0,1,0,1,0,0,0,0,0,0,0,0,0,1,0,0,0,0,0,0,0,0,0,0,1,0,1,0,0,1,1,0,1
246,0,1,0,5,1,0,5,0,0,1,0,0,0,0,16.5,40.0,1,23500.0,30,1,0,0,0,0,0,0,0,0,0,0,0,1,0,1,0,0,0,1,0,0,1,0,0,0,0,0,0,0,0,0,0,1,0,0,0,0,0,0,0,1,0,0,1,0,0,0,1,1,0,1
247,0,1,1,3,4,0,4,1,1,1,0,0,0,0,16.25,35.0,1,15000.0,60,0,0,0,0,1,1,0,0,0,0,0,0,0,0,1,0,0,0,1,0,0,1,0,0,1,0,0,0,0,0,0,0,0,0,0,0,0,0,1,0,0,0,0,0,1,0,0,0,0,0,1
248,0,0,1,7,1,0,1,0,1,0,0,0,0,0,16.0,52.93,1,20314.0,60,0,0,0,0,1,0,0,0,0,0,0,0,1,1,0,0,0,0,1,0,0,1,0,0,0,0,0,0,0,0,0,0,0,0,0,1,0,0,1,0,0,0,0,0,1,0,0,1,0,0,1
249,0,0,0,30,0,0,2,0,1,0,0,0,0,0,16.0,52.93,1,12000.0,90,0,1,0,0,0,0,0,1,0,0,0,0,0,1,0,0,0,0,1,0,0,1,0,0,0,0,0,0,0,0,0,1,0,0,0,0,0,0,1,0,0,0,0,0,1,0,0,1,1,1,1
250,0,0,1,5,4,0,5,1,0,0,0,0,0,0,16.25,37.0,1,14400.0,60,0,0,0,0,1,0,0,0,0,0,0,0,1,1,0,0,0,0,1,0,0,1,0,0,0,0,0,0,0,1,0,0,0,0,0,0,0,0,1,0,0,0,0,1,0,0,0,0,1,0,1
251,0,1,1,3,0,0,10,1,0,0,0,0,0,0,20.0,50.0,1,50000.0,60,0,0,0,0,1,0,0,0,0,0,0,0,1,0,1,0,0,0,0,1,0,0,1,0,0,0,0,0,1,0,0,0,0,0,0,0,0,0,0,0,1,0,0,0,1,0,0,1,0,0,1
252,0,0,1,4,0,0,1,0,0,1,0,0,0,0,20.0,50.0,1,2000.0,40,0,0,0,0,1,0,0,1,0,0,0,0,0,0,1,0,0,0,0,1,0,1,0,0,0,0,0,0,0,0,0,1,0,0,0,0,0,1,0,0,0,0,0,0,1,0,0,1,1,0,1
253,0,0,0,3,1,0,4,0,0,1,0,0,0,0,17.83,50.0,1,5866.0,40,1,0,0,0,0,1,0,0,0,0,0,0,0,0,1,0,0,0,1,0,0,1,0,0,0,1,0,0,0,0,0,0,0,0,0,0,0,0,0,1,0,0,0,0,1,0,0,1,1,0,1
254,0,0,1,5,1,0,3,0,0,1,0,0,0,0,20.0,70.0,1,25000.0,60,0,1,0,0,0,0,0,0,0,0,0,0,1,0,1,0,0,0,0,1,0,1,0,0,0,1,0,0,0,0,0,0,0,0,0,0,0,0,0,1,0,0,0,0,1,0,0,1,0,1,1
255,0,0,0,99,2,0,3,0,0,1,0,0,0,0,20.0,35.0,1,14000.0,30,0,1,0,0,0,1,0,0,0,0,0,0,0,0,1,0,0,0,0,1,0,1,0,0,0,1,0,0,0,0,0,0,0,0,0,0,0,0,0,1,0,0,0,0,1,0,0,0,1,0,1
256,0,0,1,2,2,0,3,0,0,0,0,0,1,0,19.0,33.48,1,20000.0,60,0,0,0,0,1,1,0,0,0,0,0,0,0,0,1,0,0,0,0,1,0,1,0,0,0,0,0,0,0,0,0,1,0,0,0,0,0,0,1,0,0,0,0,1,0,0,0,1,0,0,1
257,0,1,1,4,34,1,2,0,0,1,0,1,0,0,20.5,30.0,1,1250.0,50,0,1,0,0,0,0,1,0,0,0,0,0,0,0,1,0,0,0,0,1,0,1,0,0,0,0,0,0,1,0,0,0,0,0,0,0,0,0,1,0,0,0,0,1,0,0,0,0,0,0,1
258,0,0,0,99,2,0,4,1,0,0,0,0,0,0,20.02,36.22,1,23000.0,60,0,1,0,0,0,1,0,0,0,0,0,0,0,0,1,0,0,0,0,1,0,1,0,0,0,0,0,0,0,0,0,0,0,0,1,0,0,0,1,0,0,0,0,0,1,0,0,0,1,0,1
259,0,0,1,3,1,0,15,0,0,1,0,0,0,0,20.25,90.0,1,27000.0,70,1,0,0,0,0,0,0,0,0,0,0,0,1,0,1,0,0,0,0,1,0,1,0,0,1,0,0,0,0,0,0,0,0,0,0,0,0,0,0,0,1,0,0,0,1,0,0,0,0,0,1
260,0,0,1,7,0,0,1,0,0,1,0,0,0,0,19.5,30.0,1,1500.0,30,0,0,0,0,1,1,0,0,0,0,0,0,0,0,1,0,0,0,0,1,0,1,0,0,0,0,0,0,0,0,0,1,0,0,0,0,1,0,0,0,0,0,0,0,1,0,0,1,1,0,1
261,0,0,1,7,1,0,2,0,0,1,0,0,0,0,20.08,40.0,1,1500.0,20,1,0,0,0,0,1,0,0,0,0,0,0,0,0,1,0,0,0,0,1,0,1,0,0,0,1,0,0,0,0,0,0,0,0,0,0,0,1,0,0,0,0,0,0,1,0,0,1,0,0,1
262,0,0,1,7,4,0,10,0,1,0,0,0,0,0,19.33,78.0,2,50300.0,50,0,0,0,0,1,0,0,0,0,0,0,0,1,1,0,0,0,0,0,1,0,1,0,0,0,1,0,0,0,0,0,0,0,0,0,0,0,0,0,1,0,0,0,0,0,0,1,1,0,1,1
263,0,0,1,5,1,0,2,0,0,0,1,0,0,0,16.67,40.0,1,1200.0,40,0,1,0,0,0,1,0,0,0,0,0,0,0,0,1,0,0,0,0,1,0,1,0,0,0,1,0,0,0,0,0,0,0,0,0,0,0,0,0,0,1,0,0,0,1,0,0,0,1,0,1
264,0,0,0,7,1,0,3,0,1,0,0,0,0,0,16.0,42.0,1,10000.0,40,0,0,0,0,1,0,1,0,0,0,0,0,0,1,0,0,0,0,1,0,0,1,0,0,0,0,0,0,0,0,0,1,0,0,0,0,0,1,0,0,0,0,0,0,1,0,0,1,0,0,1
265,0,0,1,7,1,0,6,0,1,0,0,0,0,0,16.0,42.0,1,10000.0,40,0,0,0,0,1,1,0,0,0,0,0,0,0,1,0,0,0,0,1,0,0,1,0,0,0,1,0,0,0,0,0,0,0,0,0,0,0,1,0,0,0,0,0,0,1,0,0,1,0,0,1
266,0,0,1,3,0,0,2,0,0,0,1,0,0,0,16.92,33.48,1,12000.0,20,1,0,0,0,0,1,0,0,0,0,0,0,0,0,1,0,0,0,1,0,0,1,0,0,0,0,0,0,1,0,0,0,0,0,0,0,0,0,0,0,0,1,0,1,0,0,0,1,0,0,1
267,0,0,0,365,0,0,5,0,1,0,0,1,0,0,16.25,48.05,1,75000.0,60,0,0,0,0,1,0,0,0,0,0,0,0,1,1,0,0,0,0,1,0,0,1,0,0,0,0,0,0,0,0,0,0,0,0,0,1,0,0,0,1,0,0,0,1,0,0,0,1,0,0,1
268,0,0,0,4,1,0,0,0,0,1,0,0,0,0,16.33,33.48,1,20314.0,40,0,0,0,0,1,0,0,0,0,0,0,0,1,0,1,0,0,0,1,0,0,1,0,0,1,0,0,0,0,0,0,0,0,0,0,0,0,0,0,0,0,1,0,1,0,0,0,1,1,0,1
269,0,0,1,100,1,0,4,0,1,0,0,0,0,0,16.0,40.0,1,2800.0,4,0,0,0,0,1,0,0,1,0,0,0,0,0,1,0,0,0,0,1,0,0,1,0,0,1,0,0,0,0,0,0,0,0,0,0,0,0,0,1,0,0,0,0,0,1,0,0,1,0,1,1
270,0,1,0,2,1,0,2,0,0,1,0,0,0,0,15.5,36.22,2,60000.0,180,0,0,0,0,1,0,0,0,0,1,0,0,0,0,1,0,0,0,1,0,0,1,0,0,0,0,0,0,0,0,0,0,0,0,1,0,0,1,0,0,0,0,0,0,1,0,0,1,1,1,1
271,0,0,1,7,0,0,4,0,0,1,0,0,0,0,20.08,64.0,2,3300.0,20,0,1,0,0,0,0,1,0,0,0,0,0,0,0,1,0,0,0,0,1,0,0,1,0,0,0,0,0,0,0,0,0,0,0,0,1,1,0,0,0,0,0,0,0,1,0,0,1,1,0,1
272,0,0,1,99,1,0,5,0,1,0,0,0,0,0,19.67,26.0,1,23000.0,30,0,0,0,0,1,0,0,0,0,0,0,0,1,1,0,0,0,0,0,1,0,1,0,0,0,1,0,0,0,0,0,0,0,0,0,0,0,0,0,1,0,0,0,0,0,0,1,1,0,0,1
273,0,0,0,7,28,0,12,0,0,1,0,0,0,0,19.0,58.0,1,20000.0,30,1,0,0,0,0,0,0,0,0,0,0,0,1,0,1,0,0,0,0,1,0,0,1,0,0,0,0,0,0,0,1,0,0,0,0,0,0,0,0,0,0,1,0,1,0,0,0,1,0,0,1
274,0,0,0,3,11,0,0,1,0,0,0,0,0,0,17.67,36.22,1,5866.0,45,0,0,0,0,1,1,0,0,0,0,0,0,0,0,1,0,0,0,1,0,0,1,0,0,0,0,0,0,0,0,0,0,1,0,0,0,0,1,0,0,0,0,0,0,1,0,0,1,1,0,1
275,0,1,1,8,2,0,2,0,1,1,0,0,0,0,19.0,33.48,1,10000.0,50,1,0,0,0,0,0,0,0,0,0,0,0,1,0,1,0,0,0,0,1,0,1,0,0,0,0,0,0,1,0,0,0,0,0,0,0,0,0,0,1,0,0,0,1,0,0,0,0,0,1,1
276,0,1,1,365,1,0,20,0,1,0,1,0,0,0,16.25,100.0,1,98000.0,50,1,0,0,0,0,0,0,0,0,0,0,0,1,1,0,0,0,0,1,0,0,0,1,0,1,0,0,0,0,0,0,0,0,0,0,0,0,0,0,0,0,0,1,1,0,0,0,1,0,0,1
277,0,0,1,3,3,0,4,1,0,0,0,0,0,0,11.0,30.0,1,1050.0,20,0,0,0,1,0,1,0,0,0,0,0,0,0,0,0,1,0,1,0,0,0,1,0,0,0,1,0,0,0,0,0,0,0,0,0,0,0,0,1,0,0,0,0,0,0,1,0,1,1,1,1
278,0,0,0,2,0,1,1,1,0,0,0,0,0,0,9.5,50.0,1,1550.0,90,0,0,0,1,0,1,0,0,0,0,0,0,0,1,0,0,0,1,0,0,0,1,0,0,1,0,0,0,0,0,0,0,0,0,0,0,0,1,0,0,0,0,0,1,0,0,0,1,0,0,1
279,0,0,0,7,1,0,1,0,1,0,0,0,0,0,13.5,34.0,1,1500.0,60,0,0,0,0,1,1,0,0,0,0,0,0,0,1,0,0,0,0,1,0,0,1,0,0,0,1,0,0,0,0,0,0,0,0,0,0,1,0,0,0,0,0,0,0,1,0,0,0,1,0,1
280,0,0,1,10,8,0,2,0,1,0,0,0,0,0,12.5,55.25,1,7850.0,90,0,0,0,1,0,0,0,1,0,0,0,0,0,1,0,0,0,0,1,0,0,1,0,0,0,1,0,0,0,0,0,0,0,0,0,0,0,0,1,0,0,0,0,0,0,0,1,1,0,0,1
281,0,1,1,180,1,0,3,0,1,0,0,0,0,0,16.0,30.0,1,1000.0,60,0,0,0,0,1,1,0,0,0,0,0,0,0,1,0,0,0,0,1,0,0,1,0,0,0,1,0,0,0,0,0,0,0,0,0,0,0,1,0,0,0,0,0,0,1,0,0,1,0,1,1
282,0,1,0,3,3,0,1,0,1,0,0,0,0,0,10.5,30.0,1,5866.0,40,0,0,0,1,0,1,0,0,0,0,0,0,0,0,0,1,0,1,0,0,0,1,0,0,0,0,0,0,0,0,1,0,0,0,0,0,1,0,0,0,0,0,0,0,0,1,0,1,1,1,1
283,0,1,1,90,1,0,2,0,0,1,0,0,0,0,12.67,60.0,1,5866.0,20,0,0,1,0,0,1,0,0,0,0,0,0,0,0,1,0,0,0,1,0,0,0,1,0,0,0,0,0,0,0,0,0,0,0,0,1,0,0,0,0,1,0,0,0,0,0,1,1,0,0,1
284,0,1,0,4,1,1,0,0,1,0,0,0,0,0,16.25,45.9,1,23000.0,150,0,0,0,1,0,0,0,0,0,0,1,0,0,1,0,0,0,0,1,0,0,1,0,0,0,0,0,0,0,0,0,0,1,0,0,0,1,0,0,0,0,0,0,1,0,0,0,1,1,0,1
285,0,0,1,6,2,0,1,1,0,0,0,0,0,0,13.83,35.0,1,8800.0,7,0,0,0,1,0,0,0,1,0,0,0,0,0,0,0,1,0,0,1,0,0,1,0,0,0,0,0,0,1,0,0,0,0,0,0,0,0,1,0,0,0,0,0,0,0,0,1,1,1,1,1
286,0,0,0,30,7,0,6,0,1,0,0,0,0,0,12.5,55.25,1,4850.0,30,0,0,0,0,1,0,1,0,0,0,0,0,0,1,0,0,0,0,1,0,0,1,0,0,0,0,1,0,0,0,0,0,0,0,0,0,0,1,0,0,0,0,0,0,0,0,1,0,0,0,1
287,0,0,0,6,2,0,1,1,0,0,0,0,0,0,13.83,35.0,1,8800.0,80,0,0,0,1,0,0,0,1,0,0,0,0,0,0,0,1,0,0,1,0,0,1,0,0,0,0,0,0,0,0,0,0,1,0,0,0,0,1,0,0,0,0,0,0,0,0,1,1,1,1,1
288,0,0,0,99,1,0,1,0,0,1,0,0,0,0,12.08,53.0,1,4850.0,20,0,0,0,1,0,0,1,0,0,0,0,0,0,0,1,0,0,0,1,0,0,1,0,0,0,0,0,0,0,0,0,1,0,0,0,0,1,0,0,0,0,0,0,0,0,0,1,0,0,0,1
289,0,0,1,1,1,0,4,0,0,1,0,0,0,0,9.0,40.0,1,5866.0,60,1,0,0,0,0,1,0,0,0,0,0,0,0,0,1,0,0,1,0,0,0,1,0,0,0,0,0,0,0,0,0,1,0,0,0,0,0,0,1,0,0,0,0,1,0,0,0,1,0,0,1
290,0,1,1,8,4,0,6,1,0,0,0,0,0,0,9.42,11.0,1,20000.0,120,1,0,0,0,0,0,0,0,0,0,0,1,0,0,0,0,1,1,0,0,0,1,0,0,1,0,0,0,0,0,0,0,0,0,0,0,0,0,0,0,1,0,0,0,0,0,1,0,1,1,1
291,0,0,0,30,0,0,4,0,1,1,0,0,0,0,9.5,50.0,1,1650.0,40,0,0,0,0,1,0,0,1,0,0,0,0,0,1,0,0,0,1,0,0,0,0,0,1,0,0,0,0,0,0,0,0,0,0,0,1,0,1,0,0,0,0,0,1,0,0,0,0,1,0,1
292,0,0,0,4,1,0,3,0,0,1,0,0,0,0,12.67,45.0,2,5866.0,20,0,0,0,0,1,1,0,0,0,0,0,0,0,0,1,0,0,0,1,0,0,1,0,0,0,1,0,0,0,0,0,0,0,0,0,0,0,0,0,1,0,0,0,0,0,0,1,1,1,0,1
293,0,0,0,7,1,0,0,0,0,1,0,0,0,0,14.5,20.0,1,5100.0,60,0,0,0,0,1,0,0,1,0,0,0,0,0,0,1,0,0,0,1,0,0,0,0,1,0,1,0,0,0,0,0,0,0,0,0,0,1,0,0,0,0,0,0,0,0,1,0,0,1,1,1
294,0,0,0,90,0,0,5,0,1,1,0,0,0,0,12.67,50.0,1,7850.0,60,0,0,0,1,0,0,0,1,0,0,0,0,0,0,1,0,0,0,1,0,0,1,0,0,0,0,0,0,0,0,0,1,0,0,0,0,1,0,0,0,0,0,0,0,0,0,1,1,0,0,1
295,0,1,1,1,7,1,0,0,0,0,0,1,0,0,12.08,66.0,1,5866.0,32,0,0,0,0,1,1,0,0,0,0,0,0,0,0,1,0,0,0,1,0,0,1,0,0,0,0,0,0,1,0,0,0,0,0,0,0,0,0,0,1,0,0,0,0,0,0,1,1,0,0,1
296,0,0,0,3,2,0,2,0,0,0,0,0,1,0,11.0,45.54,1,7850.0,30,0,0,0,1,0,0,0,1,0,0,0,0,0,0,0,1,0,1,0,0,0,1,0,0,0,1,0,0,0,0,0,0,0,0,0,0,0,0,0,0,0,0,1,0,0,1,0,0,1,1,1
297,0,0,1,3,0,0,20,0,1,0,0,0,0,0,12.0,55.25,1,5866.0,15,1,0,0,0,0,1,0,0,0,0,0,0,0,1,0,0,0,0,1,0,0,1,0,0,0,0,0,0,1,0,0,0,0,0,0,0,0,1,0,0,0,0,0,0,0,0,1,1,0,0,1
298,0,1,0,3,13,1,0,0,1,0,0,0,0,0,16.5,48.05,1,7850.0,120,0,0,0,0,1,0,0,1,0,0,0,0,0,1,0,0,0,0,1,0,0,1,0,0,0,0,0,0,0,0,0,0,1,0,0,0,1,0,0,0,0,0,0,1,0,0,0,1,1,0,1
299,0,1,0,4,13,1,1,1,0,0,0,0,0,0,16.5,48.05,1,7850.0,120,0,0,0,0,1,0,0,1,0,0,0,0,0,1,0,0,0,0,1,0,0,1,0,0,0,0,0,0,0,0,0,0,1,0,0,0,1,0,0,0,0,0,0,1,0,0,0,1,1,0,1
300,0,1,0,5,0,1,12,0,0,1,0,0,0,0,16.67,19.0,1,12000.0,20,0,0,1,0,0,0,0,0,0,0,0,0,1,0,1,0,0,0,1,0,0,1,0,0,0,0,0,0,0,0,0,0,0,0,0,1,0,1,0,0,0,0,0,0,0,1,0,1,0,0,1
301,0,0,1,5,1,0,2,0,0,0,0,0,1,0,20.0,60.0,1,60000.0,30,1,0,0,0,0,0,0,1,0,0,0,0,0,0,1,0,0,0,0,1,0,1,0,0,0,1,0,0,0,0,0,0,0,0,0,0,0,0,0,0,1,0,0,0,0,0,1,1,0,0,1
302,0,0,1,2,0,0,1,0,0,1,0,0,0,0,20.02,45.21,1,2000.0,40,0,0,0,1,0,0,0,0,0,0,0,0,1,0,1,0,0,0,0,1,0,1,0,0,0,1,0,0,0,0,0,0,0,0,0,0,0,0,0,1,0,0,0,0,0,0,1,0,1,0,1
303,0,0,0,4,0,0,2,0,1,0,0,0,0,0,17.75,32.0,1,2000.0,20,0,0,1,0,0,1,0,0,0,0,0,0,0,1,0,0,0,0,1,0,0,1,0,0,0,0,0,1,0,0,0,0,0,0,0,0,0,1,0,0,0,0,0,0,0,0,1,1,1,0,1
304,0,0,0,5,1,0,1,0,0,1,0,0,0,0,14.5,21.0,1,9000.0,60,0,0,1,0,0,0,0,0,0,0,0,0,1,0,1,0,0,0,1,0,0,1,0,0,0,1,0,0,0,0,0,0,0,0,0,0,0,0,0,1,0,0,0,0,0,1,0,0,0,1,1
305,0,0,0,4,3,0,1,0,0,0,0,1,0,0,14.5,24.0,1,1500.0,40,1,0,0,0,0,1,0,0,0,0,0,0,0,0,1,0,0,0,1,0,0,1,0,0,0,0,0,0,1,0,0,0,0,0,0,0,1,0,0,0,0,0,0,0,0,1,0,1,0,1,1
306,0,1,0,5,20,1,2,0,0,1,0,0,0,0,16.5,60.0,1,23000.0,40,1,0,0,0,0,0,0,0,0,0,1,0,0,0,1,0,0,0,1,0,0,0,1,0,0,0,0,0,0,0,0,0,1,0,0,0,1,0,0,0,0,0,0,1,0,0,0,1,1,0,1
307,0,0,1,3,1,0,2,1,0,0,0,0,0,0,16.5,40.0,1,2000.0,90,1,0,0,0,0,1,0,0,0,0,0,0,0,0,1,0,0,0,1,0,0,1,0,0,0,0,0,0,0,0,0,1,0,0,0,0,0,0,1,0,0,0,0,1,0,0,0,1,0,0,1
308,0,0,1,2,2,0,1,0,1,0,0,0,0,0,16.25,60.0,1,5866.0,50,1,0,0,0,0,1,0,0,0,0,0,0,0,1,0,0,0,0,1,0,0,1,0,0,1,0,0,0,0,0,0,0,0,0,0,0,0,0,0,0,1,0,0,1,0,0,0,1,0,0,1
309,0,0,1,9,2,0,15,0,1,0,0,0,0,0,16.25,48.05,1,7850.0,30,1,0,0,0,0,0,0,1,0,0,0,0,0,1,0,0,0,0,1,0,0,0,1,0,1,0,0,0,0,0,0,0,0,0,0,0,0,0,0,0,0,1,0,1,0,0,0,1,0,0,1
310,0,0,0,99,0,0,2,0,1,0,0,0,0,0,16.5,45.0,1,10000.0,60,1,0,0,0,0,1,0,0,0,0,0,0,0,0,1,0,0,0,1,0,0,1,0,0,0,0,0,0,0,0,0,1,0,0,0,0,0,0,0,1,0,0,0,1,0,0,0,1,0,1,1
311,0,0,1,3,10,0,1,0,0,1,0,0,0,0,17.0,36.22,1,10000.0,60,0,0,0,0,1,1,0,0,0,0,0,0,0,0,1,0,0,0,1,0,0,1,0,0,0,1,0,0,0,0,0,0,0,0,0,0,0,1,0,0,0,0,0,0,1,0,0,1,1,0,1
312,0,1,0,5,2,0,1,0,0,1,0,0,0,0,16.92,20.0,1,2000.0,60,0,0,0,0,1,0,0,1,0,0,0,0,0,0,1,0,0,0,1,0,0,1,0,0,0,0,0,0,0,0,0,0,1,0,0,0,0,0,1,0,0,0,0,1,0,0,0,1,1,0,1
313,0,0,0,5,2,0,2,0,0,1,0,0,0,0,19.0,20.0,1,5866.0,90,0,0,0,0,1,1,0,0,0,0,0,0,0,0,1,0,0,0,0,1,0,1,0,0,0,0,0,0,0,0,0,1,0,0,0,0,0,1,0,0,0,0,0,1,0,0,0,1,1,0,1
314,0,0,0,5,4,0,1,0,0,1,0,0,0,0,19.75,55.25,1,3000.0,30,0,0,0,0,1,0,0,0,0,0,0,0,1,1,0,0,0,0,0,1,0,0,0,1,0,1,0,0,0,0,0,0,0,0,0,0,0,0,1,0,0,0,0,0,0,0,1,0,1,0,1
315,0,0,0,5,2,0,2,0,0,1,0,0,0,0,17.83,30.0,1,20314.0,40,0,0,1,0,0,0,0,0,0,0,0,0,1,0,1,0,0,0,1,0,0,1,0,0,0,0,0,0,0,0,0,0,0,1,0,0,0,0,1,0,0,0,0,0,1,0,0,1,1,0,1
316,0,0,1,3,0,0,20,0,0,1,0,0,0,0,19.0,45.21,1,10000.0,30,0,0,1,0,0,0,0,0,0,0,0,0,1,0,1,0,0,0,0,1,0,1,0,0,0,0,0,0,0,0,0,0,0,0,0,1,0,1,0,0,0,0,0,0,0,0,1,0,0,0,1
317,0,1,0,3,2,0,2,0,0,1,0,0,0,0,20.08,40.0,1,2000.0,30,0,0,1,0,0,0,0,0,0,0,0,0,1,0,1,0,0,0,0,1,0,1,0,0,0,0,0,0,0,0,0,0,1,0,0,0,0,1,0,0,0,0,0,0,0,0,1,0,1,0,1
318,0,0,0,21,0,0,3,0,0,1,0,0,0,0,20.0,50.0,2,20000.0,150,0,1,0,0,0,0,0,1,0,0,0,0,0,0,1,0,0,0,0,1,0,1,0,0,0,0,0,0,0,0,0,0,1,0,0,0,1,0,0,0,0,0,0,0,1,0,0,1,1,1,1
319,0,1,0,3,4,0,1,0,1,0,0,0,0,0,19.75,48.05,1,2000.0,40,0,0,0,1,0,0,0,1,0,0,0,0,0,1,0,0,0,0,0,1,0,1,0,0,0,0,0,0,0,0,0,0,1,0,0,0,0,0,0,1,0,0,0,1,0,0,0,1,1,0,1
320,0,0,1,5,0,0,0,0,1,0,0,0,0,0,19.25,33.0,1,5866.0,40,0,0,0,1,0,1,0,0,0,0,0,0,0,0,1,0,0,0,0,1,0,1,0,0,0,0,0,0,0,0,0,1,0,0,0,0,0,0,1,0,0,0,0,0,0,0,1,1,1,1,1
321,0,0,1,7,0,0,10,0,0,1,0,0,0,0,20.0,18.0,2,50000.0,120,0,0,0,0,1,0,0,0,0,0,0,0,1,0,1,0,0,0,0,1,0,1,0,0,0,0,0,0,0,0,0,0,0,0,0,1,0,1,0,0,0,0,0,0,1,0,0,0,0,1,1
322,0,0,0,1,1,0,0,0,1,0,0,0,0,0,19.75,55.25,1,20314.0,50,0,0,0,1,0,0,0,0,0,0,0,0,1,1,0,0,0,0,0,1,0,1,0,0,0,1,0,0,0,0,0,0,0,0,0,0,0,1,0,0,0,0,0,0,0,0,1,0,0,0,1
323,0,0,0,4,1,0,0,0,0,0,0,0,1,0,20.0,50.0,1,20314.0,40,0,0,0,1,0,0,0,0,0,0,0,0,1,0,1,0,0,0,0,1,0,1,0,0,0,0,0,0,0,0,0,0,0,0,1,0,1,0,0,0,0,0,0,0,1,0,0,0,1,0,1
324,0,0,0,3,2,0,0,0,0,1,0,0,0,0,20.0,40.0,2,20314.0,20,0,0,0,1,0,0,0,0,0,0,0,0,1,0,1,0,0,0,0,1,0,1,0,0,0,0,0,0,0,0,0,1,0,0,0,0,1,0,0,0,0,0,0,0,0,0,1,0,1,0,1
325,0,0,0,3,2,0,0,1,0,0,0,0,0,0,20.0,40.0,2,20314.0,20,0,0,0,1,0,0,0,0,0,0,0,0,1,0,1,0,0,0,0,1,0,1,0,0,0,0,0,0,0,0,0,1,0,0,0,0,1,0,0,0,0,0,0,0,0,0,1,0,1,0,1
326,0,0,1,365,1,0,1,0,0,1,0,0,0,0,15.0,45.0,2,5866.0,10,0,0,0,0,1,1,0,0,0,0,0,0,0,0,1,0,0,0,1,0,0,1,0,0,0,0,0,0,0,0,0,1,0,0,0,0,1,0,0,0,0,0,0,0,0,0,1,1,1,1,1
327,0,0,0,4,1,0,0,0,0,1,0,0,0,0,16.25,45.0,1,7850.0,40,0,0,0,0,1,0,0,1,0,0,0,0,0,0,1,0,0,0,1,0,0,1,0,0,0,0,0,0,0,0,0,1,0,0,0,0,1,0,0,0,0,0,0,0,0,0,1,1,1,0,1
328,0,0,0,6,4,0,0,0,1,0,0,0,0,0,19.75,55.25,1,20314.0,180,0,0,0,1,0,0,0,0,0,0,0,0,1,1,0,0,0,0,0,1,0,1,0,0,0,1,0,0,0,0,0,0,0,0,0,0,1,0,0,0,0,0,0,0,0,0,1,0,1,1,1
329,0,0,0,3,0,0,0,0,1,0,0,0,0,0,19.75,55.25,1,20314.0,180,0,0,0,0,1,0,0,0,0,0,0,0,1,1,0,0,0,0,0,1,0,1,0,0,0,1,0,0,0,0,0,0,0,0,0,0,1,0,0,0,0,0,0,0,0,0,1,0,0,1,1
330,0,1,1,4,1,0,2,0,0,1,0,0,0,0,15.0,30.0,1,5866.0,30,0,0,0,1,0,1,0,0,0,0,0,0,0,0,1,0,0,0,1,0,0,1,0,0,0,0,0,0,0,0,0,0,0,0,1,0,0,0,0,1,0,0,0,1,0,0,0,1,1,0,1
331,0,1,0,4,13,1,0,1,0,0,0,0,0,0,16.25,48.05,1,7850.0,120,0,0,0,0,1,0,0,1,0,0,0,0,0,1,0,0,0,0,1,0,0,1,0,0,0,0,0,0,0,0,0,0,1,0,0,0,0,1,0,0,0,0,0,1,0,0,0,1,1,0,1
332,0,1,0,44,2,0,0,0,1,0,0,0,0,0,16.25,48.05,1,7850.0,64,0,0,0,1,0,0,0,1,0,0,0,0,0,1,0,0,0,0,1,0,0,1,0,0,0,0,0,0,0,0,1,0,0,0,0,0,0,1,0,0,0,0,0,1,0,0,0,1,1,0,1
333,0,1,0,4,2,0,0,0,0,1,0,0,0,0,15.0,60.0,1,6000.0,40,0,0,0,1,0,0,0,1,0,0,0,0,0,0,1,0,0,0,1,0,0,1,0,0,0,0,0,0,0,0,0,0,1,0,0,0,1,0,0,0,0,0,0,1,0,0,0,1,1,1,1
334,0,1,1,4,2,0,0,0,0,1,0,0,0,0,15.0,60.0,1,6000.0,40,0,0,0,1,0,0,0,1,0,0,0,0,0,0,1,0,0,0,1,0,0,1,0,0,0,0,0,0,0,0,0,0,0,1,0,0,0,1,0,0,0,0,0,1,0,0,0,1,1,1,1
335,0,1,1,4,10,1,0,0,0,1,0,0,0,0,16.25,48.05,1,23000.0,120,0,0,0,1,0,0,0,0,0,0,1,0,0,1,0,0,0,0,1,0,0,1,0,0,0,0,0,0,0,0,0,0,0,1,0,0,1,0,0,0,0,0,0,1,0,0,0,1,1,0,1
336,0,1,0,4,2,0,2,0,0,1,0,0,0,0,12.5,55.25,1,5866.0,15,0,0,0,0,1,1,0,0,0,0,0,0,0,1,0,0,0,0,1,0,0,1,0,0,0,0,0,0,0,0,0,0,1,0,0,0,0,1,0,0,0,0,0,0,0,0,1,1,1,0,1
337,0,1,1,30,0,0,3,0,0,1,0,0,0,0,12.67,40.0,1,2000.0,60,0,1,0,0,0,1,0,0,0,0,0,0,0,0,1,0,0,0,1,0,0,1,0,0,0,0,0,0,0,0,0,0,0,1,0,0,0,0,1,0,0,0,0,0,0,0,1,1,0,1,1
338,0,1,1,4,6,0,1,0,0,0,0,0,1,0,15.5,52.93,1,11500.0,120,0,0,0,0,1,0,0,0,1,0,0,0,0,1,0,0,0,0,1,0,0,1,0,0,0,0,0,0,0,0,0,0,0,0,0,1,0,1,0,0,0,0,0,0,1,0,0,1,1,0,1
339,0,1,1,2,1,0,5,0,1,0,0,0,0,0,12.0,33.48,1,1500.0,40,0,0,0,0,1,1,0,0,0,0,0,0,0,0,1,0,0,0,1,0,0,1,0,0,0,1,0,0,0,0,0,0,0,0,0,0,0,0,0,1,0,0,0,1,0,0,0,1,0,0,1
340,0,1,1,1,0,0,30,0,0,1,0,0,0,0,9.0,65.0,2,7000.0,20,1,0,0,0,0,0,0,1,0,0,0,0,0,0,1,0,0,1,0,0,0,1,0,0,0,1,0,0,0,0,0,0,0,0,0,0,0,0,0,0,0,1,0,1,0,0,0,1,0,0,1
341,0,1,0,5,2,0,0,1,0,0,0,0,0,0,12.25,32.5,1,8000.0,50,0,0,0,1,0,0,0,1,0,0,0,0,0,0,1,0,0,0,1,0,0,1,0,0,0,0,0,0,0,0,0,0,1,0,0,0,0,0,1,0,0,0,0,0,0,0,1,1,1,1,1
342,0,1,0,5,1,0,0,0,0,1,0,0,0,0,14.5,45.21,2,7850.0,64,0,0,0,0,1,0,0,1,0,0,0,0,0,0,1,0,0,0,1,0,0,1,0,0,0,0,0,0,0,0,0,0,1,0,0,0,0,0,0,1,0,0,0,0,0,0,1,1,1,1,1
343,0,1,0,5,2,0,0,0,0,0,0,0,0,1,12.5,32.5,2,7850.0,20,0,0,0,0,1,0,0,1,0,0,0,0,0,0,1,0,0,0,1,0,0,1,0,0,0,0,0,0,0,0,0,0,1,0,0,0,0,0,0,1,0,0,0,0,0,0,1,1,1,0,1
344,0,1,1,3,2,0,0,0,0,1,0,0,0,0,16.25,50.0,1,15000.0,30,0,0,0,1,0,1,0,0,0,0,0,0,0,0,1,0,0,0,1,0,0,1,0,0,0,0,1,0,0,0,0,0,0,0,0,0,0,0,0,1,0,0,0,0,0,0,1,1,1,0,1
345,0,1,1,7,1,0,4,0,1,0,0,0,0,0,17.33,40.0,1,6000.0,40,0,0,0,1,0,1,0,0,0,0,0,0,0,1,0,0,0,0,1,0,0,1,0,0,0,1,0,0,0,0,0,0,0,0,0,0,0,0,0,0,1,0,0,0,0,0,1,1,0,1,1
346,0,1,0,4,4,0,1,0,0,0,0,0,1,0,11.17,60.0,3,40000.0,305,0,0,0,1,0,0,0,0,0,1,0,0,0,0,0,1,0,1,0,0,0,0,0,1,0,0,0,0,0,0,0,0,1,0,0,0,1,0,0,0,0,0,0,0,0,1,0,1,1,1,1
347,0,1,1,5,2,0,2,0,0,1,0,0,0,0,16.67,40.0,1,6000.0,40,0,0,0,1,0,0,0,1,0,0,0,0,0,0,1,0,0,1,0,0,0,1,0,0,0,1,0,0,0,0,0,0,0,0,0,0,0,1,0,0,0,0,0,0,1,0,0,1,0,1,1
348,0,1,1,3,5,0,0,0,0,1,0,0,0,0,12.5,50.0,1,70.0,10,0,0,0,1,0,0,0,1,0,0,0,0,0,0,1,0,0,0,1,0,0,1,0,0,0,1,0,0,0,0,0,0,0,0,0,0,0,0,1,0,0,0,0,0,1,0,0,1,1,0,1
349,0,1,0,7,1,0,2,0,0,1,1,0,0,0,16.67,100.0,1,6000.0,30,1,0,0,0,0,1,0,0,0,0,0,0,0,0,1,0,0,1,0,0,0,1,0,0,0,0,0,0,0,0,0,0,0,1,0,0,0,0,0,0,1,0,0,1,0,0,0,1,1,1,1
350,0,1,0,3,0,0,3,1,0,0,0,0,0,0,12.67,40.0,1,10000.0,64,0,0,0,1,0,0,0,1,0,0,0,0,0,0,1,0,0,0,1,0,0,1,0,0,0,0,0,0,0,0,0,0,1,0,0,0,0,1,0,0,0,0,0,0,0,0,1,1,1,1,1
351,0,1,0,4,6,0,1,0,1,0,0,0,0,0,15.5,52.93,2,10000.0,20,0,0,0,0,1,0,0,0,1,0,0,0,0,1,0,0,0,0,1,0,0,1,0,0,0,0,0,0,0,0,0,0,0,0,1,0,0,0,0,1,0,0,0,0,1,0,0,1,1,0,1
352,0,1,0,4,6,1,2,0,1,0,0,0,0,0,12.5,55.25,1,5866.0,20,0,0,0,1,0,1,0,0,0,0,0,0,0,1,0,0,0,0,1,0,0,1,0,0,0,0,0,0,0,0,0,0,1,0,0,0,0,1,0,0,0,0,0,0,0,0,1,1,1,0,1
353,0,1,1,4,1,0,1,0,0,1,0,0,0,0,16.25,77.0,2,1300.0,20,1,0,0,0,0,0,0,0,0,0,0,0,1,0,1,0,0,0,1,0,0,1,0,0,0,0,1,0,0,0,0,0,0,0,0,0,0,1,0,0,0,0,0,0,0,0,1,0,1,0,1
354,0,1,0,4,13,1,1,1,0,0,0,0,0,0,16.25,48.05,1,7850.0,120,0,0,0,1,0,0,0,1,0,0,0,0,0,1,0,0,0,0,1,0,0,1,0,0,0,0,0,0,0,0,0,0,1,0,0,0,0,1,0,0,0,0,0,1,0,0,0,1,1,0,1
355,0,1,1,4,2,0,1,0,0,1,0,0,0,0,12.08,40.0,1,7000.0,60,1,0,0,0,0,1,0,0,0,0,0,0,0,0,1,0,0,0,1,0,0,1,0,0,0,0,1,0,0,0,0,0,0,0,0,0,0,0,0,1,0,0,0,1,0,0,0,1,0,1,1
356,0,0,0,3,7,1,0,0,0,0,0,0,0,1,10.5,45.54,2,4850.0,41,0,0,0,1,0,0,1,0,0,0,0,0,0,0,0,1,0,1,0,0,0,1,0,0,0,0,0,0,0,0,0,0,0,0,0,1,1,0,0,0,0,0,0,0,0,1,0,1,1,0,1
357,0,0,0,4,3,0,2,0,0,1,0,0,0,0,16.25,33.48,1,5866.0,90,0,0,0,1,0,1,0,0,0,0,0,0,0,0,1,0,0,0,1,0,0,1,0,0,0,0,0,0,0,0,0,0,1,0,0,0,0,1,0,0,0,0,0,1,0,0,0,1,1,0,1
358,0,0,1,3,2,0,0,0,0,1,0,0,0,0,16.25,40.0,2,5866.0,15,1,0,0,0,0,1,0,0,0,0,0,0,0,0,1,0,0,0,1,0,0,1,0,0,0,1,0,0,0,0,0,0,0,0,0,0,0,0,0,1,0,0,0,0,0,0,1,1,1,0,1
359,0,0,0,2,2,0,0,0,0,0,0,1,0,0,16.25,38.0,2,3500.0,10,1,0,0,0,0,1,0,0,0,0,0,0,0,0,1,0,0,0,1,0,0,1,0,0,0,0,0,0,0,0,0,0,1,0,0,0,0,0,0,1,0,0,0,0,0,0,1,1,0,0,1
360,0,0,1,3,2,0,0,0,0,1,0,0,0,0,16.25,40.0,2,1500.0,10,1,0,0,0,0,1,0,0,0,0,0,0,0,0,1,0,0,0,1,0,0,1,0,0,1,0,0,0,0,0,0,0,0,0,0,0,0,0,0,0,1,0,0,0,0,0,1,1,1,0,1
361,0,0,0,4,4,0,0,0,0,0,0,1,0,0,11.17,60.0,2,2200.0,64,0,0,0,1,0,0,0,1,0,0,0,0,0,0,0,1,0,1,0,0,0,0,0,1,0,0,0,0,0,0,0,0,1,0,0,0,1,0,0,0,0,0,0,0,0,1,0,1,1,0,1
362,0,0,1,365,0,0,2,0,0,1,0,0,0,0,15.0,40.0,1,20314.0,40,0,0,0,1,0,0,0,0,0,0,0,0,1,0,1,0,0,0,1,0,0,1,0,0,0,1,0,0,0,0,0,0,0,0,0,0,0,1,0,0,0,0,0,0,1,0,0,0,0,0,1
363,0,0,1,365,0,0,10,0,0,1,0,0,0,0,17.83,33.0,1,20314.0,50,0,0,0,0,1,0,0,0,0,0,0,0,1,0,1,0,0,0,1,0,0,1,0,0,0,0,0,0,1,0,0,0,0,0,0,0,0,0,0,1,0,0,0,0,1,0,0,0,0,0,1
364,0,0,1,7,1,0,5,0,1,0,0,0,0,0,17.0,33.0,1,6000.0,180,0,1,0,0,0,0,0,0,0,0,0,0,1,1,0,0,0,0,1,0,0,1,0,0,0,1,0,0,0,0,0,0,0,0,0,0,0,0,0,1,0,0,0,0,0,0,1,1,0,1,1
365,0,0,1,4,10,1,0,0,1,0,0,0,0,0,16.25,48.05,1,23000.0,120,0,0,0,1,0,0,0,0,0,0,1,0,0,1,0,0,0,0,1,0,0,1,0,0,0,1,0,0,0,0,0,0,0,0,0,0,0,0,1,0,0,0,0,1,0,0,0,1,1,0,1
366,0,1,1,7,5,0,0,0,1,0,0,0,0,0,16.67,40.0,1,5866.0,40,0,0,0,0,1,1,0,0,0,0,0,0,0,0,1,0,0,0,1,0,0,1,0,0,0,1,0,0,0,0,0,0,0,0,0,0,0,0,0,1,0,0,0,1,0,0,0,1,1,0,1
367,0,1,0,4,2,1,1,0,1,0,0,0,0,0,9.5,35.0,1,10000.0,64,1,0,0,0,0,0,0,1,0,0,0,0,0,1,0,0,0,1,0,0,0,1,0,0,0,0,0,0,0,0,1,0,0,0,0,0,0,0,0,1,0,0,0,1,0,0,0,1,1,0,1
368,0,1,1,2,3,0,4,0,1,0,0,0,0,0,16.25,48.05,1,5866.0,60,0,0,0,0,1,1,0,0,0,0,0,0,0,1,0,0,0,0,1,0,0,0,1,0,1,0,0,0,0,0,0,0,0,0,0,0,0,0,0,0,1,0,0,1,0,0,0,1,0,0,1
369,0,1,1,3,0,0,3,0,1,0,0,0,0,0,12.67,5.0,1,3000.0,120,0,0,0,1,0,0,0,1,0,0,0,0,0,0,1,0,0,0,1,0,0,0,1,0,0,0,0,0,0,0,0,0,0,0,1,0,0,1,0,0,0,0,0,0,0,0,1,1,1,0,1
370,0,1,1,6,1,0,2,0,0,1,0,0,0,0,16.5,33.48,1,1150.0,30,1,0,0,0,0,1,0,0,0,0,0,0,0,0,1,0,0,0,1,0,0,1,0,0,0,0,0,0,0,0,0,0,0,1,0,0,0,1,0,0,0,0,0,1,0,0,0,1,0,0,1
371,0,0,1,3,1,0,2,0,0,1,0,0,0,0,16.5,30.0,1,7000.0,20,0,0,0,1,0,1,0,0,0,0,0,0,0,0,1,0,0,0,1,0,0,1,0,0,0,0,1,0,0,0,0,0,0,0,0,0,0,1,0,0,0,0,0,0,0,0,1,1,1,0,1
372,0,0,1,7,1,0,15,0,1,0,0,0,0,0,16.25,48.05,2,6000.0,20,1,0,0,0,0,0,0,1,0,0,0,0,0,1,0,0,0,0,1,0,0,1,0,0,1,0,0,0,0,0,0,0,0,0,0,0,0,0,0,0,1,0,0,1,0,0,0,0,0,0,1
373,0,0,0,3,4,1,0,1,0,0,0,0,0,0,11.0,50.0,1,15700.0,90,0,0,0,1,0,0,0,0,0,0,0,1,0,0,0,1,0,1,0,0,0,1,0,0,0,0,0,0,1,0,0,0,0,0,0,0,0,1,0,0,0,0,0,0,0,1,0,1,1,1,1
374,0,0,0,3,4,1,1,1,0,0,0,0,0,0,11.0,50.0,1,15700.0,90,0,0,0,0,1,0,0,0,0,0,0,1,0,0,0,1,0,1,0,0,0,1,0,0,0,0,0,0,0,0,1,0,0,0,0,0,0,1,0,0,0,0,0,0,0,1,0,1,1,1,1
375,0,0,0,3,2,1,3,0,0,0,0,0,1,0,11.0,64.0,2,4850.0,5,0,0,0,1,0,0,1,0,0,0,0,0,0,0,0,1,0,1,0,0,0,1,0,0,0,0,0,1,0,0,0,0,0,0,0,0,0,0,1,0,0,0,0,0,0,1,0,1,1,1,1
376,0,0,0,10,0,0,1,0,0,1,0,0,0,0,15.0,89.0,1,1150.0,50,0,0,0,1,0,1,0,0,0,0,0,0,0,0,0,0,1,0,1,0,0,1,0,0,0,1,0,0,0,0,0,0,0,0,0,0,1,0,0,0,0,0,0,0,0,0,1,1,1,0,1
377,0,0,1,8,1,0,2,1,0,0,0,0,0,0,12.5,120.0,1,12000.0,25,0,0,0,1,0,1,0,0,0,0,0,0,0,1,0,0,0,0,1,0,0,1,0,0,0,1,0,0,0,0,0,0,0,0,0,0,0,1,0,0,0,0,0,0,0,0,1,1,1,0,1
378,0,0,0,4,2,0,3,0,0,1,0,0,0,0,16.25,45.21,1,2000.0,25,0,0,0,1,0,0,0,1,0,0,0,0,0,0,1,0,0,0,1,0,0,1,0,0,0,0,0,0,0,0,0,0,1,0,0,0,0,1,0,0,0,0,0,0,0,0,1,1,1,0,1
379,0,0,0,1,2,0,2,0,0,1,0,0,0,0,12.67,40.0,1,7850.0,60,1,0,0,0,0,0,0,1,0,0,0,0,0,0,1,0,0,0,1,0,0,1,0,0,0,0,1,0,0,0,0,0,0,0,0,0,0,0,1,0,0,0,0,0,0,0,1,1,0,0,1
380,0,0,0,4,3,0,2,0,0,1,0,0,0,0,16.92,40.0,1,7850.0,90,1,0,0,0,0,0,0,1,0,0,0,0,0,0,1,0,0,0,1,0,0,1,0,0,0,0,0,0,0,0,0,0,0,0,1,0,0,0,1,0,0,0,0,1,0,0,0,1,1,0,1
381,0,0,0,3,7,1,1,0,1,0,0,0,0,0,11.0,45.54,2,4850.0,30,0,0,0,0,1,0,1,0,0,0,0,0,0,0,0,1,0,1,0,0,0,1,0,0,0,1,0,0,0,0,0,0,0,0,0,0,0,1,0,0,0,0,0,0,0,1,0,1,1,0,1
382,0,0,0,3,7,1,0,0,0,0,0,0,0,1,11.0,45.54,2,4850.0,30,0,1,0,0,0,0,1,0,0,0,0,0,0,0,0,1,0,1,0,0,0,1,0,0,0,1,0,0,0,0,0,0,0,0,0,0,0,1,0,0,0,0,0,0,0,1,0,1,1,0,1
383,0,0,0,4,3,1,1,0,0,0,0,0,1,0,8.83,52.93,1,7850.0,64,0,1,0,0,0,0,0,1,0,0,0,0,0,1,0,0,0,1,0,0,0,1,0,0,0,0,0,0,0,0,0,0,1,0,0,0,0,0,1,0,0,0,0,0,1,0,0,1,1,0,1
384,0,0,0,4,7,1,0,1,0,0,0,0,0,0,9.5,48.05,1,5866.0,20,0,1,0,0,0,1,0,0,0,0,0,0,0,1,0,0,0,1,0,0,0,1,0,0,0,0,0,0,0,0,0,0,1,0,0,0,0,0,0,0,0,1,0,1,0,0,0,1,1,0,1
385,0,0,0,7,2,0,3,0,1,0,0,0,0,0,16.67,40.0,1,10000.0,60,0,0,0,1,0,1,0,0,0,0,0,0,0,0,1,0,0,1,0,0,0,1,0,0,0,0,0,0,0,0,0,0,1,0,0,0,0,0,1,0,0,0,0,1,0,0,0,1,0,1,1
386,0,0,0,3,4,0,5,0,0,1,0,0,0,0,15.0,45.21,1,1100.0,20,0,0,0,0,1,0,0,1,0,0,0,0,0,0,1,0,0,0,1,0,0,0,1,0,1,0,0,0,0,0,0,0,0,0,0,0,0,0,0,1,0,0,0,0,0,0,1,1,0,0,1
387,0,0,0,3,3,0,0,0,0,0,0,0,1,0,11.0,40.0,1,4000.0,40,0,0,0,1,0,0,0,1,0,0,0,0,0,0,0,1,0,1,0,0,0,1,0,0,0,1,0,0,0,0,0,0,0,0,0,0,0,0,0,1,0,0,0,0,0,1,0,1,1,1,1
388,0,0,0,8,1,0,1,0,0,0,0,0,1,0,12.5,120.0,1,20000.0,40,1,0,0,0,0,1,0,0,0,0,0,0,0,1,0,0,0,0,1,0,0,1,0,0,0,1,0,0,0,0,0,0,0,0,0,0,0,0,0,0,1,0,0,0,0,0,1,1,1,0,1
389,0,0,1,140,0,0,1,0,1,0,0,0,0,0,9.67,52.0,1,5866.0,45,1,0,0,0,0,1,0,0,0,0,0,0,0,1,0,0,0,1,0,0,0,1,0,0,0,0,0,0,0,0,0,1,0,0,0,0,0,0,1,0,0,0,0,0,0,0,1,1,0,0,1
390,0,0,1,90,2,0,3,0,0,0,1,0,0,0,12.5,44.0,2,15000.0,60,0,0,0,0,1,0,0,1,0,0,0,0,0,1,0,0,0,0,1,0,0,1,0,0,0,0,0,0,0,0,0,0,0,0,0,1,0,0,1,0,0,0,0,0,0,0,1,1,0,1,1
391,0,0,1,3,4,0,3,0,0,0,0,0,1,0,11.0,39.0,1,1550.0,60,1,0,0,0,0,1,0,0,0,0,0,0,0,0,0,1,0,1,0,0,0,1,0,0,0,1,0,0,0,0,0,0,0,0,0,0,0,0,1,0,0,0,0,0,0,1,0,1,1,0,1
392,0,0,0,3,4,0,2,0,0,0,0,0,1,0,11.0,40.0,1,1550.0,60,0,1,0,0,0,1,0,0,0,0,0,0,0,0,0,1,0,1,0,0,0,1,0,0,0,1,0,0,0,0,0,0,0,0,0,0,0,0,1,0,0,0,0,0,0,1,0,1,1,0,1
393,0,0,1,3,4,0,2,0,1,0,0,0,0,0,11.0,39.0,1,1100.0,50,0,0,0,1,0,0,0,0,0,0,0,0,1,0,0,1,0,1,0,0,0,1,0,0,0,1,0,0,0,0,0,0,0,0,0,0,0,1,0,0,0,0,0,0,0,1,0,1,1,1,1
394,0,0,0,3,7,1,0,0,0,0,0,1,0,0,11.0,45.54,2,4850.0,20,0,0,0,1,0,0,1,0,0,0,0,0,0,0,0,1,0,1,0,0,0,1,0,0,0,0,0,0,1,0,0,0,0,0,0,0,1,0,0,0,0,0,0,0,0,1,0,1,1,0,1
395,0,0,0,3,2,0,0,0,0,1,0,0,0,0,12.67,40.0,1,7850.0,30,0,0,0,0,1,0,0,1,0,0,0,0,0,0,1,0,0,0,1,0,0,1,0,0,0,1,0,0,0,0,0,0,0,0,0,0,0,1,0,0,0,0,0,0,0,0,1,0,1,0,1
396,0,0,1,3,1,0,3,0,0,1,0,0,0,0,15.0,45.21,1,5866.0,40,0,0,0,0,1,1,0,0,0,0,0,0,0,0,1,0,0,0,1,0,0,1,0,0,0,1,0,0,0,0,0,0,0,0,0,0,0,1,0,0,0,0,0,0,0,0,1,1,0,0,1
397,0,0,0,4,6,1,1,0,0,0,0,0,1,0,15.5,52.93,2,10000.0,20,0,0,0,0,1,0,0,0,1,0,0,0,0,1,0,0,0,0,1,0,0,1,0,0,0,0,0,0,0,0,0,0,0,0,0,1,0,1,0,0,0,0,0,0,1,0,0,1,1,0,1
398,0,0,0,99,0,0,2,0,0,1,0,0,0,0,15.0,42.0,1,20314.0,40,0,0,0,1,0,0,0,0,0,0,0,0,1,0,1,0,0,0,1,0,0,1,0,0,0,0,0,0,0,0,0,0,1,0,0,0,0,0,1,0,0,0,0,0,0,0,1,0,0,0,1
399,0,0,0,14,0,0,3,1,0,0,0,0,0,0,14.5,42.0,1,5866.0,70,1,0,0,0,0,1,0,0,0,0,0,0,0,0,1,0,0,0,1,0,0,0,1,0,0,1,0,0,0,0,0,0,0,0,0,0,0,0,1,0,0,0,0,0,0,0,1,1,0,0,1
400,0,0,0,5,1,0,8,0,1,0,0,0,0,0,8.67,55.25,1,4000.0,20,1,0,0,0,0,1,0,0,0,0,0,0,0,1,0,0,0,1,0,0,0,0,1,0,1,0,0,0,0,0,0,0,0,0,0,0,0,0,0,0,0,1,0,0,0,0,1,0,0,1,1
401,0,0,1,6,0,1,1,1,0,0,0,0,0,0,15.5,52.93,2,10000.0,20,0,0,0,0,1,0,0,0,1,0,0,0,0,1,0,0,0,0,1,0,0,1,0,0,0,0,0,0,0,0,0,0,0,0,0,1,0,1,0,0,0,0,0,0,1,0,0,1,0,0,1
402,0,0,0,4,1,0,2,0,0,1,0,0,0,0,15.0,30.0,1,5866.0,30,0,0,0,1,0,1,0,0,0,0,0,0,0,0,1,0,0,0,1,0,0,1,0,0,0,0,0,1,0,0,0,0,0,0,0,0,0,0,0,1,0,0,0,1,0,0,0,1,1,0,1
403,0,0,1,3,2,0,3,1,0,0,0,0,0,0,16.92,33.48,1,15000.0,30,0,0,0,0,1,1,0,0,0,0,0,0,0,0,1,0,0,0,1,0,0,1,0,0,0,0,0,0,1,0,0,0,0,0,0,0,0,0,0,1,0,0,0,1,0,0,0,0,0,0,1
404,0,0,1,3,2,0,6,0,0,1,1,0,0,0,16.92,33.48,1,5866.0,60,1,0,0,0,0,1,0,0,0,0,0,0,0,0,1,0,0,0,1,0,0,1,0,0,0,0,0,0,1,0,0,0,0,0,0,0,0,0,0,0,1,0,0,1,0,0,0,0,0,0,1
405,0,1,1,4,3,0,7,0,0,1,0,0,0,0,19.0,20.0,1,7000.0,50,1,0,0,0,0,0,0,0,0,0,0,0,1,1,0,0,0,0,0,1,0,1,0,0,1,0,0,0,0,0,0,0,0,0,0,0,0,0,0,0,0,1,0,0,0,0,1,0,1,1,1
406,0,0,0,4,3,0,2,0,0,1,0,0,0,0,19.0,20.0,1,7000.0,50,1,0,0,0,0,0,0,0,0,0,0,0,1,1,0,0,0,0,0,1,0,1,0,0,0,0,0,0,0,0,0,1,0,0,0,0,0,0,0,0,0,1,0,0,0,0,1,0,1,1,1
407,0,0,1,7,2,0,10,0,0,1,0,0,0,0,15.5,36.22,1,7850.0,60,0,1,0,0,0,0,0,1,0,0,0,0,0,0,1,0,0,0,1,0,0,1,0,0,0,1,0,0,0,0,0,0,0,0,0,0,0,1,0,0,0,0,0,0,1,0,0,1,0,0,1
408,0,0,1,7,2,0,10,0,0,1,0,0,0,0,15.5,36.22,1,7850.0,60,0,1,0,0,0,0,0,1,0,0,0,0,0,0,1,0,0,0,1,0,0,0,1,0,0,1,0,0,0,0,0,0,0,0,0,0,0,1,0,0,0,0,0,0,1,0,0,1,0,0,1
409,0,1,0,3,14,1,1,0,1,0,0,0,0,0,16.25,44.0,1,5866.0,30,0,0,0,0,1,1,0,0,0,0,0,0,0,1,0,0,0,0,1,0,0,1,0,0,0,0,0,0,0,1,0,0,0,0,0,0,0,0,1,0,0,0,0,1,0,0,0,1,1,0,1
410,0,0,1,4,14,1,0,0,0,0,0,0,0,1,16.0,48.05,2,4500.0,15,0,0,0,0,1,1,0,0,0,0,0,0,0,1,0,0,0,0,1,0,0,1,0,0,0,1,0,0,0,0,0,0,0,0,0,0,0,0,1,0,0,0,0,1,0,0,0,1,1,0,1
411,0,1,0,4,14,1,1,0,0,0,0,1,0,0,16.25,44.0,1,1300.0,40,1,0,0,0,0,1,0,0,0,0,0,0,0,1,0,0,0,0,1,0,0,1,0,0,0,0,0,0,0,0,1,0,0,0,0,0,0,0,0,1,0,0,0,1,0,0,0,1,1,0,1
412,0,1,0,4,14,1,2,0,0,1,0,0,0,0,16.25,45.0,1,5866.0,30,0,0,0,0,1,1,0,0,0,0,0,0,0,1,0,0,0,0,1,0,0,1,0,0,0,0,0,0,0,0,0,0,1,0,0,0,0,0,1,0,0,0,0,1,0,0,0,1,1,0,1
413,0,0,1,4,20,1,1,0,0,0,0,0,1,0,16.25,37.0,1,7000.0,40,0,0,0,1,0,0,0,0,0,0,0,0,1,1,0,0,0,0,1,0,0,0,0,1,0,0,0,0,0,1,0,0,0,0,0,0,0,1,0,0,0,0,0,1,0,0,0,1,1,1,1
414,0,0,0,8,0,0,0,1,0,0,0,0,0,0,13.33,30.0,1,7850.0,40,0,0,0,1,0,0,0,1,0,0,0,0,0,0,0,1,0,0,1,0,0,1,0,0,0,0,0,0,0,0,0,1,0,0,0,0,0,0,0,0,0,1,0,0,0,0,1,1,1,0,1
415,0,0,0,99,0,0,1,0,1,0,0,0,0,0,16.25,37.0,1,7850.0,90,1,0,0,0,0,0,0,1,0,0,0,0,0,1,0,0,0,0,1,0,0,1,0,0,0,0,0,0,0,0,0,1,0,0,0,0,0,0,1,0,0,0,0,1,0,0,0,1,0,0,1
416,0,0,1,99,2,0,4,0,0,1,0,0,0,0,16.5,52.0,1,20000.0,40,0,0,0,0,1,0,0,0,0,0,0,0,1,1,0,0,0,0,1,0,0,1,0,0,0,0,0,0,0,0,0,1,0,0,0,0,0,0,1,0,0,0,0,1,0,0,0,0,0,0,1
417,0,0,0,8,4,0,3,1,0,0,0,0,0,0,12.5,30.0,1,3000.0,10,0,0,0,1,0,1,0,0,0,0,0,0,0,1,0,0,0,0,1,0,0,1,0,0,0,0,0,0,0,0,0,1,0,0,0,0,0,0,0,0,0,1,0,1,0,0,0,1,0,0,1
418,0,0,1,3,2,0,0,0,1,0,0,0,0,0,12.67,40.0,1,7850.0,30,0,0,0,1,0,0,0,1,0,0,0,0,0,0,1,0,0,0,1,0,0,1,0,0,0,0,0,0,0,1,0,0,0,0,0,0,0,1,0,0,0,0,0,0,0,0,1,1,1,0,1
419,0,0,0,6,3,0,2,1,0,0,0,0,0,0,11.0,50.0,1,23000.0,180,0,0,0,0,1,0,0,0,0,0,1,0,0,0,0,1,0,1,0,0,0,1,0,0,0,0,0,0,0,0,0,0,0,0,0,1,0,1,0,0,0,0,0,0,0,1,0,1,0,1,1
420,0,0,0,7,0,0,0,0,0,1,0,0,0,0,9.0,60.0,1,1150.0,40,1,0,0,0,0,1,0,0,0,0,0,0,0,0,1,0,0,1,0,0,0,1,0,0,0,0,0,0,0,0,0,1,0,0,0,0,0,0,0,0,1,0,0,1,0,0,0,0,0,1,1
421,0,0,0,4,20,1,1,0,0,1,0,0,0,0,16.5,60.0,1,2000.0,50,1,0,0,0,0,0,0,0,0,1,0,0,0,0,1,0,0,0,1,0,0,1,0,0,0,0,0,0,0,0,0,1,0,0,0,0,0,0,1,0,0,0,0,1,0,0,0,1,1,0,1
422,0,0,0,5,0,0,0,0,1,0,0,0,0,0,12.5,48.05,1,1150.0,305,0,0,1,0,0,0,0,0,0,1,0,0,0,1,0,0,0,0,1,0,0,1,0,0,0,0,0,0,0,0,0,1,0,0,0,0,0,0,0,1,0,0,0,1,0,0,0,1,1,1,1
423,0,0,0,10,0,0,0,0,1,0,0,0,0,0,9.42,55.25,1,6000.0,60,0,0,0,0,1,0,0,1,0,0,0,0,0,1,0,0,0,1,0,0,0,1,0,0,0,0,0,0,0,0,0,1,0,0,0,0,0,0,1,0,0,0,0,0,0,0,1,1,1,1,1
424,0,0,0,4,1,0,6,0,1,0,0,0,0,0,16.25,50.0,2,1200.0,20,0,0,0,0,1,1,0,0,0,0,0,0,0,1,0,0,0,0,1,0,0,0,1,0,1,0,0,0,0,0,0,0,0,0,0,0,0,0,0,1,0,0,0,1,0,0,0,0,0,1,1
425,0,0,1,180,0,0,0,0,1,0,0,0,0,0,16.25,48.05,1,5866.0,40,0,0,0,1,0,1,0,0,0,0,0,0,0,1,0,0,0,0,1,0,0,1,0,0,0,0,0,0,0,0,0,1,0,0,0,0,0,0,1,0,0,0,0,1,0,0,0,1,0,0,1
426,0,0,0,365,2,0,2,0,1,0,0,0,0,0,16.5,52.0,1,20000.0,40,0,0,0,1,0,0,0,0,0,0,0,0,1,1,0,0,0,0,1,0,0,1,0,0,0,0,1,0,0,0,0,0,0,0,0,0,0,1,0,0,0,0,0,1,0,0,0,0,0,0,1
427,0,0,1,4,5,1,1,0,0,0,0,1,0,0,9.5,35.0,1,10000.0,20,1,0,0,0,0,0,0,1,0,0,0,0,0,1,0,0,0,0,1,0,0,1,0,0,0,0,0,0,0,0,0,0,0,0,0,1,0,0,0,0,0,1,0,1,0,0,0,0,1,0,1
428,0,0,1,5,2,0,0,0,1,0,0,0,0,0,16.92,35.0,1,6000.0,30,0,0,0,1,0,0,0,1,0,0,0,0,0,0,1,0,0,0,1,0,0,1,0,0,0,0,0,0,0,0,0,1,0,0,0,0,1,0,0,0,0,0,0,1,0,0,0,1,1,1,1
429,0,0,0,3,3,0,0,0,0,0,0,0,1,0,11.0,40.0,1,1350.0,60,0,0,0,1,0,1,0,0,0,0,0,0,0,0,0,1,0,1,0,0,0,1,0,0,0,1,0,0,0,0,0,0,0,0,0,0,0,0,0,0,1,0,0,0,0,1,0,1,1,0,1
430,0,0,0,3,3,0,0,0,1,0,0,0,0,0,19.75,55.25,2,20314.0,180,0,0,0,0,1,0,0,0,0,0,0,0,1,1,0,0,0,0,0,1,0,1,0,0,0,1,0,0,0,0,0,0,0,0,0,0,1,0,0,0,0,0,0,0,0,0,1,0,1,1,1
431,0,0,0,3,3,0,0,0,1,0,0,0,0,0,19.75,55.25,2,20314.0,180,0,0,0,1,0,0,0,0,0,0,0,0,1,1,0,0,0,0,0,1,0,1,0,0,0,1,0,0,0,0,0,0,0,0,0,0,1,0,0,0,0,0,0,0,0,0,1,0,0,1,1
432,0,0,1,3,1,0,1,0,1,0,0,0,0,0,16.92,42.0,1,20314.0,60,0,0,0,1,0,0,0,0,0,0,0,0,1,0,1,0,0,0,1,0,0,1,0,0,0,0,0,0,0,0,0,1,0,0,0,0,1,0,0,0,0,0,0,1,0,0,0,0,1,0,1
433,0,0,0,4,2,0,0,0,1,0,0,0,0,0,19.75,55.25,2,20314.0,10,0,0,0,1,0,0,0,0,0,0,0,0,1,1,0,0,0,0,0,1,0,1,0,0,0,1,0,0,0,0,0,0,0,0,0,0,0,0,1,0,0,0,0,0,0,0,1,0,1,0,1
434,0,0,1,5,1,0,0,0,0,1,0,0,0,0,15.0,40.0,1,5866.0,30,0,0,0,0,1,1,0,0,0,0,0,0,0,0,1,0,0,0,1,0,0,1,0,0,0,1,0,0,0,0,0,0,0,0,0,0,0,1,0,0,0,0,0,0,0,0,1,1,1,0,1
435,0,0,1,2,1,0,0,0,0,1,0,0,0,0,19.0,40.0,1,20314.0,120,0,0,0,1,0,0,0,0,0,0,0,0,1,0,1,0,0,0,0,1,0,1,0,0,0,1,0,0,0,0,0,0,0,0,0,0,0,1,0,0,0,0,0,0,0,0,1,0,0,0,1
436,0,0,1,1,1,0,0,0,0,1,0,0,0,0,20.0,40.0,1,20314.0,50,0,0,0,1,0,0,0,0,0,0,0,0,1,0,1,0,0,0,0,1,0,1,0,0,0,1,0,0,0,0,0,0,0,0,0,0,0,0,1,0,0,0,0,0,0,0,1,0,0,0,1
437,0,0,1,7,1,0,1,0,0,1,0,0,0,0,19.25,50.0,1,20314.0,50,0,0,0,1,0,0,0,0,0,0,0,0,1,0,1,0,0,0,0,1,0,1,0,0,0,1,0,0,0,0,0,0,0,0,0,0,0,1,0,0,0,0,0,0,0,0,1,0,0,0,1
438,0,0,1,3,1,0,0,0,0,1,0,0,0,0,20.0,36.22,1,20314.0,40,0,0,1,0,0,0,0,0,0,0,0,0,1,0,1,0,0,0,0,1,0,1,0,0,0,1,0,0,0,0,0,0,0,0,0,0,0,0,0,0,0,0,1,0,1,0,0,0,0,0,1
439,0,0,1,2,1,0,0,0,0,1,0,0,0,0,20.0,36.22,1,20314.0,60,0,0,0,1,0,0,0,0,0,0,0,0,1,0,1,0,0,0,0,1,0,1,0,0,0,1,0,0,0,0,0,0,0,0,0,0,0,0,1,0,0,0,0,0,1,0,0,0,1,1,1
440,0,0,0,3,1,0,3,0,0,0,1,0,0,0,20.02,36.22,1,20314.0,40,0,0,0,1,0,0,0,0,0,0,0,0,1,0,1,0,0,0,0,1,0,1,0,0,0,1,0,0,0,0,0,0,0,0,0,0,0,1,0,0,0,0,0,0,1,0,0,0,1,0,1
441,0,0,1,5,1,0,0,0,0,1,0,0,0,0,16.92,33.48,2,20314.0,180,0,0,0,1,0,0,0,0,0,0,0,0,1,0,1,0,0,0,1,0,0,1,0,0,0,0,0,0,0,0,0,0,0,0,1,0,1,0,0,0,0,0,0,1,0,0,0,0,1,1,1
442,0,1,0,365,2,0,6,0,0,1,0,0,0,0,15.0,40.0,1,5866.0,15,0,0,0,0,1,1,0,0,0,0,0,0,0,0,1,0,0,0,1,0,0,1,0,0,1,0,0,0,0,0,0,0,0,0,0,0,0,0,0,1,0,0,0,0,0,0,1,0,0,0,1
443,0,1,1,365,1,1,5,0,0,1,0,0,0,0,16.67,45.0,1,20314.0,15,0,0,0,0,1,0,0,0,0,0,0,0,1,0,1,0,0,0,1,0,0,1,0,0,1,0,0,0,0,0,0,0,0,0,0,0,0,0,0,0,1,0,0,0,0,0,1,1,1,0,1
444,0,1,0,4,6,1,0,0,1,0,0,0,0,0,16.0,60.0,2,5866.0,10,0,0,0,0,1,1,0,0,0,0,0,0,0,1,0,0,0,0,1,0,0,1,0,0,0,0,0,0,0,0,0,0,0,0,0,1,0,1,0,0,0,0,0,1,0,0,0,1,1,0,1
445,0,1,0,3,6,1,2,0,1,0,0,0,0,0,15.94,60.0,2,5866.0,10,0,0,0,0,1,1,0,0,0,0,0,0,0,1,0,0,0,0,1,0,0,1,0,0,0,0,0,0,0,0,0,0,0,0,1,0,0,1,0,0,0,0,0,1,0,0,0,1,1,0,1
446,0,1,1,8,1,0,1,0,1,0,0,0,0,0,19.25,50.0,2,4850.0,10,1,0,0,0,0,0,1,0,0,0,0,0,0,0,0,0,1,0,0,1,0,1,0,0,0,0,0,1,0,0,0,0,0,0,0,0,0,0,1,0,0,0,0,0,0,0,1,1,1,0,1
447,0,1,0,5,13,1,1,0,1,0,0,0,0,0,15.94,48.05,1,7850.0,64,0,0,0,0,1,0,0,1,0,0,0,0,0,1,0,0,0,0,1,0,0,1,0,0,0,0,0,0,0,0,0,0,1,0,0,0,0,0,0,1,0,0,0,1,0,0,0,1,1,0,1
448,0,1,0,10,7,1,0,0,1,0,0,0,0,0,16.0,60.0,2,5866.0,10,0,0,0,0,1,1,0,0,0,0,0,0,0,1,0,0,0,0,1,0,0,1,0,0,0,0,0,0,0,0,0,0,1,0,0,0,0,1,0,0,0,0,0,1,0,0,0,1,1,0,1
449,0,1,0,2,1,0,0,0,0,1,0,0,0,0,20.0,45.0,1,7850.0,120,0,0,0,1,0,0,0,1,0,0,0,0,0,0,1,0,0,0,0,1,0,1,0,0,0,0,0,0,0,0,0,0,0,1,0,0,0,1,0,0,0,0,0,0,1,0,0,1,1,0,1
450,0,0,0,6,2,0,2,0,1,0,0,0,0,0,20.08,45.21,1,20314.0,40,0,0,0,1,0,0,0,0,0,0,0,0,1,0,1,0,0,0,0,1,0,1,0,0,0,0,0,0,0,0,0,1,0,0,0,0,0,0,0,1,0,0,0,0,0,0,1,0,1,0,1
451,0,0,0,4,1,0,0,0,0,1,0,0,0,0,20.0,45.0,1,20314.0,45,0,0,0,1,0,0,0,0,0,0,0,0,1,0,1,0,0,0,0,1,0,1,0,0,0,1,0,0,0,0,0,0,0,0,0,0,0,1,0,0,0,0,0,0,0,0,1,0,1,0,1
452,0,0,0,3,1,0,3,0,1,0,0,0,0,0,20.0,45.21,1,20314.0,60,0,0,1,0,0,0,0,0,0,0,0,0,1,0,1,0,0,0,0,1,0,1,0,0,0,0,0,0,1,0,0,0,0,0,0,0,0,0,1,0,0,0,0,0,0,0,1,0,0,0,1
453,0,0,0,5,2,0,7,0,1,0,0,0,0,0,20.0,45.21,1,20314.0,40,0,0,0,1,0,0,0,0,0,0,0,0,1,0,1,0,0,0,0,1,0,1,0,0,0,0,0,0,0,0,1,0,0,0,0,0,0,0,0,1,0,0,0,0,0,0,1,0,1,0,1
454,0,0,0,5,2,0,1,0,1,0,0,0,0,0,20.0,45.21,1,20314.0,40,0,1,0,0,0,0,0,0,0,0,0,0,1,0,1,0,0,0,0,1,0,1,0,0,0,0,0,0,0,0,0,0,1,0,0,0,0,0,0,1,0,0,0,0,0,0,1,0,1,0,1
455,0,1,1,6,1,0,2,0,1,0,0,0,0,0,19.75,55.25,1,5866.0,30,0,0,0,1,0,1,0,0,0,0,0,0,0,1,0,0,0,0,0,1,0,1,0,0,0,1,0,0,0,0,0,0,0,0,0,0,0,0,1,0,0,0,0,0,0,0,1,1,0,0,1
456,0,1,0,4,2,0,2,1,0,0,0,0,0,0,20.0,36.22,1,3000.0,30,0,1,0,0,0,1,0,0,0,0,0,0,0,0,1,0,0,0,0,1,0,1,0,0,0,0,0,0,0,0,0,0,1,0,0,0,0,0,1,0,0,0,0,0,1,0,0,1,0,0,1
457,0,1,0,4,2,0,1,0,0,1,0,0,0,0,20.0,36.22,1,5866.0,40,0,0,0,1,0,1,0,0,0,0,0,0,0,0,1,0,0,0,0,1,0,1,0,0,0,0,0,0,0,0,0,0,1,0,0,0,0,0,0,0,1,0,0,0,1,0,0,1,1,0,1
458,0,0,1,8,3,0,10,0,1,0,0,0,0,0,19.75,62.0,1,20314.0,45,0,0,0,0,1,0,0,0,0,0,0,0,1,1,0,0,0,0,0,1,0,1,0,0,0,0,0,0,0,0,0,0,0,0,0,1,1,0,0,0,0,0,0,0,0,0,1,1,0,0,1
459,0,0,0,8,3,0,6,0,1,0,0,0,0,0,19.75,25.0,1,20314.0,45,0,0,0,0,1,0,0,0,0,0,0,0,1,1,0,0,0,0,0,1,0,1,0,0,0,0,0,0,1,0,0,0,0,0,0,0,0,0,0,0,1,0,0,0,0,0,1,1,0,0,1
460,0,1,1,28,1,0,3,0,1,0,0,0,0,0,19.0,33.48,2,20314.0,30,0,0,1,0,0,0,0,0,0,0,0,0,1,0,1,0,0,0,0,1,0,1,0,0,0,1,0,0,0,0,0,0,0,0,0,0,0,0,0,0,0,0,1,1,0,0,0,0,0,0,1
461,0,1,1,2,4,0,15,0,0,0,1,0,0,0,19.25,17.0,1,30000.0,40,0,1,0,0,0,0,0,0,0,0,0,0,1,0,1,0,0,0,0,1,0,0,1,0,1,0,0,0,0,0,0,0,0,0,0,0,0,0,0,0,0,0,1,0,0,0,1,0,0,0,1
462,0,0,0,2,3,0,3,0,0,0,1,0,0,0,16.92,70.0,1,5866.0,40,0,0,0,1,0,1,0,0,0,0,0,0,0,0,1,0,0,0,1,0,0,0,1,0,0,0,0,0,0,0,0,0,1,0,0,0,0,0,0,0,0,0,1,1,0,0,0,1,1,0,1
