ID,Airport,Airline,Age,Gender,Nationality,TripPurpose,TripDuration,FlyingCompanion,ProvinceResidence,GroupTravel,NoTripsLastYear,FrequentFlightDestination1,FrequentFlightDestination2,FrequentFlightDestination3,FrequentFlightDestination4,FrequentFlightDestination5,FrequentFlightDestination6,FrequentFlightDestination7,Destination,TotalDepartureHr,DepartureTime,SeatClass,Airfare,NoTransport,ModeTransport,AccessCost,AccessTime,Occupation,Income,MileageAirline,FrequentDestination1,FrequentDestination2,FrequentDestination3,FrequentDestination4,FrequentDestination5,FrequentDestination6,FrequentDestination7,MileageAirline1,MileageAirline2,MileageAirline3,MileageAirline4,MileageAirline5
1,1,1,49,1,1,2,7,0,3,2,3,1,0,0,0,0,0,0,3,12.08,2,1,80,1,6,8.00E+03,40,1,5,1,1,0,0,0,0,0,0,1,0,0,0,0
2,1,1,49,2,1,1,4,4,3,2,1,1,0,0,0,0,0,0,2,10.17,1,1,41,1,6,8.00E+03,50,9,3,5,1,0,0,0,0,0,0,0,0,0,0,1
3,1,1,25,1,1,1,10,2,3,2,1,0,1,0,0,0,0,0,1,11.5,1,1,49.83,2,4,1.00E+03,20,12,3,5,0,1,0,0,0,0,0,0,0,0,0,1
4,1,1,29,1,1,2,7,2,3,2,2,0,0,0,0,1,0,0,2,15.33,2,1,26.43,1,1,12642,76,8,7,2,0,0,0,0,1,0,0,0,1,0,0,0
5,1,1,34,2,1,2,4,0,3,2,2,0,1,0,0,0,0,0,1,1,2,1,40,1,6,8.00E+03,50,1,3,5,0,1,0,0,0,0,0,0,0,0,0,1
6,1,1,43,1,1,4,40,1,3,2,4,0,1,0,0,0,0,0,1,14.75,2,1,34,1,6,8.00E+03,50,1,3,5,0,1,0,0,0,0,0,0,0,0,0,1
7,1,1,43,2,1,4,40,1,3,2,0,0,1,0,0,0,0,0,1,14.75,2,1,34,1,6,8.00E+03,50,9,3,5,0,1,0,0,0,0,0,0,0,0,0,1
8,1,1,52,1,1,1,7,1,3,2,0,0,0,0,1,0,0,0,2,10.25,1,1,56,1,6,8.00E+03,50,2,3,3,0,0,0,1,0,0,0,0,0,1,0,0
9,1,3,24,2,1,1,4,1,3,2,0,1,0,0,0,0,0,0,3,19.58,3,1,34,2,2,2400,5,12,3,5,1,0,0,0,0,0,0,0,0,0,0,1
10,1,1,52,2,1,1,5,1,5,1,2,1,0,0,0,0,0,0,3,19,3,1,60.79,2,10,9.00E+04,60,12,2,5,1,0,0,0,0,0,0,0,0,0,0,1
11,1,1,29,2,1,1,5,2,3,2,4,1,0,0,0,0,0,0,2,13.58,2,1,54,2,3,1100,10,12,3,5,1,0,0,0,0,0,0,0,0,0,0,1
12,1,4,45,1,1,1,7,1,3,1,10,1,0,0,0,0,0,0,4,15.25,2,1,80,1,6,8.00E+03,50,1,2,1,1,0,0,0,0,0,0,1,0,0,0,0
13,1,1,24,1,5,2,90,1,8,2,4,0,1,0,1,0,0,0,1,19,3,1,37,1,5,8400,180,2,2,4,0,1,0,1,0,0,0,0,0,0,1,0
14,1,3,27,1,1,1,5,1,1,2,0,1,0,0,0,0,0,0,3,17,2,1,40,1,5,1500,90,2,4,4,1,0,0,0,0,0,0,0,0,0,1,0
15,1,2,62,1,1,2,4,2,3,2,8,0,0,1,0,0,0,0,2,10.33,3,2,27.12,1,5,1500,76,5,3,4,0,0,1,0,0,0,0,0,0,0,1,0
16,1,3,31,2,1,1,5,2,3,2,2,0,0,0,0,1,0,0,3,17.5,2,1,40,2,2,3.00E+03,5,12,2,5,0,0,0,0,1,0,0,0,0,0,0,1
17,1,3,28,2,1,1,4,1,3,2,2,0,0,0,0,1,0,0,3,17.33,2,1,29,2,2,2700,10,12,3,5,0,0,0,0,1,0,0,0,0,0,0,1
18,1,3,29,2,1,1,6,5,3,2,1,0,0,1,0,0,0,0,3,20.08,3,1,38,2,3,1100,20,12,3,5,0,0,1,0,0,0,0,0,0,0,0,1
19,1,3,40,1,1,1,5,5,1,1,2,1,0,0,0,0,0,0,3,17.36,4,1,70,1,1,6.00E+03,60,2,3,1,1,0,0,0,0,0,0,1,0,0,0,0
20,1,3,29,1,1,1,6,5,3,2,1,1,0,0,0,0,0,0,3,20,3,1,38,1,1,12642,76,2,3,5,1,0,0,0,0,0,0,0,0,0,0,1
21,1,3,69,2,1,1,5,6,1,2,0,1,0,0,0,0,0,0,3,17.36,4,1,70,1,1,6595,56,9,1,5,1,0,0,0,0,0,0,0,0,0,0,1
22,1,3,29,1,4,1,5,3,1,2,1,0,0,1,0,0,0,0,3,20.42,3,1,44.57,1,5,1500,50,2,2,2,0,0,1,0,0,0,0,0,1,0,0,0
23,1,3,28,1,1,1,5,3,1,2,2,1,0,0,0,0,0,0,3,8.67,4,1,44.57,1,5,900,10,1,4,4,1,0,0,0,0,0,0,0,0,0,1,0
24,1,3,35,1,1,1,6,2,1,2,1,0,0,0,1,0,0,0,3,20.08,3,1,48,1,1,3,90,5,3,2,0,0,0,1,0,0,0,0,1,0,0,0
25,1,4,30,2,1,1,5,2,3,2,5,0,0,0,0,1,0,0,3,4.33,2,1,53,1,6,1.00E+04,60,9,3,5,0,0,0,0,1,0,0,0,0,0,0,1
26,1,4,22,1,4,4,30,0,3,2,0,0,0,0,0,0,1,0,4,11.75,4,1,39,3,3,1100,15,12,3,5,0,0,0,0,0,1,0,0,0,0,0,1
27,1,1,55,1,1,1,5,3,3,2,2,0,1,0,0,1,0,0,1,14.17,2,1,28,2,2,4.00E+03,10,12,2,5,0,1,0,0,1,0,0,0,0,0,0,1
28,1,1,20,2,1,3,21,1,3,2,1,0,0,0,0,1,0,0,1,19.75,3,1,49.83,1,6,8.00E+03,50,8,3,4,0,0,0,0,1,0,0,0,0,0,1,0
29,1,3,33,1,1,1,5,2,5,2,1,1,0,0,0,0,0,0,3,19.58,3,1,44.57,2,2,7500,30,12,2,5,1,0,0,0,0,0,0,0,0,0,0,1
30,1,4,31,2,1,1,3,4,1,2,1,1,0,0,0,0,0,0,4,9.42,1,1,43,1,6,1.00E+04,60,2,1,3,1,0,0,0,0,0,0,0,0,1,0,0
31,1,3,33,2,1,1,6,2,1,2,2,1,0,0,0,0,0,0,3,20.08,3,1,48,1,1,6595,60,5,4,1,1,0,0,0,0,0,0,1,0,0,0,0
32,1,1,46,1,1,2,4,1,3,2,50,0,1,0,0,0,0,0,3,19,3,2,60.79,1,6,5500,40,12,5,4,0,1,0,0,0,0,0,0,0,0,1,0
33,1,1,24,2,1,1,45,2,5,2,1,0,0,0,0,1,0,0,4,13,2,1,140,2,7,17900,180,12,3,5,0,0,0,0,1,0,0,0,0,0,0,1
34,1,1,22,1,1,3,100,0,6,2,0,0,0,0,0,0,1,0,4,20.08,3,1,110,1,7,1200,15,12,3,5,0,0,0,0,0,1,0,0,0,0,0,1
35,1,3,32,2,1,1,6,2,5,2,1,1,0,0,0,0,0,0,3,20.08,3,1,40,2,2,7500,10,12,2,5,1,0,0,0,0,0,0,0,0,0,0,1
36,1,1,34,2,4,1,15,4,1,2,1,1,0,0,0,0,0,0,3,18.67,3,1,70,1,1,6595,56,2,2,1,1,0,0,0,0,0,0,1,0,0,0,0
37,1,1,40,2,1,1,5,4,1,2,1,1,0,0,0,0,0,0,3,14.33,2,3,80,2,3,1.00E+03,56,12,2,5,1,0,0,0,0,0,0,0,0,0,0,1
38,1,4,22,2,1,1,30,2,1,2,0,0,0,0,0,1,0,0,4,20.08,3,1,108,2,3,1050,56,12,3,5,0,0,0,0,1,0,0,0,0,0,0,1
39,1,1,36,1,1,1,16,2,1,1,3,1,0,0,0,0,0,0,4,16.21,2,1,100,1,3,1300,40,1,4,1,1,0,0,0,0,0,0,1,0,0,0,0
40,1,2,22,1,1,1,40,0,1,2,2,1,0,0,0,1,1,0,4,16.21,4,1,100,1,6,1.00E+04,120,8,4,5,1,0,0,0,1,1,0,0,0,0,0,1
41,1,4,22,2,1,1,30,2,1,2,0,0,0,0,0,1,0,0,4,20,3,1,108,2,3,1050,8,12,3,5,0,0,0,0,1,0,0,0,0,0,0,1
42,1,1,44,1,1,2,3,2,1,2,4,1,0,0,0,0,0,0,3,18.67,3,1,59,1,1,0,15,5,5,1,1,0,0,0,0,0,0,1,0,0,0,0
43,1,1,31,2,1,4,4,0,3,2,100,1,1,1,1,1,0,0,3,10.58,1,2,40,2,2,8.00E+03,10,12,2,5,1,1,1,1,1,0,0,0,0,0,0,1
44,1,1,57,1,4,2,140,1,5,2,10,1,0,0,0,0,0,0,3,18.67,3,1,60.79,2,10,27920,60,12,2,5,1,0,0,0,0,0,0,0,0,0,0,1
45,1,3,28,1,1,1,5,4,3,2,4,0,0,0,0,0,1,0,3,19.58,3,1,30,1,6,1.20E+04,75,2,2,5,0,0,0,0,0,1,0,0,0,0,0,1
46,1,1,32,2,1,1,10,2,3,2,2,1,0,0,0,0,0,0,1,14.83,2,1,48,2,2,5.00E+03,10,12,2,5,1,0,0,0,0,0,0,0,0,0,0,1
47,1,1,29,2,1,1,5,2,3,2,2,0,0,1,0,0,0,0,2,13.58,2,1,54,1,6,8.00E+03,50,3,2,5,0,0,1,0,0,0,0,0,0,0,0,1
48,1,1,35,2,1,2,3,5,3,2,20,1,0,0,0,0,0,0,3,18.67,3,1,60,1,6,6.00E+03,40,12,3,4,1,0,0,0,0,0,0,0,0,0,1,0
49,1,2,45,1,2,2,15,1,8,2,7,1,0,0,0,0,0,0,1,12.67,2,1,52,1,6,8.00E+03,40,1,3,5,1,0,0,0,0,0,0,0,0,0,0,1
50,1,3,28,1,1,1,7,9,3,1,2,1,0,0,0,0,0,0,3,8.5,3,1,45,1,6,1.10E+04,90,2,4,4,1,0,0,0,0,0,0,0,0,0,1,0
51,1,3,53,2,1,1,7,9,3,2,0,1,0,0,0,0,0,0,3,20.5,3,1,45,2,2,1050,20,12,2,5,1,0,0,0,0,0,0,0,0,0,0,1
52,1,3,57,1,1,1,7,9,1,2,3,1,1,0,0,0,0,0,3,20.5,3,1,50,2,3,6595,56,12,2,5,1,1,0,0,0,0,0,0,0,0,0,1
53,1,3,43,2,4,1,4,4,1,2,2,1,0,0,0,0,0,0,3,19.58,3,1,44.57,1,5,3700,100,5,2,5,1,0,0,0,0,0,0,0,0,0,0,1
54,1,3,21,2,1,1,4,4,1,2,0,1,0,0,0,0,0,0,3,19.58,3,1,44.57,1,5,6595,56,8,3,5,1,0,0,0,0,0,0,0,0,0,0,1
55,1,2,67,2,1,1,7,2,1,1,3,1,0,0,0,0,0,0,1,8.5,3,2,48.34,1,4,1.00E+04,65,7,4,5,1,0,0,0,0,0,0,0,0,0,0,1
56,1,2,66,1,1,1,6,8,2,1,1,1,0,0,0,0,0,0,1,20,3,1,78,1,1,3175,39,7,2,5,1,0,0,0,0,0,0,0,0,0,0,1
57,1,3,29,1,1,1,6,1,3,2,3,0,0,1,0,0,0,0,2,15.5,2,1,17,2,4,2.00E+03,60,12,3,5,0,0,1,0,0,0,0,0,0,0,0,1
58,1,1,30,2,1,1,5,2,5,2,122,1,0,0,0,0,0,0,3,14.33,2,1,64,2,8,4.80E+04,90,12,3,5,1,0,0,0,0,0,0,0,0,0,0,1
59,1,2,44,2,2,1,99,1,8,2,4,0,1,0,0,0,0,0,1,12.5,2,1,31,1,1,8400,34,9,4,4,0,1,0,0,0,0,0,0,0,0,1,0
60,1,3,36,1,1,1,5,1,4,2,3,1,0,1,0,0,0,0,3,17.36,2,1,44.57,2,8,10600,60,1,3,4,1,0,1,0,0,0,0,0,0,0,1,0
61,1,2,53,1,5,2,7,2,8,2,50,1,0,0,0,0,0,0,3,18.5,3,1,75,1,8,8400,150,2,6,4,1,0,0,0,0,0,0,0,0,0,1,0
62,1,4,47,1,1,1,2,3,1,2,0,1,0,0,0,0,0,0,2,5.75,2,1,20,2,2,1050,40,12,2,5,1,0,0,0,0,0,0,0,0,0,0,1
63,1,1,27,1,1,2,180,1,5,2,4,0,0,1,0,0,0,0,2,18.5,3,1,67,2,8,5.00E+04,311,12,3,5,0,0,1,0,0,0,0,0,0,0,0,1
64,1,4,22,2,5,1,5,1,1,2,12,0,0,0,0,0,1,0,2,17.75,2,1,19,2,5,6595,56,12,3,5,0,0,0,0,0,1,0,0,0,0,0,1
65,1,3,28,1,1,1,6,5,3,2,0,1,0,0,0,0,0,0,3,20.08,3,1,38,2,3,1100,20,12,3,5,1,0,0,0,0,0,0,0,0,0,0,1
66,1,4,29,2,2,1,20,1,1,2,2,1,0,0,0,0,0,0,1,19.17,3,1,30,1,5,6900,43,2,1,4,1,0,0,0,0,0,0,0,0,0,1,0
67,1,1,47,1,1,1,5,2,3,2,3,1,0,0,0,0,0,0,3,19,3,1,60.79,1,5,1200,40,4,5,1,1,0,0,0,0,0,0,1,0,0,0,0
68,1,1,38,1,1,1,4,3,1,2,3,0,0,0,0,1,0,0,2,14.79,2,1,26.43,1,2,3.00E+03,5,2,3,5,0,0,0,0,1,0,0,0,0,0,0,1
70,1,2,39,2,1,1,5,1,1,2,4,0,0,1,0,0,1,0,2,9,1,1,60,1,6,1.30E+04,60,9,3,5,0,0,1,0,0,1,0,0,0,0,0,1
71,1,3,26,2,1,1,5,2,2,2,0,1,0,0,0,0,0,0,3,25.02,4,1,44.57,1,5,1300,50,5,2,5,1,0,0,0,0,0,0,0,0,0,0,1
73,1,2,28,1,1,2,3,2,1,2,2,0,0,1,0,0,0,0,2,14.79,2,1,27.12,1,5,1150,30,2,3,5,0,0,1,0,0,0,0,0,0,0,0,1
74,1,3,22,2,1,1,7,1,6,2,1,0,1,1,0,0,0,0,3,7.58,3,1,24,1,1,1200,290,8,7,5,0,1,1,0,0,0,0,0,0,0,0,1
75,1,1,34,1,2,2,30,1,5,2,12,0,1,0,0,0,0,0,1,19.75,3,1,49.83,3,4,27920,311,2,2,5,0,1,0,0,0,0,0,0,0,0,0,1
76,1,2,40,1,1,2,15,1,4,2,3,0,1,0,0,0,0,0,1,14,2,1,48.34,3,2,1.10E+04,10,12,2,5,0,1,0,0,0,0,0,0,0,0,0,1
77,1,3,22,2,4,3,7,1,6,2,2,1,0,0,0,0,0,0,3,7.58,3,1,24,3,8,1200,290,12,3,5,1,0,0,0,0,0,0,0,0,0,0,1
78,1,3,33,1,1,1,6,1,3,2,1,0,0,0,1,0,0,0,3,16,2,1,40,2,5,1050,60,12,2,5,0,0,0,1,0,0,0,0,0,0,0,1
79,1,3,29,2,1,1,5,0,3,2,1,1,0,0,0,0,0,0,3,16,2,1,40,1,5,1050,60,2,3,5,1,0,0,0,0,0,0,0,0,0,0,1
80,1,2,43,1,1,1,4,3,1,1,1,1,0,0,0,0,0,0,3,17.36,2,1,29.12,2,3,6595,56,12,2,5,1,0,0,0,0,0,0,0,0,0,0,1
81,1,4,41,1,1,4,8,10,5,2,5,0,0,0,0,0,1,0,1,13.67,2,2,120,3,1,27920,10,12,2,5,0,0,0,0,0,1,0,0,0,0,0,1
84,1,1,30,1,1,1,5,1,5,2,10,0,1,0,0,0,0,0,3,14.33,2,1,65,3,1,1800,30,12,3,5,0,1,0,0,0,0,0,0,0,0,0,1
85,1,2,50,2,1,1,99,1,8,2,0,1,0,0,0,0,0,0,2,14,2,1,23,1,1,8400,180,9,5,5,1,0,0,0,0,0,0,0,0,0,0,1
86,1,2,31,1,1,2,30,0,1,2,5,0,1,0,0,0,0,0,1,12.67,2,1,54,1,2,3.00E+03,15,3,3,5,0,1,0,0,0,0,0,0,0,0,0,1
87,1,1,34,1,1,2,99,0,1,2,6,0,1,0,1,0,0,0,1,13.08,2,1,20,1,1,6595,56,1,7,4,0,1,0,1,0,0,0,0,0,0,1,0
88,1,4,47,1,1,1,5,3,1,1,2,1,0,0,0,0,0,0,3,13.58,2,1,40.4,2,2,13300,45,12,2,5,1,0,0,0,0,0,0,0,0,0,0,1
90,1,1,40,1,1,1,5,10,3,2,0,0,0,0,0,0,1,0,3,17.36,2,3,60.79,1,7,4300,53,2,2,2,0,0,0,0,0,1,0,0,1,0,0,0
91,1,3,30,2,1,1,7,3,1,2,3,1,0,0,0,0,0,0,3,20.08,3,1,60,1,3,3.00E+03,15,2,3,4,1,0,0,0,0,0,0,0,0,0,1,0
92,1,2,32,1,1,1,5,2,4,2,1,1,0,0,0,0,0,0,3,16,2,2,75,2,8,10600,155,12,2,5,1,0,0,0,0,0,0,0,0,0,0,1
93,1,4,45,1,1,1,5,1,7,2,0,1,0,0,0,0,0,0,3,13.58,2,1,61,3,8,6.00E+03,120,12,2,5,1,0,0,0,0,0,0,0,0,0,0,1
94,1,4,40,2,1,1,5,1,7,2,2,1,0,0,0,0,0,0,3,13.58,2,1,61,3,8,6.00E+03,120,12,2,5,1,0,0,0,0,0,0,0,0,0,0,1
95,1,4,39,1,1,1,0,5,5,2,0,1,0,0,0,0,0,0,3,13.42,2,2,30,3,2,1.00E+04,30,12,2,5,1,0,0,0,0,0,0,0,0,0,0,1
96,1,4,37,1,1,1,6,5,5,2,5,1,0,0,0,0,0,0,3,13.42,2,1,41,3,5,1100,30,12,2,5,1,0,0,0,0,0,0,0,0,0,0,1
97,1,2,44,1,1,2,15,1,1,2,80,0,1,0,0,0,0,0,1,14.33,2,2,48.34,2,2,1.30E+04,45,12,2,5,0,1,0,0,0,0,0,0,0,0,0,1
98,1,2,30,2,1,1,5,2,4,2,1,1,0,0,0,0,0,0,3,16.17,2,2,75,2,8,1.40E+04,40,12,3,5,1,0,0,0,0,0,0,0,0,0,0,1
99,1,4,49,1,1,1,4,2,8,1,0,1,0,0,0,0,0,0,3,20.67,3,3,40.4,1,5,2700,40,3,2,4,1,0,0,0,0,0,0,0,0,0,1,0
100,1,1,50,2,1,1,7,2,2,2,0,1,0,0,0,0,0,0,3,20.33,3,1,60.79,1,5,3175,30,9,4,4,1,0,0,0,0,0,0,0,0,0,1,0
101,1,4,52,2,1,4,99,0,8,2,0,1,0,0,0,0,0,0,3,21.58,4,1,27,1,6,1.50E+04,100,9,1,1,1,0,0,0,0,0,0,1,0,0,0,0
102,1,4,54,2,1,1,5,26,3,1,2,1,0,0,0,0,0,0,3,20,3,1,3,2,2,2500,76,12,2,5,1,0,0,0,0,0,0,0,0,0,0,1
103,1,2,55,2,1,1,6,4,1,1,0,1,0,0,0,0,0,0,1,20.17,3,1,48.34,2,5,6595,56,12,2,5,1,0,0,0,0,0,0,0,0,0,0,1
104,1,1,60,2,1,1,5,2,3,2,1,1,0,0,0,0,0,0,3,20.33,3,1,60.79,1,6,12642,76,11,1,4,1,0,0,0,0,0,0,0,0,0,1,0
105,1,1,62,1,1,1,5,2,3,2,1,1,0,0,0,0,0,0,3,20.33,3,1,60.79,1,6,12642,120,11,1,4,1,0,0,0,0,0,0,0,0,0,1,0
106,1,4,64,2,1,1,5,26,3,1,2,1,0,0,0,0,0,0,3,20,3,1,3,2,2,2500,76,12,2,5,1,0,0,0,0,0,0,0,0,0,0,1
107,1,3,27,2,1,1,5,4,1,2,4,1,0,0,0,0,0,0,3,17.33,2,1,60,1,6,1.50E+04,60,12,2,1,1,0,0,0,0,0,0,1,0,0,0,0
108,1,3,25,2,1,1,5,4,1,2,0,0,1,0,0,0,0,0,3,17.33,2,1,53,1,6,1.30E+04,60,3,2,5,0,1,0,0,0,0,0,0,0,0,0,1
109,1,3,24,2,1,1,5,1,3,2,2,1,0,0,0,0,0,0,3,17.5,2,1,50,1,6,1.20E+04,100,2,4,5,1,0,0,0,0,0,0,0,0,0,0,1
110,1,3,28,1,1,1,6,2,1,2,2,0,0,0,0,1,0,0,3,17.5,2,1,23,1,6,1.40E+04,60,2,7,5,0,0,0,0,1,0,0,0,0,0,0,1
111,1,3,29,1,1,1,3,3,2,2,1,1,0,0,0,0,0,0,3,19.58,3,1,30,1,5,3175,39,2,2,4,1,0,0,0,0,0,0,0,0,0,1,0
112,1,2,25,2,1,1,3,12,1,1,0,0,0,0,0,0,0,1,3,20.33,3,1,29.12,1,6,1.50E+04,160,5,2,5,0,0,0,0,0,0,1,0,0,0,0,1
113,1,1,39,1,1,2,9,1,3,2,1,0,1,0,0,0,0,0,4,11.5,3,1,100,2,8,3.00E+03,60,12,2,5,0,1,0,0,0,0,0,0,0,0,0,1
114,1,4,30,1,1,2,2,1,6,2,3,1,0,0,0,0,0,0,3,15.25,2,1,60,3,2,1200,290,12,3,5,1,0,0,0,0,0,0,0,0,0,0,1
115,1,3,36,1,1,1,3,3,2,2,3,0,0,1,0,0,0,0,3,19.58,3,1,30,2,3,1100,39,12,2,5,0,0,1,0,0,0,0,0,0,0,0,1
116,1,1,31,1,1,1,5,1,1,2,0,1,0,0,1,0,0,0,3,19,3,1,62,1,6,1.00E+04,60,2,4,1,1,0,0,1,0,0,0,1,0,0,0,0
117,1,3,30,1,1,1,4,3,1,2,2,0,0,1,0,0,0,0,3,19.58,3,2,44.57,2,8,6595,90,2,5,1,0,0,1,0,0,0,0,1,0,0,0,0
118,1,1,36,1,1,2,150,0,5,2,3,0,0,0,1,0,0,0,4,21.58,4,1,150,2,2,4600,10,12,2,5,0,0,0,1,0,0,0,0,0,0,0,1
119,1,2,31,2,1,1,15,2,8,2,0,0,0,1,0,0,0,0,2,21,4,1,27.12,1,1,8400,180,2,3,5,0,0,1,0,0,0,0,0,0,0,0,1
120,1,2,37,2,1,1,5,4,3,1,2,0,0,1,0,0,0,0,1,20,3,1,41,1,6,1.20E+04,90,3,2,2,0,0,1,0,0,0,0,0,1,0,0,0
121,1,1,43,1,1,2,9,2,3,2,1,0,1,1,0,0,0,0,4,19.5,3,1,120,1,6,12642,76,2,3,5,0,1,1,0,0,0,0,0,0,0,0,1
122,1,3,45,1,1,1,5,1,4,2,1,1,1,0,0,0,0,0,3,19.58,3,1,35,2,8,10600,155,12,2,5,1,1,0,0,0,0,0,0,0,0,0,1
123,1,1,42,2,1,1,5,3,1,1,0,1,0,0,0,0,0,0,3,5.67,2,1,50,2,2,2400,10,12,2,5,1,0,0,0,0,0,0,0,0,0,0,1
124,1,2,44,1,1,4,10,0,1,2,2,1,0,0,0,0,0,0,3,19.83,3,1,55,1,6,9.00E+03,40,2,4,4,1,0,0,0,0,0,0,0,0,0,1,0
125,1,4,55,1,1,2,5,1,8,2,2,0,1,0,0,0,0,0,1,20.08,3,1,53.17,1,6,8400,180,2,3,5,0,1,0,0,0,0,0,0,0,0,0,1
126,1,4,52,1,1,2,5,1,2,2,3,0,1,0,0,0,0,0,1,20.08,3,1,53.17,1,5,3175,39,2,4,5,0,1,0,0,0,0,0,0,0,0,0,1
127,1,1,50,1,1,1,365,2,8,1,0,0,1,0,0,0,0,0,2,20.92,3,1,26.43,1,9,8400,180,2,4,4,0,1,0,0,0,0,0,0,0,0,1,0
128,1,4,69,2,1,1,12,2,1,2,2,1,0,0,0,0,0,0,4,22,4,2,71.33,1,1,6595,60,9,7,5,1,0,0,0,0,0,0,0,0,0,0,1
129,1,1,30,1,1,1,6,2,1,1,4,0,0,0,0,1,0,0,4,18,3,1,134.57,1,2,1.10E+04,30,2,3,1,0,0,0,0,1,0,0,1,0,0,0,0
130,1,2,30,2,1,1,6,2,1,2,0,0,0,0,0,0,0,1,3,20.33,3,1,29.12,1,3,6595,56,2,3,5,0,0,0,0,0,0,1,0,0,0,0,1
131,1,2,32,1,1,1,6,2,1,2,1,0,0,0,0,0,0,1,3,20.33,3,1,29.12,1,3,6595,56,2,3,5,0,0,0,0,0,0,1,0,0,0,0,1
132,1,4,47,2,1,1,4,2,8,1,0,1,0,0,0,0,0,0,3,20.67,3,3,40.4,1,5,2700,40,9,3,4,1,0,0,0,0,0,0,0,0,0,1,0
133,1,1,47,2,1,1,6,2,8,2,0,0,0,0,0,0,0,1,3,20.08,3,1,60.79,3,5,8400,180,2,4,4,0,0,0,0,0,0,1,0,0,0,1,0
134,1,2,47,2,1,1,4,4,1,1,1,1,0,0,0,0,0,0,3,20.5,3,1,29.12,1,5,6595,56,9,3,5,1,0,0,0,0,0,0,0,0,0,0,1
135,1,3,37,1,4,4,99,0,8,2,1,1,0,0,0,0,0,0,3,21.67,4,1,65,2,1,8400,180,12,2,5,1,0,0,0,0,0,0,0,0,0,0,1
136,1,4,24,2,1,1,5,2,1,2,2,1,0,0,1,1,0,0,3,8.5,1,1,56,2,2,3300,10,12,3,5,1,0,0,1,1,0,0,0,0,0,0,1
137,1,1,33,1,2,2,10,2,1,2,4,1,1,1,0,0,0,0,1,7.75,3,2,49.83,1,1,1.00E+04,56,1,2,5,1,1,1,0,0,0,0,0,0,0,0,1
138,1,1,30,1,1,2,7,1,3,1,9,0,0,0,0,0,1,0,3,20.58,3,1,53,1,9,3.50E+05,80,12,3,1,0,0,0,0,0,1,0,1,0,0,0,0
139,1,3,30,1,1,1,6,1,3,2,1,0,0,1,0,0,0,0,3,20.67,3,1,40,1,6,1.00E+04,60,2,3,5,0,0,1,0,0,0,0,0,0,0,0,1
140,1,1,50,2,1,1,7,2,3,2,2,1,0,0,0,0,0,0,3,9.75,1,1,60.79,1,1,12642,76,3,3,5,1,0,0,0,0,0,0,0,0,0,0,1
141,1,1,35,1,1,2,6,2,1,2,0,1,0,0,0,0,0,0,4,14.08,2,1,222,2,1,6595,15,12,2,5,1,0,0,0,0,0,0,0,0,0,0,1
142,1,2,43,1,1,4,6,7,5,2,2,1,0,0,0,0,0,0,3,7.08,3,1,57,4,2,1.00E+04,20,12,2,5,1,0,0,0,0,0,0,0,0,0,0,1
143,1,2,27,2,5,1,5,8,8,2,5,0,0,0,0,0,1,0,4,8.17,3,1,14,1,5,8400,120,3,2,5,0,0,0,0,0,1,0,0,0,0,0,1
144,1,3,32,1,1,1,5,1,5,2,1,0,0,0,0,1,0,0,3,20.67,3,1,64,1,8,8.00E+03,40,4,1,5,0,0,0,0,1,0,0,0,0,0,0,1
145,1,3,33,1,1,1,7,1,2,2,2,1,0,0,0,0,0,0,3,19.58,3,1,30,1,8,8.00E+03,39,2,3,4,1,0,0,0,0,0,0,0,0,0,1,0
146,1,2,36,1,4,2,180,1,5,2,2,1,0,0,0,0,0,0,3,19.25,3,1,29.12,2,2,27920,311,12,2,5,1,0,0,0,0,0,0,0,0,0,0,1
147,1,3,33,1,4,1,5,2,1,2,3,1,0,0,0,0,0,0,3,21.67,4,1,50,1,6,1.50E+04,60,2,3,1,1,0,0,0,0,0,0,1,0,0,0,0
148,1,4,30,1,4,1,5,2,1,1,1,1,0,0,0,0,0,0,3,21.58,4,1,30,2,1,7.00E+03,40,12,3,5,1,0,0,0,0,0,0,0,0,0,0,1
149,1,4,29,1,4,1,6,2,2,2,1,1,0,0,0,0,0,0,3,21.5,4,1,30,1,6,2300,30,5,5,4,1,0,0,0,0,0,0,0,0,0,1,0
150,1,2,22,1,4,3,150,0,4,2,0,1,0,0,0,0,0,0,3,21,4,1,50,1,4,10600,155,8,3,5,1,0,0,0,0,0,0,0,0,0,0,1
151,1,1,44,1,1,2,3,0,5,2,2,1,0,0,0,0,0,0,3,17.36,3,1,89,2,8,5.00E+04,390,12,2,5,1,0,0,0,0,0,0,0,0,0,0,1
152,1,1,54,1,1,1,5,2,4,2,0,0,0,0,0,0,0,1,1,21,4,1,49.83,1,7,6800,65,12,2,5,0,0,0,0,0,0,1,0,0,0,0,1
153,1,2,40,2,1,1,5,2,1,2,0,1,0,0,0,0,0,0,3,19.83,3,1,29.12,2,5,1050,25,12,2,5,1,0,0,0,0,0,0,0,0,0,0,1
154,1,2,42,1,1,1,5,2,1,2,1,1,0,0,0,0,0,0,3,19.83,3,1,29.12,1,7,6900,40,12,2,5,1,0,0,0,0,0,0,0,0,0,0,1
155,1,4,44,1,5,1,10,1,8,2,2,0,0,0,1,0,0,0,4,16.83,2,2,50,1,8,8400,180,1,6,1,0,0,0,1,0,0,0,1,0,0,0,0
156,1,1,31,2,1,2,5,1,1,2,5,0,0,0,0,1,0,0,3,17.33,2,1,60,1,7,8.00E+03,56,2,4,5,0,0,0,0,1,0,0,0,0,0,0,1
157,1,1,21,1,1,1,9,0,1,2,2,1,0,0,0,0,0,0,3,17.33,2,1,60,1,7,6595,56,8,3,5,1,0,0,0,0,0,0,0,0,0,0,1
158,1,4,44,1,4,1,4,4,5,1,2,1,0,0,0,0,0,0,3,18,3,1,50,1,8,5.60E+04,311,3,3,5,1,0,0,0,0,0,0,0,0,0,0,1
159,1,3,24,2,1,1,5,2,5,1,1,1,0,0,0,0,0,0,3,20.08,3,1,44.57,2,8,3.80E+04,120,5,2,5,1,0,0,0,0,0,0,0,0,0,0,1
160,1,2,52,2,1,1,5,4,1,1,2,1,0,0,0,0,0,0,3,17,2,1,70,1,2,9.00E+03,15,8,12,5,1,0,0,0,0,0,0,0,0,0,0,1
161,1,3,71,2,5,1,7,3,1,2,2,0,0,0,0,1,0,0,3,8.08,3,1,50,2,1,6595,56,12,2,5,0,0,0,0,1,0,0,0,0,0,0,1
162,1,2,54,2,1,4,3,0,8,2,4,0,0,1,0,0,0,0,2,6.83,3,1,50,1,2,8400,180,9,7,2,0,0,1,0,0,0,0,0,1,0,0,0
163,1,2,37,2,4,2,5,2,1,2,3,1,0,0,0,0,0,0,3,20.33,3,1,76,1,6,2.40E+04,90,2,6,1,1,0,0,0,0,0,0,1,0,0,0,0
164,1,2,37,1,1,2,60,1,3,2,10,0,1,0,0,0,0,0,1,20,3,1,30,2,3,1050,30,12,2,5,0,1,0,0,0,0,0,0,0,0,0,1
165,1,2,41,2,1,1,6,2,1,2,0,1,0,0,0,0,0,0,3,7.92,3,1,36,1,2,2500,10,7,2,5,1,0,0,0,0,0,0,0,0,0,0,1
166,1,3,27,1,1,1,6,1,1,2,1,1,0,0,0,0,0,0,3,19.33,3,1,40,1,6,1.10E+04,20,1,2,1,1,0,0,0,0,0,0,1,0,0,0,0
167,1,3,28,2,1,1,5,1,1,2,3,0,0,0,1,0,0,0,3,19.58,3,1,31,2,3,1050,15,12,3,5,0,0,0,1,0,0,0,0,0,0,0,1
168,1,3,29,2,4,1,5,2,1,2,3,1,0,0,0,0,0,0,3,19.58,3,1,31,1,2,4300,15,2,6,1,1,0,0,0,0,0,0,1,0,0,0,0
169,1,1,56,2,3,1,8,2,8,2,1,0,0,1,0,0,0,0,2,17.67,2,2,260,2,1,8400,180,12,4,5,0,0,1,0,0,0,0,0,0,0,0,1
170,1,2,59,2,1,1,30,1,1,2,3,1,0,0,0,0,0,0,3,19.17,3,1,50,2,2,1.00E+04,56,12,2,5,1,0,0,0,0,0,0,0,0,0,0,1
171,1,1,30,2,1,1,6,3,1,2,2,1,0,1,0,0,0,0,3,17.67,2,1,50,1,6,1.50E+04,56,2,5,1,1,0,1,0,0,0,0,1,0,0,0,0
172,1,1,28,2,4,1,6,2,5,2,1,1,0,0,0,0,0,0,3,8.58,3,1,45,2,8,2.40E+04,110,12,3,5,1,0,0,0,0,0,0,0,0,0,0,1
173,1,1,21,2,1,3,10,0,8,2,3,0,1,0,0,0,0,0,1,19.25,3,1,45,1,2,1.40E+04,35,8,6,1,0,1,0,0,0,0,0,1,0,0,0,0
174,1,3,29,2,1,1,7,1,1,2,2,0,0,0,0,0,1,0,3,19.58,3,1,56,2,2,2700,5,12,3,5,0,0,0,0,0,1,0,0,0,0,0,1
175,1,1,26,1,1,1,5,2,1,2,2,0,1,0,0,0,0,0,1,16.55,2,1,28,2,1,6595,20,12,3,5,0,1,0,0,0,0,0,0,0,0,0,1
176,1,1,25,2,1,1,60,2,1,2,2,1,0,0,0,0,0,0,3,8.17,2,1,60.79,2,2,5.00E+03,15,12,3,5,1,0,0,0,0,0,0,0,0,0,0,1
177,1,4,37,2,1,1,10,1,1,2,3,0,0,0,0,1,0,0,3,20.75,3,1,53,2,5,1200,30,12,2,5,0,0,0,0,1,0,0,0,0,0,0,1
178,1,3,33,1,1,1,7,2,3,2,0,0,0,1,0,0,0,0,3,19.58,3,1,56,2,3,2.00E+03,60,12,2,5,0,0,1,0,0,0,0,0,0,0,0,1
180,1,3,35,2,1,1,5,2,1,2,1,1,0,0,0,0,0,0,3,21.92,4,1,58,2,1,6595,56,12,2,5,1,0,0,0,0,0,0,0,0,0,0,1
181,1,2,45,1,1,2,5,0,1,2,7,1,0,0,0,0,0,0,3,21.33,4,2,29.12,1,6,1.50E+04,70,1,6,5,1,0,0,0,0,0,0,0,0,0,0,1
182,1,4,41,1,1,1,10,0,1,2,3,0,0,0,0,1,0,0,3,20.75,3,1,53,2,5,1200,30,12,2,5,0,0,0,0,1,0,0,0,0,0,0,1
183,1,1,47,1,1,1,16,0,1,2,3,1,0,0,0,0,0,0,3,17.83,2,1,69,1,2,4.00E+03,10,7,4,1,1,0,0,0,0,0,0,1,0,0,0,0
184,1,1,55,2,1,1,5,2,3,2,2,0,1,0,0,0,0,0,1,16.55,2,1,28,2,3,2.00E+03,30,12,2,5,0,1,0,0,0,0,0,0,0,0,0,1
185,1,1,59,2,1,1,60,2,1,2,0,1,0,0,0,0,0,0,3,20.17,3,1,60.79,2,2,5.00E+03,15,12,2,5,1,0,0,0,0,0,0,0,0,0,0,1
186,1,1,54,1,1,2,60,0,1,2,1,1,0,0,0,0,0,0,3,18.08,3,1,82,1,2,4.00E+03,20,2,4,1,1,0,0,0,0,0,0,1,0,0,0,0
187,1,3,63,2,1,1,5,2,1,2,1,1,0,0,0,0,0,0,3,21.92,4,1,58,2,1,6595,56,12,2,5,1,0,0,0,0,0,0,0,0,0,0,1
189,1,3,80,2,1,1,7,3,1,2,0,1,0,0,0,0,0,0,3,20.08,3,1,50,2,1,6595,56,12,2,5,1,0,0,0,0,0,0,0,0,0,0,1
190,1,2,35,1,1,1,12,1,1,2,5,1,0,0,0,0,0,0,3,16.17,2,1,30,1,5,2.00E+03,30,2,4,2,1,0,0,0,0,0,0,0,1,0,0,0
191,1,1,50,1,1,1,5,6,1,1,3,1,0,0,0,0,0,0,3,20.33,3,2,50,1,5,6595,56,5,6,1,1,0,0,0,0,0,0,1,0,0,0,0
192,1,2,62,1,1,1,7,1,2,2,0,0,1,0,0,0,0,0,1,20,3,1,48.34,1,1,3175,39,2,5,5,0,1,0,0,0,0,0,0,0,0,0,1
193,1,2,19,1,1,1,6,8,2,1,0,1,0,0,0,0,0,0,1,20,3,1,78,1,1,3175,60,8,3,4,1,0,0,0,0,0,0,0,0,0,1,0
194,1,1,43,1,4,1,7,2,3,2,1,1,0,0,0,0,0,0,3,17.67,2,1,70,2,2,1.00E+04,20,12,2,5,1,0,0,0,0,0,0,0,0,0,0,1
195,1,4,30,1,1,1,7,1,1,2,2,1,0,0,0,0,0,0,1,20.5,3,1,50,2,5,1.00E+03,56,12,3,5,1,0,0,0,0,0,0,0,0,0,0,1
196,1,2,55,2,1,1,6,1,5,1,2,0,1,0,0,0,0,0,1,8.5,3,2,66,2,8,5.00E+04,311,12,2,5,0,1,0,0,0,0,0,0,0,0,0,1
197,1,1,35,1,1,1,5,2,5,2,1,1,0,0,0,0,0,0,3,20.58,3,1,45,2,8,2.40E+04,65,12,2,5,1,0,0,0,0,0,0,0,0,0,0,1
198,1,4,30,2,1,1,7,2,8,2,7,1,0,0,0,0,0,0,1,20.5,3,2,50,1,5,8400,180,2,3,4,1,0,0,0,0,0,0,0,0,0,1,0
200,1,4,42,1,1,1,3,3,1,2,2,0,0,0,0,1,0,0,2,17.75,2,1,20,1,1,6595,56,2,5,5,0,0,0,0,1,0,0,0,0,0,0,1
201,1,1,67,2,1,1,6,1,5,2,1,0,0,1,0,0,0,0,3,5.67,2,1,60.79,1,8,5.00E+04,180,7,2,4,0,0,1,0,0,0,0,0,0,0,1,0
202,1,2,45,1,1,2,90,1,5,2,4,1,0,0,0,0,0,0,1,17,2,1,45,2,1,1.00E+04,60,12,2,5,1,0,0,0,0,0,0,0,0,0,0,1
203,1,4,27,2,1,1,15,1,8,2,3,1,0,0,0,0,0,0,3,6.08,2,1,50,2,2,8.00E+03,30,12,3,5,1,0,0,0,0,0,0,0,0,0,0,1
204,1,1,35,1,5,1,4,0,1,2,6,0,0,0,0,0,1,0,3,18.67,3,1,50,1,2,5900,10,4,4,2,0,0,0,0,0,1,0,0,1,0,0,0
205,1,4,21,2,4,1,6,0,1,2,0,0,1,0,0,0,0,0,3,11.75,4,1,27,2,3,1100,25,12,3,5,0,1,0,0,0,0,0,0,0,0,0,1
206,1,1,23,2,4,4,100,1,1,2,2,1,0,0,0,0,0,0,3,20.58,3,1,56,1,6,1.60E+04,60,8,5,4,1,0,0,0,0,0,0,0,0,0,1,0
207,1,3,29,1,1,2,5,3,1,2,2,0,0,0,0,0,1,0,3,17.36,1,1,40,1,2,6.00E+03,20,2,4,5,0,0,0,0,0,1,0,0,0,0,0,1
208,1,4,43,2,1,1,20,2,3,1,3,1,0,0,0,0,0,0,1,18.17,3,1,35,2,4,12642,60,12,2,5,1,0,0,0,0,0,0,0,0,0,0,1
209,1,4,52,2,1,1,6,12,3,1,1,1,0,0,0,0,0,0,3,9.33,1,3,40.4,2,2,8500,30,12,2,5,1,0,0,0,0,0,0,0,0,0,0,1
210,1,3,43,2,1,1,5,3,3,2,1,1,0,1,0,0,0,0,2,15.5,2,1,11,1,1,3.00E+04,90,7,4,1,1,0,1,0,0,0,0,1,0,0,0,0
211,1,1,51,1,1,1,4,11,3,1,1,1,0,0,0,0,0,0,3,17.67,2,1,60.79,1,1,12642,76,12,2,1,1,0,0,0,0,0,0,1,0,0,0,0
213,1,1,22,2,1,1,10,0,1,2,1,0,0,0,0,0,1,0,1,16.36,2,1,57,1,5,4500,80,3,3,4,0,0,0,0,0,1,0,0,0,0,1,0
215,1,4,30,2,1,1,15,3,3,2,2,1,0,0,0,0,0,0,3,17.36,1,1,40.4,1,5,12642,76,2,2,5,1,0,0,0,0,0,0,0,0,0,0,1
216,1,2,23,2,1,1,37,10,1,2,2,0,0,1,0,0,0,0,2,21,4,1,52,1,5,1200,60,8,2,4,0,0,1,0,0,0,0,0,0,0,1,0
217,1,1,30,2,1,1,4,2,3,2,2,0,0,1,0,0,0,0,2,14.79,4,1,26.43,1,5,12642,76,12,3,5,0,0,1,0,0,0,0,0,0,0,0,1
218,1,2,37,2,1,1,10,3,3,1,1,1,0,0,0,0,0,0,3,20,3,1,100,2,5,20,76,12,2,5,1,0,0,0,0,0,0,0,0,0,0,1
219,1,1,33,2,1,1,3,2,3,2,1,1,0,0,0,0,0,0,3,20.58,3,1,60.79,1,6,12642,76,12,2,5,1,0,0,0,0,0,0,0,0,0,0,1
220,1,2,29,2,2,1,20,1,3,1,0,0,1,0,0,0,0,0,1,8,3,1,52,1,1,12642,90,3,3,2,0,1,0,0,0,0,0,0,1,0,0,0
221,1,1,50,2,1,1,4,2,3,2,4,1,1,0,0,0,0,0,3,20.33,3,1,50,1,1,12642,60,5,4,1,1,1,0,0,0,0,0,1,0,0,0,0
222,1,2,25,2,1,3,99,1,3,2,1,0,0,1,0,0,0,0,2,9,4,1,30,2,3,1050,20,12,3,5,0,0,1,0,0,0,0,0,0,0,0,1
223,1,4,23,1,1,3,365,1,1,2,1,0,1,0,0,0,0,0,1,18.83,3,1,53.17,1,5,6595,80,8,3,5,0,1,0,0,0,0,0,0,0,0,0,1
224,1,1,20,2,1,1,15,1,3,2,1,0,0,1,0,0,0,0,2,20.92,3,1,36,2,3,1050,30,12,3,5,0,0,1,0,0,0,0,0,0,0,0,1
225,1,2,27,2,1,1,5,2,1,2,1,1,0,0,0,0,0,0,3,20.33,3,1,29.12,2,5,6595,56,12,3,5,1,0,0,0,0,0,0,0,0,0,0,1
226,1,2,22,2,1,1,8,4,6,2,1,1,0,0,0,0,0,0,1,20.5,3,1,40,1,4,1200,390,8,2,5,1,0,0,0,0,0,0,0,0,0,0,1
227,1,2,62,2,1,1,3,6,3,1,1,1,0,0,0,0,0,0,1,20,3,1,48.34,1,9,12642,76,9,1,5,1,0,0,0,0,0,0,0,0,0,0,1
228,1,4,53,2,1,1,7,4,3,1,1,1,0,0,0,0,0,0,3,17.36,4,1,50,1,1,12642,90,2,2,1,1,0,0,0,0,0,0,1,0,0,0,0
229,1,1,41,2,1,1,4,3,3,1,1,1,0,0,0,0,0,0,3,20.33,3,1,60.79,1,5,12642,76,12,2,1,1,0,0,0,0,0,0,1,0,0,0,0
230,1,4,52,2,1,1,7,4,1,1,1,1,0,0,0,0,0,0,3,17.36,4,1,50,1,1,6595,90,7,2,1,1,0,0,0,0,0,0,1,0,0,0,0
231,1,2,60,2,1,1,3,4,3,1,1,1,0,0,0,0,0,0,1,20.17,3,1,48.34,1,5,12642,120,9,1,5,1,0,0,0,0,0,0,0,0,0,0,1
232,1,4,41,2,1,1,4,3,3,2,3,1,1,1,0,0,0,0,3,20.75,3,1,20,3,2,12642,76,12,2,5,1,1,1,0,0,0,0,0,0,0,0,1
233,1,4,45,1,1,2,14,2,2,2,6,0,1,1,0,0,0,0,1,20,3,1,34,1,2,3175,39,5,3,4,0,1,1,0,0,0,0,0,0,0,1,0
234,1,2,37,1,1,1,10,5,1,2,3,1,0,0,0,0,0,0,3,8.33,4,1,40,1,1,6595,50,1,3,2,1,0,0,0,0,0,0,0,1,0,0,0
235,1,2,22,1,1,3,180,0,1,2,0,0,0,0,0,0,0,1,1,20,3,1,48.34,2,5,6595,56,8,3,4,0,0,0,0,0,0,1,0,0,0,1,0
236,1,2,25,2,1,3,730,0,1,2,0,0,0,0,0,0,0,1,2,21,4,1,27.12,1,5,4.00E+03,40,8,2,4,0,0,0,0,0,0,1,0,0,0,1,0
237,1,1,27,2,1,1,6,2,1,1,0,1,0,0,0,0,0,0,4,18.08,3,1,134.57,1,2,1.10E+04,30,2,3,5,1,0,0,0,0,0,0,0,0,0,0,1
238,1,2,33,2,1,1,4,4,1,2,1,1,0,0,0,0,0,0,3,20.33,3,1,29.12,1,6,1.50E+04,60,2,2,4,1,0,0,0,0,0,0,0,0,0,1,0
239,1,3,43,2,1,1,5,7,1,2,2,1,0,0,0,0,0,0,3,8.07,3,1,70,1,1,6595,56,7,2,4,1,0,0,0,0,0,0,0,0,0,1,0
240,2,2,44,1,3,1,10,1,3,2,3,0,0,1,0,0,0,0,2,15.5,2,1,70,1,1,7850,60,7,3,5,0,0,1,0,0,0,0,0,0,0,0,1
241,2,2,45,2,1,1,7,0,8,2,4,0,0,1,0,0,0,0,2,15.5,2,1,70,1,1,20314,60,12,7,5,0,0,1,0,0,0,0,0,0,0,0,1
242,2,3,58,2,1,1,10,1,8,2,5,0,0,1,0,0,0,0,2,14.5,2,1,23,1,2,1.70E+04,40,9,1,4,0,0,1,0,0,0,0,0,0,0,1,0
243,2,4,20,1,2,3,50,2,1,2,2,0,1,0,0,0,0,0,1,19.83,3,3,67,2,5,1650,40,1,1,2,0,1,0,0,0,0,0,0,1,0,0,0
244,2,2,32,1,1,2,90,1,4,2,2,0,1,0,0,0,0,0,1,16,2,1,30,1,2,8400,80,12,2,5,0,1,0,0,0,0,0,0,0,0,0,1
246,2,4,26,1,2,3,50,0,8,2,1,0,1,0,0,0,0,0,1,19.75,3,1,30,1,6,1.00E+04,40,8,1,4,0,1,0,0,0,0,0,0,0,0,1,0
247,2,4,40,1,1,2,120,7,5,2,6,0,1,0,0,0,0,0,1,19.92,3,2,89,1,1,25787,30,2,6,5,0,1,0,0,0,0,0,0,0,0,0,1
248,2,4,19,2,5,1,4,1,8,2,3,0,0,1,0,0,0,0,1,19.75,3,1,55.25,1,3,5.00E+03,60,8,4,4,0,0,1,0,0,0,0,0,0,0,1,0
249,2,4,27,2,2,1,5,2,8,2,2,1,1,0,0,0,0,0,1,19.75,3,1,86,1,2,22800,60,2,3,4,1,1,0,0,0,0,0,0,0,0,1,0
250,2,2,60,2,1,3,365,0,8,2,2,0,0,1,0,0,0,0,2,20,3,1,36.22,1,2,2.00E+04,40,9,1,3,0,0,1,0,0,0,0,0,0,1,0,0
251,2,4,45,1,2,2,4,0,8,2,7,0,1,1,0,0,0,0,1,19.5,3,1,87,1,2,20600,30,5,5,4,0,1,1,0,0,0,0,0,0,0,1,0
252,2,1,37,1,3,2,4,1,8,2,2,0,0,0,0,0,1,0,2,19,3,1,70,1,1,20314,90,1,3,5,0,0,0,0,0,1,0,0,0,0,0,1
253,2,4,55,1,1,2,3,0,1,2,5,0,1,0,0,0,0,0,1,19.75,3,1,50,1,1,5866,60,1,5,1,0,1,0,0,0,0,0,1,0,0,0,0
254,2,4,23,2,2,1,7,1,8,2,0,0,1,0,0,0,0,0,1,19.33,3,1,24,1,5,2.00E+03,30,2,3,4,0,1,0,0,0,0,0,0,0,0,1,0
256,2,4,62,1,1,1,9,1,1,2,1,0,0,1,0,0,0,0,2,19.25,3,1,20,1,5,4.00E+03,60,10,3,4,0,0,1,0,0,0,0,0,0,0,1,0
257,2,4,60,2,1,1,9,1,1,2,2,0,1,0,0,0,0,0,2,19.25,3,1,20,1,5,4.00E+03,60,9,3,2,0,1,0,0,0,0,0,0,1,0,0,0
258,2,2,25,1,1,1,365,4,1,2,2,1,0,0,0,0,0,0,2,16.67,3,1,36.22,1,1,5866,40,8,7,5,1,0,0,0,0,0,0,0,0,0,0,1
260,2,1,50,2,1,1,5,1,8,2,5,0,0,1,0,0,0,0,2,16.5,2,1,40,1,2,23500,30,9,5,1,0,0,1,0,0,0,0,1,0,0,0,0
261,2,2,53,1,5,2,3,4,1,2,4,1,1,1,0,0,0,0,2,16.25,2,1,35,1,2,1.50E+04,60,1,3,5,1,1,1,0,0,0,0,0,0,0,0,1
263,2,2,17,1,1,3,7,1,8,2,1,0,1,0,0,0,0,0,1,16,2,1,52.93,1,1,20314,60,12,3,5,0,1,0,0,0,0,0,0,0,0,0,1
264,2,2,21,2,1,1,30,0,3,2,2,0,1,0,0,0,0,0,1,16,2,1,52.93,1,6,1.20E+04,90,8,3,2,0,1,0,0,0,0,0,0,1,0,0,0
265,2,1,43,1,5,1,5,4,8,2,5,1,0,0,0,0,0,0,1,16.25,2,1,37,1,2,14400,60,6,3,5,1,0,0,0,0,0,0,0,0,0,0,1
267,2,2,50,1,1,2,3,0,8,2,10,1,0,0,0,0,0,0,2,20,3,2,50,1,2,5.00E+04,60,5,5,5,1,0,0,0,0,0,0,0,0,0,0,1
268,2,2,20,1,1,1,4,0,3,2,1,0,0,1,0,0,0,0,2,20,3,1,50,1,5,2.00E+03,40,8,2,5,0,0,1,0,0,0,0,0,0,0,0,1
269,2,2,28,2,1,1,3,1,1,2,4,0,0,1,0,0,0,0,2,17.83,2,1,50,1,1,5866,40,2,4,1,0,0,1,0,0,0,0,1,0,0,0,0
270,2,2,32,1,1,2,5,1,8,2,3,0,0,1,0,0,0,0,2,20,3,1,70,1,8,2.50E+04,60,2,4,2,0,0,1,0,0,0,0,0,1,0,0,0
271,2,2,39,2,3,1,99,2,1,2,3,0,0,1,0,0,0,0,2,20,3,1,35,1,2,1.40E+04,30,2,4,2,0,0,1,0,0,0,0,0,1,0,0,0
272,2,1,19,1,1,3,2,2,1,2,3,0,0,0,0,0,1,0,2,19,3,1,33.48,1,2,2.00E+04,60,8,3,5,0,0,0,0,0,1,0,0,0,0,0,1
273,2,1,50,1,3,2,4,34,2,1,2,0,0,1,0,1,0,0,2,20.5,3,1,30,1,5,1250,50,5,3,2,0,0,1,0,1,0,0,0,1,0,0,0
274,2,2,40,2,4,1,99,2,1,2,4,1,0,0,0,0,0,0,2,20.02,3,1,36.22,1,2,2.30E+04,60,11,3,2,1,0,0,0,0,0,0,0,1,0,0,0
275,2,2,35,1,3,2,3,1,8,2,15,0,0,1,0,0,0,0,2,20.25,3,1,90,1,2,2.70E+04,70,1,5,1,0,0,1,0,0,0,0,1,0,0,0,0
276,2,2,23,1,1,1,7,0,1,2,1,0,0,1,0,0,0,0,2,19.5,3,1,30,1,5,1500,30,8,1,5,0,0,1,0,0,0,0,0,0,0,0,1
277,2,2,27,1,1,2,7,1,1,2,2,0,0,1,0,0,0,0,2,20.08,3,1,40,1,5,1500,20,2,2,1,0,0,1,0,0,0,0,1,0,0,0,0
279,2,4,48,1,1,2,7,4,8,2,10,0,1,0,0,0,0,0,1,19.33,3,1,78,2,6,50300,50,2,4,5,0,1,0,0,0,0,0,0,0,0,0,1
280,2,2,26,1,3,1,5,1,1,2,2,0,0,0,1,0,0,0,2,16.67,3,1,40,1,5,1200,40,2,5,2,0,0,0,1,0,0,0,0,1,0,0,0
281,2,2,30,2,1,4,7,1,2,2,3,0,1,0,0,0,0,0,1,16,2,1,42,1,1,1.00E+04,40,8,2,5,0,1,0,0,0,0,0,0,0,0,0,1
282,2,2,32,1,1,2,7,1,1,2,6,0,1,0,0,0,0,0,1,16,2,1,42,1,1,1.00E+04,40,2,2,5,0,1,0,0,0,0,0,0,0,0,0,1
283,2,1,36,1,1,2,3,0,1,2,2,0,0,0,1,0,0,0,2,16.92,2,1,33.48,1,2,1.20E+04,20,5,6,1,0,0,0,1,0,0,0,1,0,0,0,0
284,2,1,34,2,1,4,365,0,8,2,5,0,1,0,0,1,0,0,1,16.25,2,1,48.05,1,11,7.50E+04,60,12,4,5,0,1,0,0,1,0,0,0,0,0,0,1
285,2,1,49,2,1,1,4,1,8,2,0,0,0,1,0,0,0,0,2,16.33,2,1,33.48,1,1,20314,40,1,6,5,0,0,1,0,0,0,0,0,0,0,0,1
286,2,2,30,1,1,2,100,1,3,2,4,0,1,0,0,0,0,0,1,16,2,1,40,1,3,2800,4,1,3,5,0,1,0,0,0,0,0,0,0,0,0,1
287,2,2,60,2,1,1,2,1,5,2,2,0,0,1,0,0,0,0,2,15.5,2,1,36.22,2,8,6.00E+04,180,11,2,5,0,0,1,0,0,0,0,0,0,0,0,1
288,2,2,35,1,1,1,7,0,2,2,4,0,0,1,0,0,0,0,2,20.08,3,2,64,2,2,3300,20,12,1,2,0,0,1,0,0,0,0,0,1,0,0,0
289,2,4,40,1,1,4,99,1,8,2,5,0,1,0,0,0,0,0,1,19.67,3,1,26,1,2,2.30E+04,30,2,4,5,0,1,0,0,0,0,0,0,0,0,0,1
290,2,1,44,2,1,2,7,28,8,2,12,0,0,1,0,0,0,0,2,19,3,2,58,1,1,2.00E+04,30,7,6,1,0,0,1,0,0,0,0,1,0,0,0,0
291,2,2,40,2,1,1,3,11,1,2,0,1,0,0,0,0,0,0,2,17.67,2,1,36.22,1,1,5866,45,9,2,5,1,0,0,0,0,0,0,0,0,0,0,1
292,2,1,68,1,3,2,8,2,8,2,2,0,1,1,0,0,0,0,2,19,3,1,33.48,1,3,1.00E+04,50,5,4,1,0,1,1,0,0,0,0,1,0,0,0,0
293,2,1,55,1,1,2,365,1,8,2,20,0,1,0,1,0,0,0,1,16.25,2,2,100,1,10,9.80E+04,50,1,7,1,0,1,0,1,0,0,0,1,0,0,0,0
294,2,3,28,1,1,1,3,3,1,2,4,1,0,0,0,0,0,0,3,11,1,1,30,1,3,1050,20,2,3,4,1,0,0,0,0,0,0,0,0,0,1,0
295,2,1,37,2,1,4,2,0,1,1,1,1,0,0,0,0,0,0,1,9.5,1,1,50,1,5,1550,90,1,2,4,1,0,0,0,0,0,0,0,0,0,1,0
296,2,2,30,2,2,1,7,1,1,2,1,0,1,0,0,0,0,0,1,13.5,2,1,34,1,5,1500,60,2,1,5,0,1,0,0,0,0,0,0,0,0,0,1
297,2,4,47,1,1,2,10,8,3,2,2,0,1,0,0,0,0,0,1,12.5,2,1,55.25,1,1,7850,90,2,3,4,0,1,0,0,0,0,0,0,0,0,1,0
298,2,2,53,1,1,2,180,1,1,2,3,0,1,0,0,0,0,0,1,16,2,1,30,1,3,1.00E+03,60,2,2,5,0,1,0,0,0,0,0,0,0,0,0,1
299,2,3,60,2,1,1,3,3,1,2,1,0,1,0,0,0,0,0,3,10.5,1,1,30,1,3,5866,40,7,1,4,0,1,0,0,0,0,0,0,0,0,1,0
300,2,4,66,1,1,2,90,1,1,2,2,0,0,1,0,0,0,0,2,12.67,2,2,60,1,1,5866,20,12,5,3,0,0,1,0,0,0,0,0,0,1,0,0
301,2,1,72,2,1,1,4,1,6,1,0,0,1,0,0,0,0,0,1,16.25,2,1,45.9,1,1,23000,150,9,1,4,0,1,0,0,0,0,0,0,0,0,1,0
302,2,4,32,1,1,1,6,2,3,2,1,1,0,0,0,0,0,0,3,13.83,2,1,35,1,6,8800,7,5,2,4,1,0,0,0,0,0,0,0,0,0,1,0
303,2,4,22,2,2,2,30,7,2,2,6,0,1,0,0,0,0,0,1,12.5,2,1,55.25,1,1,4850,30,3,2,5,0,1,0,0,0,0,0,0,0,0,0,1
304,2,4,28,2,1,1,6,2,3,2,1,1,0,0,0,0,0,0,3,13.83,2,1,35,1,6,8800,80,9,2,4,1,0,0,0,0,0,0,0,0,0,1,0
305,2,4,30,2,3,3,99,1,2,2,1,0,0,1,0,0,0,0,2,12.08,2,1,53,1,1,4850,20,8,1,4,0,0,1,0,0,0,0,0,0,0,1,0
307,2,1,23,1,1,2,1,1,1,2,4,0,0,1,0,0,0,0,2,9,1,1,40,1,1,5866,60,8,3,1,0,0,1,0,0,0,0,1,0,0,0,0
308,2,4,51,1,5,1,8,4,7,2,6,1,0,0,0,0,0,0,4,9.42,1,1,11,1,6,2.00E+04,120,1,5,1,1,0,0,0,0,0,0,1,0,0,0,0
309,2,1,36,2,2,1,30,0,3,2,4,0,1,1,0,0,0,0,1,9.5,1,3,50,1,5,1650,40,12,2,5,0,1,1,0,0,0,0,0,0,0,0,1
310,2,4,29,2,1,1,4,1,1,2,3,0,0,1,0,0,0,0,2,12.67,2,1,45,2,1,5866,20,2,4,5,0,0,1,0,0,0,0,0,0,0,0,1
311,2,3,44,2,3,1,7,1,3,2,0,0,0,1,0,0,0,0,2,14.5,2,3,20,1,6,5100,60,2,1,5,0,0,1,0,0,0,0,0,0,0,0,1
312,2,4,25,2,1,3,90,0,3,2,5,0,1,1,0,0,0,0,2,12.67,2,1,50,1,1,7850,60,8,1,4,0,1,1,0,0,0,0,0,0,0,1,0
313,2,4,54,1,1,2,1,7,1,1,0,0,0,0,0,1,0,0,2,12.08,2,1,66,1,2,5866,32,5,4,5,0,0,0,0,1,0,0,0,0,0,0,1
315,2,3,27,2,5,1,3,2,3,2,2,0,0,0,0,0,1,0,3,11,1,1,45.54,1,6,7850,30,2,7,4,0,0,0,0,0,1,0,0,0,0,1,0
316,2,4,40,1,1,2,3,0,1,2,20,0,1,0,0,0,0,0,1,12,2,1,55.25,1,1,5866,15,5,2,1,0,1,0,0,0,0,0,1,0,0,0,0
317,2,1,74,2,1,1,3,13,3,1,0,0,1,0,0,0,0,0,1,16.5,2,1,48.05,1,9,7850,120,9,1,5,0,1,0,0,0,0,0,0,0,0,0,1
318,2,1,68,2,1,1,4,13,3,1,1,1,0,0,0,0,0,0,1,16.5,2,1,48.05,1,9,7850,120,9,1,5,1,0,0,0,0,0,0,0,0,0,0,1
319,2,3,60,2,1,3,5,0,8,1,12,0,0,1,0,0,0,0,2,16.67,2,1,19,1,2,1.20E+04,20,12,2,3,0,0,1,0,0,0,0,0,0,1,0,0
320,2,4,34,1,1,2,5,1,3,2,2,0,0,0,0,0,1,0,2,20,3,1,60,1,2,6.00E+04,30,2,5,1,0,0,0,0,0,1,0,1,0,0,0,0
321,2,4,40,1,3,1,2,0,8,2,1,0,0,1,0,0,0,0,2,20.02,3,1,45.21,1,5,2.00E+03,40,2,4,4,0,0,1,0,0,0,0,0,0,0,1,0
322,2,4,38,2,1,1,4,0,1,2,2,0,1,0,0,0,0,0,1,17.75,2,1,32,1,5,2.00E+03,20,4,2,3,0,1,0,0,0,0,0,0,0,1,0,0
323,2,3,45,2,3,3,5,1,8,2,1,0,0,1,0,0,0,0,2,14.5,2,1,21,1,6,9.00E+03,60,2,4,3,0,0,1,0,0,0,0,0,0,1,0,0
324,2,3,29,2,1,2,4,3,1,2,1,0,0,0,0,1,0,0,2,14.5,2,1,24,1,3,1500,40,5,1,1,0,0,0,0,1,0,0,1,0,0,0,0
326,2,1,61,2,1,1,5,20,6,1,2,0,0,1,0,0,0,0,2,16.5,2,2,60,1,2,23000,40,9,1,1,0,0,1,0,0,0,0,1,0,0,0,0
327,2,1,19,1,1,4,3,1,1,2,2,1,0,0,0,0,0,0,2,16.5,2,1,40,1,1,2.00E+03,90,8,3,1,1,0,0,0,0,0,0,1,0,0,0,0
328,2,1,33,1,1,2,2,2,1,2,1,0,1,0,0,0,0,0,1,16.25,2,1,60,1,1,5866,50,1,5,1,0,1,0,0,0,0,0,1,0,0,0,0
329,2,1,46,1,1,2,9,2,3,2,15,0,1,0,0,0,0,0,1,16.25,2,2,48.05,1,1,7850,30,1,6,1,0,1,0,0,0,0,0,1,0,0,0,0
330,2,1,23,2,1,3,99,0,1,2,2,0,1,0,0,0,0,0,2,16.5,2,1,45,1,6,1.00E+04,60,8,4,1,0,1,0,0,0,0,0,1,0,0,0,0
332,2,2,42,1,1,1,3,10,1,2,1,0,0,1,0,0,0,0,2,17,2,1,36.22,1,1,1.00E+04,60,2,2,5,0,0,1,0,0,0,0,0,0,0,0,1
333,2,1,52,2,1,1,5,2,3,2,1,0,0,1,0,0,0,0,2,16.92,2,1,20,1,5,2.00E+03,60,9,3,5,0,0,1,0,0,0,0,0,0,0,0,1
334,2,1,35,2,1,1,5,2,1,2,2,0,0,1,0,0,0,0,2,19,3,1,20,1,5,5866,90,8,2,5,0,0,1,0,0,0,0,0,0,0,0,1
335,2,4,24,2,2,1,5,4,8,2,1,0,0,1,0,0,0,0,1,19.75,3,3,55.25,1,5,3.00E+03,30,2,3,5,0,0,1,0,0,0,0,0,0,0,0,1
336,2,2,34,2,1,1,5,2,8,2,2,0,0,1,0,0,0,0,2,17.83,2,1,30,1,1,20314,40,10,3,3,0,0,1,0,0,0,0,0,0,1,0,0
337,2,4,27,1,3,2,3,0,8,2,20,0,0,1,0,0,0,0,2,19,3,1,45.21,1,2,1.00E+04,30,12,2,3,0,0,1,0,0,0,0,0,0,1,0,0
338,2,4,55,2,3,1,3,2,8,2,2,0,0,1,0,0,0,0,2,20.08,3,1,40,1,5,2.00E+03,30,9,2,3,0,0,1,0,0,0,0,0,0,1,0,0
339,2,2,45,2,1,1,21,0,3,2,3,0,0,1,0,0,0,0,2,20,3,1,50,2,6,2.00E+04,150,9,1,2,0,0,1,0,0,0,0,0,1,0,0,0
340,2,1,59,2,1,1,3,4,3,2,1,0,1,0,0,0,0,0,1,19.75,3,1,48.05,1,5,2.00E+03,40,9,4,4,0,1,0,0,0,0,0,0,0,0,1,0
341,2,4,22,1,1,1,5,0,1,2,0,0,1,0,0,0,0,0,2,19.25,3,1,33,1,8,5866,40,8,3,4,0,1,0,0,0,0,0,0,0,0,1,0
342,2,2,43,1,3,2,7,0,8,2,10,0,0,1,0,0,0,0,2,20,3,1,18,2,8,5.00E+04,120,12,2,5,0,0,1,0,0,0,0,0,0,0,0,1
343,2,4,39,2,2,2,1,1,8,2,0,0,1,0,0,0,0,0,1,19.75,3,1,55.25,1,2,20314,50,2,2,4,0,1,0,0,0,0,0,0,0,0,1,0
344,2,2,21,2,4,1,4,1,8,2,0,0,0,0,0,0,1,0,2,20,3,1,50,1,2,20314,40,11,1,4,0,0,0,0,0,1,0,0,0,0,1,0
345,2,4,20,2,3,1,3,2,8,2,0,0,0,1,0,0,0,0,2,20,3,1,40,2,5,20314,20,8,1,4,0,0,1,0,0,0,0,0,0,0,1,0
346,2,4,22,2,3,1,3,2,8,2,0,1,0,0,0,0,0,0,2,20,3,1,40,2,5,20314,20,8,1,4,1,0,0,0,0,0,0,0,0,0,1,0
347,2,4,23,1,1,1,365,1,1,2,1,0,0,1,0,0,0,0,2,15,2,1,45,2,3,5866,10,8,1,5,0,0,1,0,0,0,0,0,0,0,0,1
348,2,4,21,2,1,1,4,1,3,2,0,0,0,1,0,0,0,0,2,16.25,2,1,45,1,5,7850,40,8,1,5,0,0,1,0,0,0,0,0,0,0,0,1
349,2,4,26,2,2,1,6,4,8,2,0,0,1,0,0,0,0,0,1,19.75,3,1,55.25,1,8,20314,180,2,1,4,0,1,0,0,0,0,0,0,0,0,1,0
350,2,4,25,2,2,3,3,0,8,2,0,0,1,0,0,0,0,0,1,19.75,3,1,55.25,1,8,20314,180,2,1,5,0,1,0,0,0,0,0,0,0,0,0,1
351,2,1,62,1,1,1,4,1,1,2,2,0,0,1,0,0,0,0,2,15,2,1,30,1,1,5866,30,11,4,4,0,0,1,0,0,0,0,0,0,0,1,0
352,2,1,68,2,1,1,4,13,3,1,0,1,0,0,0,0,0,0,1,16.25,2,1,48.05,1,1,7850,120,9,2,5,1,0,0,0,0,0,0,0,0,0,0,1
353,2,1,62,2,1,1,44,2,3,2,0,0,1,0,0,0,0,0,1,16.25,2,1,48.05,1,5,7850,64,7,2,4,0,1,0,0,0,0,0,0,0,0,1,0
354,2,1,60,2,1,1,4,2,3,2,0,0,0,1,0,0,0,0,2,15,2,1,60,1,6,6.00E+03,40,9,1,4,0,0,1,0,0,0,0,0,0,0,1,0
355,2,1,65,1,1,1,4,2,3,2,0,0,0,1,0,0,0,0,2,15,2,1,60,1,6,6.00E+03,40,10,2,4,0,0,1,0,0,0,0,0,0,0,1,0
356,2,1,70,1,1,1,4,10,6,1,0,0,0,1,0,0,0,0,1,16.25,2,1,48.05,1,1,23000,120,10,1,4,0,0,1,0,0,0,0,0,0,0,1,0
357,2,4,67,2,1,1,4,2,1,2,2,0,0,1,0,0,0,0,1,12.5,2,1,55.25,1,5,5866,15,9,2,5,0,0,1,0,0,0,0,0,0,0,0,1
358,2,4,67,1,1,4,30,0,1,2,3,0,0,1,0,0,0,0,2,12.67,2,1,40,1,6,2.00E+03,60,10,3,2,0,0,1,0,0,0,0,0,1,0,0,0
359,2,2,70,1,1,1,4,6,4,2,1,0,0,0,0,0,1,0,1,15.5,2,1,52.93,1,2,11500,120,12,2,5,0,0,0,0,0,1,0,0,0,0,0,1
360,2,1,50,1,1,2,2,1,1,2,5,0,1,0,0,0,0,0,2,12,2,1,33.48,1,5,1500,40,2,4,5,0,1,0,0,0,0,0,0,0,0,0,1
361,2,1,51,1,1,2,1,0,3,2,30,0,0,1,0,0,0,0,2,9,1,1,65,2,2,7.00E+03,20,2,6,1,0,0,1,0,0,0,0,1,0,0,0,0
362,2,4,56,2,1,1,5,2,3,2,0,1,0,0,0,0,0,0,2,12.25,2,1,32.5,1,6,8.00E+03,50,9,3,4,1,0,0,0,0,0,0,0,0,0,1,0
363,2,4,58,2,1,1,5,1,3,2,0,0,0,1,0,0,0,0,2,14.5,2,1,45.21,2,6,7850,64,9,4,5,0,0,1,0,0,0,0,0,0,0,0,1
364,2,4,55,2,1,1,5,2,3,2,0,0,0,0,0,0,0,1,2,12.5,2,1,32.5,2,1,7850,20,9,4,5,0,0,0,0,0,0,1,0,0,0,0,1
365,2,4,55,1,1,1,3,2,1,2,0,0,0,1,0,0,0,0,2,16.25,2,1,50,1,2,1.50E+04,30,3,4,4,0,0,1,0,0,0,0,0,0,0,1,0
366,2,4,51,1,1,2,7,1,1,2,4,0,1,0,0,0,0,0,1,17.33,2,1,40,1,6,6.00E+03,40,2,5,4,0,1,0,0,0,0,0,0,0,0,1,0
367,2,3,53,2,1,1,4,4,5,2,1,0,0,0,0,0,1,0,3,11.17,1,3,60,3,8,4.00E+04,305,9,1,4,0,0,0,0,0,1,0,0,0,0,1,0
368,2,2,53,1,1,2,5,2,3,2,2,0,0,1,0,0,0,0,2,16.67,1,1,40,1,6,6.00E+03,40,2,2,4,0,0,1,0,0,0,0,0,0,0,1,0
369,2,2,59,1,1,1,3,5,3,2,0,0,0,1,0,0,0,0,2,12.5,2,1,50,1,5,70,10,2,3,4,0,0,1,0,0,0,0,0,0,0,1,0
370,2,1,60,2,1,1,7,1,1,2,2,0,0,1,1,0,0,0,2,16.67,1,1,100,1,6,6.00E+03,30,10,5,1,0,0,1,1,0,0,0,1,0,0,0,0
371,2,4,61,2,1,1,3,0,3,2,3,1,0,0,0,0,0,0,2,12.67,2,1,40,1,6,1.00E+04,64,9,2,4,1,0,0,0,0,0,0,0,0,0,1,0
372,2,2,62,2,1,1,4,6,4,2,1,0,1,0,0,0,0,0,1,15.5,2,1,52.93,2,2,1.00E+04,20,11,4,5,0,1,0,0,0,0,0,0,0,0,0,1
373,2,4,62,2,1,1,4,6,1,1,2,0,1,0,0,0,0,0,1,12.5,2,1,55.25,1,5,5866,20,9,2,4,0,1,0,0,0,0,0,0,0,0,1,0
374,2,4,66,1,3,1,4,1,8,2,1,0,0,1,0,0,0,0,2,16.25,2,1,77,2,5,1300,20,3,2,1,0,0,1,0,0,0,0,1,0,0,0,0
375,2,1,66,2,1,1,4,13,3,1,1,1,0,0,0,0,0,0,1,16.25,2,1,48.05,1,11,7850,120,9,2,4,1,0,0,0,0,0,0,0,0,0,1,0
376,2,1,60,1,1,2,4,2,1,2,1,0,0,1,0,0,0,0,2,12.08,2,1,40,1,3,7.00E+03,60,3,4,1,0,0,1,0,0,0,0,1,0,0,0,0
377,2,3,43,2,1,1,3,7,2,1,0,0,0,0,0,0,0,1,3,10.5,1,1,45.54,2,5,4850,41,12,1,4,0,0,0,0,0,0,1,0,0,0,1,0
378,2,1,46,2,1,1,4,3,1,2,2,0,0,1,0,0,0,0,2,16.25,2,1,33.48,1,9,5866,90,9,2,4,0,0,1,0,0,0,0,0,0,0,1,0
379,2,4,43,1,1,1,3,2,1,2,0,0,0,1,0,0,0,0,2,16.25,2,1,40,2,2,5866,15,2,4,1,0,0,1,0,0,0,0,1,0,0,0,0
380,2,4,45,2,1,2,2,2,1,2,0,0,0,0,0,1,0,0,2,16.25,2,1,38,2,2,3500,10,9,4,1,0,0,0,0,1,0,0,1,0,0,0,0
381,2,4,44,1,1,1,3,2,1,2,0,0,0,1,0,0,0,0,2,16.25,2,1,40,2,5,1500,10,1,5,1,0,0,1,0,0,0,0,1,0,0,0,0
382,2,3,49,2,1,1,4,4,3,2,0,0,0,0,0,1,0,0,3,11.17,1,3,60,2,2,2200,64,9,1,4,0,0,0,0,1,0,0,0,0,0,1,0
383,2,2,43,1,3,2,365,0,8,2,2,0,0,1,0,0,0,0,2,15,2,1,40,1,10,20314,40,2,2,4,0,0,1,0,0,0,0,0,0,0,1,0
384,2,2,43,1,2,3,365,0,8,2,10,0,0,1,0,0,0,0,2,17.83,2,1,33,1,5,20314,50,5,4,5,0,0,1,0,0,0,0,0,0,0,0,1
385,2,4,41,1,1,2,7,1,8,2,5,0,1,0,0,0,0,0,1,17,2,1,33,1,6,6.00E+03,180,2,4,2,0,1,0,0,0,0,0,0,1,0,0,0
386,2,1,46,1,1,1,4,10,6,1,0,0,1,0,0,0,0,0,1,16.25,2,1,48.05,1,1,23000,120,2,3,4,0,1,0,0,0,0,0,0,0,0,1,0
387,2,1,53,1,1,1,7,5,1,2,0,0,1,0,0,0,0,0,2,16.67,2,1,40,1,1,5866,40,2,4,5,0,1,0,0,0,0,0,0,0,0,0,1
388,2,1,53,2,1,1,4,2,3,1,1,0,1,0,0,0,0,0,1,9.5,1,1,35,1,2,1.00E+04,64,7,4,1,0,1,0,0,0,0,0,1,0,0,0,0
389,2,1,57,1,1,2,2,3,1,2,4,0,1,0,0,0,0,0,1,16.25,2,2,48.05,1,1,5866,60,1,5,5,0,1,0,0,0,0,0,0,0,0,0,1
390,2,4,59,1,1,1,3,0,3,2,3,0,1,0,0,0,0,0,2,12.67,2,2,5,1,5,3.00E+03,120,11,2,4,0,1,0,0,0,0,0,0,0,0,1,0
391,2,1,56,1,1,4,6,1,1,2,2,0,0,1,0,0,0,0,2,16.5,2,1,33.48,1,5,1150,30,10,2,1,0,0,1,0,0,0,0,1,0,0,0,0
392,2,4,32,1,1,1,3,1,1,2,2,0,0,1,0,0,0,0,2,16.5,2,1,30,1,2,7.00E+03,20,3,2,4,0,0,1,0,0,0,0,0,0,0,1,0
393,2,1,33,1,2,2,7,1,3,2,15,0,1,0,0,0,0,0,1,16.25,2,1,48.05,2,2,6.00E+03,20,1,5,1,0,1,0,0,0,0,0,1,0,0,0,0
394,2,3,38,2,1,1,3,4,7,1,0,1,0,0,0,0,0,0,3,11,1,1,50,1,4,15700,90,5,2,4,1,0,0,0,0,0,0,0,0,0,1,0
395,2,3,37,2,1,1,3,4,7,1,1,1,0,0,0,0,0,0,3,11,1,1,50,1,6,15700,90,7,2,5,1,0,0,0,0,0,0,0,0,0,0,1
396,2,3,30,2,1,1,3,2,2,1,3,0,0,0,0,0,1,0,3,11,1,1,64,2,3,4850,5,4,3,4,0,0,0,0,0,1,0,0,0,0,1,0
397,2,4,33,2,1,1,10,0,1,2,1,0,0,1,0,0,0,0,4,15,2,1,89,1,5,1150,50,2,1,4,0,0,1,0,0,0,0,0,0,0,1,0
398,2,4,31,1,1,1,8,1,1,2,2,1,0,0,0,0,0,0,1,12.5,2,1,120,1,1,1.20E+04,25,2,2,4,1,0,0,0,0,0,0,0,0,0,1,0
400,2,4,48,2,1,1,4,2,3,2,3,0,0,1,0,0,0,0,2,16.25,2,1,45.21,1,5,2.00E+03,25,9,2,4,0,0,1,0,0,0,0,0,0,0,1,0
401,2,4,46,2,1,2,1,2,3,2,2,0,0,1,0,0,0,0,2,12.67,2,1,40,1,1,7850,60,3,3,1,0,0,1,0,0,0,0,1,0,0,0,0
402,2,1,43,2,1,1,4,3,3,2,2,0,0,1,0,0,0,0,2,16.92,2,1,40,1,1,7850,90,11,3,1,0,0,1,0,0,0,0,1,0,0,0,0
403,2,3,40,2,1,1,3,7,2,1,1,0,1,0,0,0,0,0,3,11,1,1,45.54,2,1,4850,30,2,2,5,0,1,0,0,0,0,0,0,0,0,0,1
404,2,3,46,2,1,1,3,7,2,1,0,0,0,0,0,0,0,1,3,11,1,1,45.54,2,1,4850,30,2,2,2,0,0,0,0,0,0,1,0,1,0,0,0
405,2,2,42,2,1,1,4,3,3,1,1,0,0,0,0,0,1,0,1,8.83,1,1,52.93,1,1,7850,64,9,3,2,0,0,0,0,0,1,0,0,1,0,0,0
406,2,1,42,2,1,1,4,7,1,1,0,1,0,0,0,0,0,0,1,9.5,1,1,48.05,1,1,5866,20,9,6,2,1,0,0,0,0,0,0,0,1,0,0,0
407,2,1,43,2,1,4,7,2,1,2,3,0,1,0,0,0,0,0,2,16.67,1,1,40,1,6,1.00E+04,60,9,3,4,0,1,0,0,0,0,0,0,0,0,1,0
408,2,4,43,2,1,2,3,4,3,2,5,0,0,1,0,0,0,0,2,15,2,2,45.21,1,5,1100,20,1,4,5,0,0,1,0,0,0,0,0,0,0,0,1
409,2,3,25,2,1,1,3,3,3,2,0,0,0,0,0,0,1,0,3,11,1,1,40,1,6,4.00E+03,40,2,4,4,0,0,0,0,0,1,0,0,0,0,1,0
410,2,4,28,2,1,1,8,1,1,2,1,0,0,0,0,0,1,0,1,12.5,2,1,120,1,1,2.00E+04,40,2,5,1,0,0,0,0,0,1,0,1,0,0,0,0
411,2,4,26,1,1,3,140,0,1,2,1,0,1,0,0,0,0,0,1,9.67,1,1,52,1,1,5866,45,8,3,1,0,1,0,0,0,0,0,1,0,0,0,0
412,2,4,20,1,1,2,90,2,3,2,3,0,0,0,1,0,0,0,1,12.5,2,1,44,2,4,1.50E+04,60,12,3,5,0,0,0,1,0,0,0,0,0,0,0,1
413,2,3,31,1,1,1,3,4,1,2,3,0,0,0,0,0,1,0,3,11,1,1,39,1,5,1550,60,2,3,1,0,0,0,0,0,1,0,1,0,0,0,0
414,2,3,33,2,1,1,3,4,1,2,2,0,0,0,0,0,1,0,3,11,1,1,40,1,5,1550,60,2,3,2,0,0,0,0,0,1,0,0,1,0,0,0
415,2,3,33,1,1,1,3,4,8,2,2,0,1,0,0,0,0,0,3,11,1,1,39,1,3,1100,50,2,2,4,0,1,0,0,0,0,0,0,0,0,1,0
416,2,3,39,2,1,1,3,7,2,1,0,0,0,0,0,1,0,0,3,11,1,1,45.54,2,1,4850,20,5,1,4,0,0,0,0,1,0,0,0,0,0,1,0
417,2,4,30,2,3,1,3,2,3,2,0,0,0,1,0,0,0,0,2,12.67,2,1,40,1,1,7850,30,2,2,5,0,0,1,0,0,0,0,0,0,0,0,1
418,2,4,38,1,1,2,3,1,1,2,3,0,0,1,0,0,0,0,2,15,2,1,45.21,1,5,5866,40,2,2,5,0,0,1,0,0,0,0,0,0,0,0,1
419,2,2,35,2,1,1,4,6,4,1,1,0,0,0,0,0,1,0,1,15.5,2,1,52.93,2,2,1.00E+04,20,12,2,5,0,0,0,0,0,1,0,0,0,0,0,1
420,2,4,37,2,3,4,99,0,8,2,2,0,0,1,0,0,0,0,2,15,2,1,42,1,1,20314,40,9,3,4,0,0,1,0,0,0,0,0,0,0,1,0
421,2,4,30,2,1,4,14,0,1,2,3,1,0,0,0,0,0,0,2,14.5,2,2,42,1,1,5866,70,2,3,1,1,0,0,0,0,0,0,1,0,0,0,0
422,2,4,32,2,2,2,5,1,1,2,8,0,1,0,0,0,0,0,1,8.67,1,2,55.25,1,6,4.00E+03,20,1,6,1,0,1,0,0,0,0,0,1,0,0,0,0
423,2,2,35,1,1,4,6,0,4,1,1,1,0,0,0,0,0,0,1,15.5,2,1,52.93,2,2,1.00E+04,20,12,2,5,1,0,0,0,0,0,0,0,0,0,0,1
424,2,1,35,2,1,1,4,1,1,2,2,0,0,1,0,0,0,0,2,15,2,1,30,1,1,5866,30,4,4,4,0,0,1,0,0,0,0,0,0,0,1,0
425,2,1,34,1,3,2,3,2,1,2,3,1,0,0,0,0,0,0,2,16.92,2,1,33.48,1,2,1.50E+04,30,5,4,5,1,0,0,0,0,0,0,0,0,0,0,1
426,2,1,39,1,3,2,3,2,1,2,6,0,0,1,1,0,0,0,2,16.92,2,1,33.48,1,1,5866,60,5,5,1,0,0,1,1,0,0,0,1,0,0,0,0
427,2,4,50,1,2,1,4,3,8,2,7,0,0,1,0,0,0,0,1,19,3,1,20,1,6,7.00E+03,50,1,6,1,0,0,1,0,0,0,0,1,0,0,0,0
428,2,4,23,2,2,1,4,3,8,2,2,0,0,1,0,0,0,0,1,19,3,1,20,1,6,7.00E+03,50,8,6,1,0,0,1,0,0,0,0,1,0,0,0,0
429,2,2,40,1,1,2,7,2,3,2,10,0,0,1,0,0,0,0,2,15.5,2,1,36.22,1,1,7850,60,2,2,2,0,0,1,0,0,0,0,0,1,0,0,0
430,2,2,42,1,1,2,7,2,3,2,10,0,0,1,0,0,0,0,2,15.5,2,2,36.22,1,1,7850,60,2,2,2,0,0,1,0,0,0,0,0,1,0,0,0
431,2,1,56,2,1,1,3,14,1,1,1,0,1,0,0,0,0,0,1,16.25,2,1,44,1,1,5866,30,6,3,5,0,1,0,0,0,0,0,0,0,0,0,1
432,2,1,29,1,1,1,4,14,1,1,0,0,0,0,0,0,0,1,1,16,2,1,48.05,2,2,4500,15,2,3,5,0,0,0,0,0,0,1,0,0,0,0,1
433,2,1,64,2,1,1,4,14,1,1,1,0,0,0,0,1,0,0,1,16.25,2,1,44,1,5,1300,40,7,4,1,0,0,0,0,1,0,0,1,0,0,0,0
434,2,1,67,2,1,1,4,14,1,1,2,0,0,1,0,0,0,0,1,16.25,2,1,45,1,1,5866,30,9,3,5,0,0,1,0,0,0,0,0,0,0,0,1
436,2,1,28,1,1,1,4,20,8,1,1,0,0,0,0,0,1,0,1,16.25,2,3,37,1,3,7.00E+03,40,6,2,4,0,0,0,0,0,1,0,0,0,0,1,0
437,2,4,22,2,1,1,8,0,3,2,0,1,0,0,0,0,0,0,3,13.33,2,1,30,1,1,7850,40,8,6,4,1,0,0,0,0,0,0,0,0,0,1,0
438,2,1,25,2,1,3,99,0,3,2,1,0,1,0,0,0,0,0,1,16.25,2,1,37,1,1,7850,90,8,3,1,0,1,0,0,0,0,0,1,0,0,0,0
439,2,1,21,1,2,4,99,2,8,2,4,0,0,1,0,0,0,0,1,16.5,2,1,52,1,2,2.00E+04,40,8,3,5,0,0,1,0,0,0,0,0,0,0,0,1
440,2,1,22,2,1,4,8,4,1,2,3,1,0,0,0,0,0,0,1,12.5,2,1,30,1,5,3.00E+03,10,8,6,4,1,0,0,0,0,0,0,0,0,0,1,0
441,2,4,27,1,1,1,3,2,3,2,0,0,1,0,0,0,0,0,2,12.67,2,1,40,1,1,7850,30,6,2,4,0,1,0,0,0,0,0,0,0,0,1,0
442,2,3,26,2,1,2,6,3,6,2,2,1,0,0,0,0,0,0,3,11,1,1,50,1,6,2.30E+04,180,12,2,5,1,0,0,0,0,0,0,0,0,0,0,1
443,2,1,26,2,3,3,7,0,1,2,0,0,0,1,0,0,0,0,2,9,1,1,60,1,3,1150,40,8,5,1,0,0,1,0,0,0,0,1,0,0,0,0
444,2,1,21,2,1,1,4,20,5,1,1,0,0,1,0,0,0,0,2,16.5,2,1,60,1,5,2.00E+03,50,8,3,1,0,0,1,0,0,0,0,1,0,0,0,0
445,2,1,21,2,1,1,5,0,5,2,0,0,1,0,0,0,0,0,1,12.5,2,1,48.05,1,3,1150,305,8,4,3,0,1,0,0,0,0,0,0,0,1,0,0
446,2,4,24,2,1,1,10,0,3,2,0,0,1,0,0,0,0,0,1,9.42,1,1,55.25,1,6,6.00E+03,60,8,3,5,0,1,0,0,0,0,0,0,0,0,0,1
447,2,1,28,2,2,2,4,1,1,2,6,0,1,0,0,0,0,0,1,16.25,2,2,50,2,3,1200,20,1,4,5,0,1,0,0,0,0,0,0,0,0,0,1
448,2,1,28,1,1,3,180,0,1,2,0,0,1,0,0,0,0,0,1,16.25,2,1,48.05,1,5,5866,40,8,3,4,0,1,0,0,0,0,0,0,0,0,1,0
449,2,1,28,2,2,4,365,2,8,2,2,0,1,0,0,0,0,0,1,16.5,2,1,52,1,2,2.00E+04,40,3,2,4,0,1,0,0,0,0,0,0,0,0,1,0
451,2,1,28,1,2,1,4,5,3,1,1,0,0,0,0,1,0,0,1,9.5,2,1,35,1,2,1.00E+04,20,12,6,1,0,0,0,0,1,0,0,1,0,0,0,0
452,2,1,25,1,1,1,5,2,3,2,0,0,1,0,0,0,0,0,2,16.92,2,1,35,1,6,6.00E+03,30,8,1,4,0,1,0,0,0,0,0,0,0,0,1,0
453,2,3,25,2,1,1,3,3,1,2,0,0,0,0,0,0,1,0,3,11,1,1,40,1,5,1350,60,2,5,4,0,0,0,0,0,1,0,0,0,0,1,0
454,2,4,29,2,2,1,3,3,8,2,0,0,1,0,0,0,0,0,1,19.75,3,1,55.25,2,8,20314,180,2,1,5,0,1,0,0,0,0,0,0,0,0,0,1
455,2,4,29,2,2,2,3,3,8,2,0,0,1,0,0,0,0,0,1,19.75,3,1,55.25,2,8,20314,180,2,1,4,0,1,0,0,0,0,0,0,0,0,1,0
456,2,1,37,1,2,1,3,1,8,2,1,0,1,0,0,0,0,0,2,16.92,2,1,42,1,5,20314,60,8,1,4,0,1,0,0,0,0,0,0,0,0,1,0
457,2,4,35,2,2,1,4,2,8,2,0,0,1,0,0,0,0,0,1,19.75,3,1,55.25,2,2,20314,10,2,3,4,0,1,0,0,0,0,0,0,0,0,1,0
458,2,4,38,1,1,1,5,1,1,2,0,0,0,1,0,0,0,0,2,15,2,1,40,1,5,5866,30,2,2,5,0,0,1,0,0,0,0,0,0,0,0,1
459,2,4,35,1,3,2,2,1,8,2,0,0,0,1,0,0,0,0,2,19,3,1,40,1,2,20314,120,2,2,4,0,0,1,0,0,0,0,0,0,0,1,0
460,2,4,42,1,3,2,1,1,8,2,0,0,0,1,0,0,0,0,2,20,3,1,40,1,2,20314,50,2,3,4,0,0,1,0,0,0,0,0,0,0,1,0
461,2,4,40,1,3,2,7,1,8,2,1,0,0,1,0,0,0,0,2,19.25,3,1,50,1,2,20314,50,2,2,4,0,0,1,0,0,0,0,0,0,0,1,0
462,2,2,47,1,3,2,3,1,8,2,0,0,0,1,0,0,0,0,2,20,3,1,36.22,1,2,20314,40,2,7,3,0,0,1,0,0,0,0,0,0,1,0,0
463,2,2,40,1,3,1,2,1,8,2,0,0,0,1,0,0,0,0,2,20,3,1,36.22,1,6,20314,60,2,3,4,0,0,1,0,0,0,0,0,0,0,1,0
464,2,2,40,2,3,1,3,1,8,2,3,0,0,0,1,0,0,0,2,20.02,3,1,36.22,1,5,20314,40,2,2,4,0,0,0,1,0,0,0,0,0,0,1,0
465,2,1,47,1,3,1,5,1,8,2,0,0,0,1,0,0,0,0,2,16.92,2,1,33.48,2,8,20314,180,11,1,4,0,0,1,0,0,0,0,0,0,0,1,0
466,2,4,51,2,3,2,365,2,1,2,6,0,0,1,0,0,0,0,2,15,2,1,40,1,5,5866,15,1,4,5,0,0,1,0,0,0,0,0,0,0,0,1
467,2,4,52,1,1,1,365,1,8,1,5,0,0,1,0,0,0,0,2,16.67,2,1,45,1,1,20314,15,1,5,5,0,0,1,0,0,0,0,0,0,0,0,1
468,2,1,59,2,1,1,4,6,1,1,0,0,1,0,0,0,0,0,1,16,2,1,60,2,2,5866,10,12,2,5,0,1,0,0,0,0,0,0,0,0,0,1
469,2,1,58,2,1,1,3,6,1,1,2,0,1,0,0,0,0,0,1,15.94,2,1,60,2,2,5866,10,11,2,5,0,1,0,0,0,0,0,0,0,0,0,1
470,2,4,59,1,1,1,8,1,2,2,1,0,1,0,0,0,0,0,4,19.25,3,1,50,2,2,4850,10,4,3,1,0,1,0,0,0,0,0,1,0,0,0,0
471,2,1,64,2,1,1,5,13,3,1,1,0,1,0,0,0,0,0,1,15.94,2,1,48.05,1,1,7850,64,9,4,5,0,1,0,0,0,0,0,0,0,0,0,1
473,2,1,67,2,1,1,10,7,1,1,0,0,1,0,0,0,0,0,1,16,2,1,60,2,2,5866,10,9,2,5,0,1,0,0,0,0,0,0,0,0,0,1
474,2,2,64,2,1,1,2,1,3,2,0,0,0,1,0,0,0,0,2,20,3,1,45,1,5,7850,120,10,2,4,0,0,1,0,0,0,0,0,0,0,1,0
476,2,4,21,2,3,1,6,2,8,2,2,0,1,0,0,0,0,0,2,20.08,3,1,45.21,1,5,20314,40,8,4,4,0,1,0,0,0,0,0,0,0,0,1,0
477,2,4,32,2,3,1,4,1,8,2,0,0,0,1,0,0,0,0,2,20,3,1,45,1,2,20314,45,2,2,4,0,0,1,0,0,0,0,0,0,0,1,0
478,2,4,30,2,3,2,3,1,8,2,3,0,1,0,0,0,0,0,2,20,3,1,45.21,1,1,20314,60,5,3,3,0,1,0,0,0,0,0,0,0,1,0,0
479,2,4,42,2,3,1,5,2,8,2,7,0,1,0,0,0,0,0,2,20,3,1,45.21,1,5,20314,40,7,4,4,0,1,0,0,0,0,0,0,0,0,1,0
480,2,4,43,2,3,1,5,2,8,2,1,0,1,0,0,0,0,0,2,20,3,1,45.21,1,5,20314,40,9,4,2,0,1,0,0,0,0,0,0,1,0,0,0
481,2,4,55,1,1,2,6,1,1,2,2,0,1,0,0,0,0,0,1,19.75,3,1,55.25,1,5,5866,30,2,3,4,0,1,0,0,0,0,0,0,0,0,1,0
482,2,2,59,2,1,2,4,2,1,2,2,1,0,0,0,0,0,0,2,20,3,1,36.22,1,5,3.00E+03,30,9,3,2,1,0,0,0,0,0,0,0,1,0,0,0
483,2,2,64,2,1,1,4,2,1,2,1,0,0,1,0,0,0,0,2,20,3,1,36.22,1,5,5866,40,9,5,4,0,0,1,0,0,0,0,0,0,0,1,0
484,2,4,39,1,1,4,8,3,8,2,10,0,1,0,0,0,0,0,1,19.75,3,1,62,1,1,20314,45,12,1,5,0,1,0,0,0,0,0,0,0,0,0,1
485,2,4,37,2,1,4,8,3,8,2,6,0,1,0,0,0,0,0,1,19.75,3,1,25,1,1,20314,45,5,5,5,0,1,0,0,0,0,0,0,0,0,0,1
486,2,1,63,1,5,2,28,1,8,2,3,0,1,0,0,0,0,0,2,19,3,1,33.48,2,5,20314,30,2,7,3,0,1,0,0,0,0,0,0,0,1,0,0
487,2,4,61,1,3,2,2,4,8,2,15,0,0,0,1,0,0,0,2,19.25,3,2,17,1,2,3.00E+04,40,1,7,2,0,0,0,1,0,0,0,0,1,0,0,0
488,2,1,48,2,1,1,2,3,1,2,3,0,0,0,1,0,0,0,2,16.92,2,2,70,1,1,5866,40,9,7,4,0,0,0,1,0,0,0,0,0,0,1,0