"","ID","Airport","Airline","Age","Gender","Nationality","TripPurpose","TripDuration","FlyingCompanion","ProvinceResidence","GroupTravel","NoTripsLastYear","FrequentFlightDestination1","FrequentFlightDestination2","FrequentFlightDestination3","FrequentFlightDestination4","FrequentFlightDestination5","FrequentFlightDestination6","FrequentFlightDestination7","Destination","TotalDepartureHr","DepartureTime","SeatClass","Airfare","NoTransport","ModeTransport","AccessCost","AccessTime","Occupation","MileageAirline","FrequentDestination1","FrequentDestination2","FrequentDestination3","FrequentDestination4","FrequentDestination5","FrequentDestination6","FrequentDestination7","MileageAirline1","MileageAirline2","MileageAirline3","MileageAirline4","MileageAirline5","Income"
"1",1,1,1,49,1,1,2,7,0,3,2,3,1,0,0,0,0,0,0,3,12.08,2,1,80,1,6,8000,40,1,1,1,0,0,0,0,0,0,1,0,0,0,0,5
"2",2,1,1,49,2,1,1,4,4,3,2,1,1,0,0,0,0,0,0,2,10.17,1,1,41,1,6,8000,50,9,5,1,0,0,0,0,0,0,0,0,0,0,1,3
"3",3,1,1,25,1,1,1,10,2,3,2,1,0,1,0,0,0,0,0,1,11.5,1,1,49.83,2,4,1000,20,12,5,0,1,0,0,0,0,0,0,0,0,0,1,8
"4",4,1,1,29,1,1,2,7,2,3,2,2,0,0,0,0,1,0,0,2,15.33,2,1,26.43,1,1,12642,76,8,2,0,0,0,0,1,0,0,0,1,0,0,0,7
"5",5,1,1,34,2,1,2,4,0,3,2,2,0,1,0,0,0,0,0,1,1,2,1,40,1,6,8000,50,1,5,0,1,0,0,0,0,0,0,0,0,0,1,3
"6",6,1,1,43,1,1,4,40,1,3,2,4,0,1,0,0,0,0,0,1,14.75,2,1,34,1,6,8000,50,1,5,0,1,0,0,0,0,0,0,0,0,0,1,3
"7",7,1,1,43,2,1,4,40,1,3,2,0,0,1,0,0,0,0,0,1,14.75,2,1,34,1,6,8000,50,9,5,0,1,0,0,0,0,0,0,0,0,0,1,3
"8",8,1,1,52,1,1,1,7,1,3,2,0,0,0,0,1,0,0,0,2,10.25,1,1,56,1,6,8000,50,2,3,0,0,0,1,0,0,0,0,0,1,0,0,3
"9",9,1,3,24,2,1,1,4,1,3,2,0,1,0,0,0,0,0,0,3,19.58,3,1,34,2,2,2400,5,12,5,1,0,0,0,0,0,0,0,0,0,0,1,8
"10",10,1,1,52,2,1,1,5,1,5,1,2,1,0,0,0,0,0,0,3,19,3,1,60.79,2,10,90000,60,12,5,1,0,0,0,0,0,0,0,0,0,0,1,8
"11",11,1,1,29,2,1,1,5,2,3,2,4,1,0,0,0,0,0,0,2,13.58,2,1,54,2,3,1100,10,12,5,1,0,0,0,0,0,0,0,0,0,0,1,8
"12",12,1,4,45,1,1,1,7,1,3,1,10,1,0,0,0,0,0,0,4,15.25,2,1,80,1,6,8000,50,1,1,1,0,0,0,0,0,0,1,0,0,0,0,2
"13",13,1,1,24,1,5,2,90,1,8,2,4,0,1,0,1,0,0,0,1,19,3,1,37,1,5,8400,180,2,4,0,1,0,1,0,0,0,0,0,0,1,0,2
"14",14,1,3,27,1,1,1,5,1,1,2,0,1,0,0,0,0,0,0,3,17,2,1,40,1,5,1500,90,2,4,1,0,0,0,0,0,0,0,0,0,1,0,4
"15",15,1,2,62,1,1,2,4,2,3,2,8,0,0,1,0,0,0,0,2,10.33,3,2,27.12,1,5,1500,76,5,4,0,0,1,0,0,0,0,0,0,0,1,0,3
"16",16,1,3,31,2,1,1,5,2,3,2,2,0,0,0,0,1,0,0,3,17.5,2,1,40,2,2,3000,5,12,5,0,0,0,0,1,0,0,0,0,0,0,1,8
"17",17,1,3,28,2,1,1,4,1,3,2,2,0,0,0,0,1,0,0,3,17.33,2,1,29,2,2,2700,10,12,5,0,0,0,0,1,0,0,0,0,0,0,1,8
"18",18,1,3,29,2,1,1,6,5,3,2,1,0,0,1,0,0,0,0,3,20.08,3,1,38,2,3,1100,20,12,5,0,0,1,0,0,0,0,0,0,0,0,1,8
"19",19,1,3,40,1,1,1,5,5,1,1,2,1,0,0,0,0,0,0,3,17.36,4,1,70,1,1,6000,60,2,1,1,0,0,0,0,0,0,1,0,0,0,0,3
"20",20,1,3,29,1,1,1,6,5,3,2,1,1,0,0,0,0,0,0,3,20,3,1,38,1,1,12642,76,2,5,1,0,0,0,0,0,0,0,0,0,0,1,3
"21",21,1,3,69,2,1,1,5,6,1,2,0,1,0,0,0,0,0,0,3,17.36,4,1,70,1,1,6595,56,9,5,1,0,0,0,0,0,0,0,0,0,0,1,1
"22",22,1,3,29,1,4,1,5,3,1,2,1,0,0,1,0,0,0,0,3,20.42,3,1,44.57,1,5,1500,50,2,2,0,0,1,0,0,0,0,0,1,0,0,0,2
"23",23,1,3,28,1,1,1,5,3,1,2,2,1,0,0,0,0,0,0,3,8.67,4,1,44.57,1,5,900,10,1,4,1,0,0,0,0,0,0,0,0,0,1,0,4
"24",24,1,3,35,1,1,1,6,2,1,2,1,0,0,0,1,0,0,0,3,20.08,3,1,48,1,1,3,90,5,2,0,0,0,1,0,0,0,0,1,0,0,0,3
"25",25,1,4,30,2,1,1,5,2,3,2,5,0,0,0,0,1,0,0,3,4.33,2,1,53,1,6,10000,60,9,5,0,0,0,0,1,0,0,0,0,0,0,1,3
"26",26,1,4,22,1,4,4,30,0,3,2,0,0,0,0,0,0,1,0,4,11.75,4,1,39,3,3,1100,15,12,5,0,0,0,0,0,1,0,0,0,0,0,1,8
"27",27,1,1,55,1,1,1,5,3,3,2,2,0,1,0,0,1,0,0,1,14.17,2,1,28,2,2,4000,10,12,5,0,1,0,0,1,0,0,0,0,0,0,1,8
"28",28,1,1,20,2,1,3,21,1,3,2,1,0,0,0,0,1,0,0,1,19.75,3,1,49.83,1,6,8000,50,8,4,0,0,0,0,1,0,0,0,0,0,1,0,3
"29",29,1,3,33,1,1,1,5,2,5,2,1,1,0,0,0,0,0,0,3,19.58,3,1,44.57,2,2,7500,30,12,5,1,0,0,0,0,0,0,0,0,0,0,1,8
"30",30,1,4,31,2,1,1,3,4,1,2,1,1,0,0,0,0,0,0,4,9.42,1,1,43,1,6,10000,60,2,3,1,0,0,0,0,0,0,0,0,1,0,0,1
"31",31,1,3,33,2,1,1,6,2,1,2,2,1,0,0,0,0,0,0,3,20.08,3,1,48,1,1,6595,60,5,1,1,0,0,0,0,0,0,1,0,0,0,0,4
"32",32,1,1,46,1,1,2,4,1,3,2,50,0,1,0,0,0,0,0,3,19,3,2,60.79,1,6,5500,40,12,4,0,1,0,0,0,0,0,0,0,0,1,0,5
"33",33,1,1,24,2,1,1,45,2,5,2,1,0,0,0,0,1,0,0,4,13,2,1,140,2,7,17900,180,12,5,0,0,0,0,1,0,0,0,0,0,0,1,8
"34",34,1,1,22,1,1,3,100,0,6,2,0,0,0,0,0,0,1,0,4,20.08,3,1,110,1,7,1200,15,12,5,0,0,0,0,0,1,0,0,0,0,0,1,8
"35",35,1,3,32,2,1,1,6,2,5,2,1,1,0,0,0,0,0,0,3,20.08,3,1,40,2,2,7500,10,12,5,1,0,0,0,0,0,0,0,0,0,0,1,8
"36",36,1,1,34,2,4,1,15,4,1,2,1,1,0,0,0,0,0,0,3,18.67,3,1,70,1,1,6595,56,2,1,1,0,0,0,0,0,0,1,0,0,0,0,2
"37",37,1,1,40,2,1,1,5,4,1,2,1,1,0,0,0,0,0,0,3,14.33,2,3,80,2,3,1000,56,12,5,1,0,0,0,0,0,0,0,0,0,0,1,8
"38",38,1,4,22,2,1,1,30,2,1,2,0,0,0,0,0,1,0,0,4,20.08,3,1,108,2,3,1050,56,12,5,0,0,0,0,1,0,0,0,0,0,0,1,8
"39",39,1,1,36,1,1,1,16,2,1,1,3,1,0,0,0,0,0,0,4,16.21,2,1,100,1,3,1300,40,1,1,1,0,0,0,0,0,0,1,0,0,0,0,4
"40",40,1,2,22,1,1,1,40,0,1,2,2,1,0,0,0,1,1,0,4,16.21,4,1,100,1,6,10000,120,8,5,1,0,0,0,1,1,0,0,0,0,0,1,4
"41",41,1,4,22,2,1,1,30,2,1,2,0,0,0,0,0,1,0,0,4,20,3,1,108,2,3,1050,8,12,5,0,0,0,0,1,0,0,0,0,0,0,1,8
"42",42,1,1,44,1,1,2,3,2,1,2,4,1,0,0,0,0,0,0,3,18.67,3,1,59,1,1,0,15,5,1,1,0,0,0,0,0,0,1,0,0,0,0,5
"43",43,1,1,31,2,1,4,4,0,3,2,100,1,1,1,1,1,0,0,3,10.58,1,2,40,2,2,8000,10,12,5,1,1,1,1,1,0,0,0,0,0,0,1,8
"44",44,1,1,57,1,4,2,140,1,5,2,10,1,0,0,0,0,0,0,3,18.67,3,1,60.79,2,10,27920,60,12,5,1,0,0,0,0,0,0,0,0,0,0,1,8
"45",45,1,3,28,1,1,1,5,4,3,2,4,0,0,0,0,0,1,0,3,19.58,3,1,30,1,6,12000,75,2,5,0,0,0,0,0,1,0,0,0,0,0,1,2
"46",46,1,1,32,2,1,1,10,2,3,2,2,1,0,0,0,0,0,0,1,14.83,2,1,48,2,2,5000,10,12,5,1,0,0,0,0,0,0,0,0,0,0,1,8
"47",47,1,1,29,2,1,1,5,2,3,2,2,0,0,1,0,0,0,0,2,13.58,2,1,54,1,6,8000,50,3,5,0,0,1,0,0,0,0,0,0,0,0,1,2
"48",48,1,1,35,2,1,2,3,5,3,2,20,1,0,0,0,0,0,0,3,18.67,3,1,60,1,6,6000,40,12,4,1,0,0,0,0,0,0,0,0,0,1,0,3
"49",49,1,2,45,1,2,2,15,1,8,2,7,1,0,0,0,0,0,0,1,12.67,2,1,52,1,6,8000,40,1,5,1,0,0,0,0,0,0,0,0,0,0,1,3
"50",50,1,3,28,1,1,1,7,9,3,1,2,1,0,0,0,0,0,0,3,8.5,3,1,45,1,6,11000,90,2,4,1,0,0,0,0,0,0,0,0,0,1,0,4
"51",51,1,3,53,2,1,1,7,9,3,2,0,1,0,0,0,0,0,0,3,20.5,3,1,45,2,2,1050,20,12,5,1,0,0,0,0,0,0,0,0,0,0,1,8
"52",52,1,3,57,1,1,1,7,9,1,2,3,1,1,0,0,0,0,0,3,20.5,3,1,50,2,3,6595,56,12,5,1,1,0,0,0,0,0,0,0,0,0,1,8
"53",53,1,3,43,2,4,1,4,4,1,2,2,1,0,0,0,0,0,0,3,19.58,3,1,44.57,1,5,3700,100,5,5,1,0,0,0,0,0,0,0,0,0,0,1,2
"54",54,1,3,21,2,1,1,4,4,1,2,0,1,0,0,0,0,0,0,3,19.58,3,1,44.57,1,5,6595,56,8,5,1,0,0,0,0,0,0,0,0,0,0,1,3
"55",55,1,2,67,2,1,1,7,2,1,1,3,1,0,0,0,0,0,0,1,8.5,3,2,48.34,1,4,10000,65,7,5,1,0,0,0,0,0,0,0,0,0,0,1,4
"56",56,1,2,66,1,1,1,6,8,2,1,1,1,0,0,0,0,0,0,1,20,3,1,78,1,1,3175,39,7,5,1,0,0,0,0,0,0,0,0,0,0,1,2
"57",57,1,3,29,1,1,1,6,1,3,2,3,0,0,1,0,0,0,0,2,15.5,2,1,17,2,4,2000,60,12,5,0,0,1,0,0,0,0,0,0,0,0,1,8
"58",58,1,1,30,2,1,1,5,2,5,2,122,1,0,0,0,0,0,0,3,14.33,2,1,64,2,8,48000,90,12,5,1,0,0,0,0,0,0,0,0,0,0,1,8
"59",59,1,2,44,2,2,1,99,1,8,2,4,0,1,0,0,0,0,0,1,12.5,2,1,31,1,1,8400,34,9,4,0,1,0,0,0,0,0,0,0,0,1,0,4
"60",60,1,3,36,1,1,1,5,1,4,2,3,1,0,1,0,0,0,0,3,17.36,2,1,44.57,2,8,10600,60,1,4,1,0,1,0,0,0,0,0,0,0,1,0,3
"61",61,1,2,53,1,5,2,7,2,8,2,50,1,0,0,0,0,0,0,3,18.5,3,1,75,1,8,8400,150,2,4,1,0,0,0,0,0,0,0,0,0,1,0,6
"62",62,1,4,47,1,1,1,2,3,1,2,0,1,0,0,0,0,0,0,2,5.75,2,1,20,2,2,1050,40,12,5,1,0,0,0,0,0,0,0,0,0,0,1,8
"63",63,1,1,27,1,1,2,180,1,5,2,4,0,0,1,0,0,0,0,2,18.5,3,1,67,2,8,50000,311,12,5,0,0,1,0,0,0,0,0,0,0,0,1,8
"64",64,1,4,22,2,5,1,5,1,1,2,12,0,0,0,0,0,1,0,2,17.75,2,1,19,2,5,6595,56,12,5,0,0,0,0,0,1,0,0,0,0,0,1,8
"65",65,1,3,28,1,1,1,6,5,3,2,0,1,0,0,0,0,0,0,3,20.08,3,1,38,2,3,1100,20,12,5,1,0,0,0,0,0,0,0,0,0,0,1,8
"66",66,1,4,29,2,2,1,20,1,1,2,2,1,0,0,0,0,0,0,1,19.17,3,1,30,1,5,6900,43,2,4,1,0,0,0,0,0,0,0,0,0,1,0,1
"67",67,1,1,47,1,1,1,5,2,3,2,3,1,0,0,0,0,0,0,3,19,3,1,60.79,1,5,1200,40,4,1,1,0,0,0,0,0,0,1,0,0,0,0,5
"68",68,1,1,38,1,1,1,4,3,1,2,3,0,0,0,0,1,0,0,2,14.79,2,1,26.43,1,2,3000,5,2,5,0,0,0,0,1,0,0,0,0,0,0,1,3
"69",70,1,2,39,2,1,1,5,1,1,2,4,0,0,1,0,0,1,0,2,9,1,1,60,1,6,13000,60,9,5,0,0,1,0,0,1,0,0,0,0,0,1,3
"70",71,1,3,26,2,1,1,5,2,2,2,0,1,0,0,0,0,0,0,3,25.02,4,1,44.57,1,5,1300,50,5,5,1,0,0,0,0,0,0,0,0,0,0,1,2
"71",73,1,2,28,1,1,2,3,2,1,2,2,0,0,1,0,0,0,0,2,14.79,2,1,27.12,1,5,1150,30,2,5,0,0,1,0,0,0,0,0,0,0,0,1,3
"72",74,1,3,22,2,1,1,7,1,6,2,1,0,1,1,0,0,0,0,3,7.58,3,1,24,1,1,1200,290,8,5,0,1,1,0,0,0,0,0,0,0,0,1,7
"73",75,1,1,34,1,2,2,30,1,5,2,12,0,1,0,0,0,0,0,1,19.75,3,1,49.83,3,4,27920,311,2,5,0,1,0,0,0,0,0,0,0,0,0,1,2
"74",76,1,2,40,1,1,2,15,1,4,2,3,0,1,0,0,0,0,0,1,14,2,1,48.34,3,2,11000,10,12,5,0,1,0,0,0,0,0,0,0,0,0,1,8
"75",77,1,3,22,2,4,3,7,1,6,2,2,1,0,0,0,0,0,0,3,7.58,3,1,24,3,8,1200,290,12,5,1,0,0,0,0,0,0,0,0,0,0,1,8
"76",78,1,3,33,1,1,1,6,1,3,2,1,0,0,0,1,0,0,0,3,16,2,1,40,2,5,1050,60,12,5,0,0,0,1,0,0,0,0,0,0,0,1,8
"77",79,1,3,29,2,1,1,5,0,3,2,1,1,0,0,0,0,0,0,3,16,2,1,40,1,5,1050,60,2,5,1,0,0,0,0,0,0,0,0,0,0,1,3
"78",80,1,2,43,1,1,1,4,3,1,1,1,1,0,0,0,0,0,0,3,17.36,2,1,29.12,2,3,6595,56,12,5,1,0,0,0,0,0,0,0,0,0,0,1,8
"79",81,1,4,41,1,1,4,8,10,5,2,5,0,0,0,0,0,1,0,1,13.67,2,2,120,3,1,27920,10,12,5,0,0,0,0,0,1,0,0,0,0,0,1,8
"80",84,1,1,30,1,1,1,5,1,5,2,10,0,1,0,0,0,0,0,3,14.33,2,1,65,3,1,1800,30,12,5,0,1,0,0,0,0,0,0,0,0,0,1,8
"81",85,1,2,50,2,1,1,99,1,8,2,0,1,0,0,0,0,0,0,2,14,2,1,23,1,1,8400,180,9,5,1,0,0,0,0,0,0,0,0,0,0,1,5
"82",86,1,2,31,1,1,2,30,0,1,2,5,0,1,0,0,0,0,0,1,12.67,2,1,54,1,2,3000,15,3,5,0,1,0,0,0,0,0,0,0,0,0,1,3
"83",87,1,1,34,1,1,2,99,0,1,2,6,0,1,0,1,0,0,0,1,13.08,2,1,20,1,1,6595,56,1,4,0,1,0,1,0,0,0,0,0,0,1,0,7
"84",88,1,4,47,1,1,1,5,3,1,1,2,1,0,0,0,0,0,0,3,13.58,2,1,40.4,2,2,13300,45,12,5,1,0,0,0,0,0,0,0,0,0,0,1,8
"85",90,1,1,40,1,1,1,5,10,3,2,0,0,0,0,0,0,1,0,3,17.36,2,3,60.79,1,7,4300,53,2,2,0,0,0,0,0,1,0,0,1,0,0,0,2
"86",91,1,3,30,2,1,1,7,3,1,2,3,1,0,0,0,0,0,0,3,20.08,3,1,60,1,3,3000,15,2,4,1,0,0,0,0,0,0,0,0,0,1,0,3
"87",92,1,2,32,1,1,1,5,2,4,2,1,1,0,0,0,0,0,0,3,16,2,2,75,2,8,10600,155,12,5,1,0,0,0,0,0,0,0,0,0,0,1,8
"88",93,1,4,45,1,1,1,5,1,7,2,0,1,0,0,0,0,0,0,3,13.58,2,1,61,3,8,6000,120,12,5,1,0,0,0,0,0,0,0,0,0,0,1,8
"89",94,1,4,40,2,1,1,5,1,7,2,2,1,0,0,0,0,0,0,3,13.58,2,1,61,3,8,6000,120,12,5,1,0,0,0,0,0,0,0,0,0,0,1,8
"90",95,1,4,39,1,1,1,0,5,5,2,0,1,0,0,0,0,0,0,3,13.42,2,2,30,3,2,10000,30,12,5,1,0,0,0,0,0,0,0,0,0,0,1,8
"91",96,1,4,37,1,1,1,6,5,5,2,5,1,0,0,0,0,0,0,3,13.42,2,1,41,3,5,1100,30,12,5,1,0,0,0,0,0,0,0,0,0,0,1,8
"92",97,1,2,44,1,1,2,15,1,1,2,80,0,1,0,0,0,0,0,1,14.33,2,2,48.34,2,2,13000,45,12,5,0,1,0,0,0,0,0,0,0,0,0,1,8
"93",98,1,2,30,2,1,1,5,2,4,2,1,1,0,0,0,0,0,0,3,16.17,2,2,75,2,8,14000,40,12,5,1,0,0,0,0,0,0,0,0,0,0,1,8
"94",99,1,4,49,1,1,1,4,2,8,1,0,1,0,0,0,0,0,0,3,20.67,3,3,40.4,1,5,2700,40,3,4,1,0,0,0,0,0,0,0,0,0,1,0,2
"95",100,1,1,50,2,1,1,7,2,2,2,0,1,0,0,0,0,0,0,3,20.33,3,1,60.79,1,5,3175,30,9,4,1,0,0,0,0,0,0,0,0,0,1,0,4
"96",101,1,4,52,2,1,4,99,0,8,2,0,1,0,0,0,0,0,0,3,21.58,4,1,27,1,6,15000,100,9,1,1,0,0,0,0,0,0,1,0,0,0,0,1
"97",102,1,4,54,2,1,1,5,26,3,1,2,1,0,0,0,0,0,0,3,20,3,1,3,2,2,2500,76,12,5,1,0,0,0,0,0,0,0,0,0,0,1,8
"98",103,1,2,55,2,1,1,6,4,1,1,0,1,0,0,0,0,0,0,1,20.17,3,1,48.34,2,5,6595,56,12,5,1,0,0,0,0,0,0,0,0,0,0,1,8
"99",104,1,1,60,2,1,1,5,2,3,2,1,1,0,0,0,0,0,0,3,20.33,3,1,60.79,1,6,12642,76,11,4,1,0,0,0,0,0,0,0,0,0,1,0,1
"100",105,1,1,62,1,1,1,5,2,3,2,1,1,0,0,0,0,0,0,3,20.33,3,1,60.79,1,6,12642,120,11,4,1,0,0,0,0,0,0,0,0,0,1,0,1
"101",106,1,4,64,2,1,1,5,26,3,1,2,1,0,0,0,0,0,0,3,20,3,1,3,2,2,2500,76,12,5,1,0,0,0,0,0,0,0,0,0,0,1,8
"102",107,1,3,27,2,1,1,5,4,1,2,4,1,0,0,0,0,0,0,3,17.33,2,1,60,1,6,15000,60,12,1,1,0,0,0,0,0,0,1,0,0,0,0,2
"103",108,1,3,25,2,1,1,5,4,1,2,0,0,1,0,0,0,0,0,3,17.33,2,1,53,1,6,13000,60,3,5,0,1,0,0,0,0,0,0,0,0,0,1,2
"104",109,1,3,24,2,1,1,5,1,3,2,2,1,0,0,0,0,0,0,3,17.5,2,1,50,1,6,12000,100,2,5,1,0,0,0,0,0,0,0,0,0,0,1,4
"105",110,1,3,28,1,1,1,6,2,1,2,2,0,0,0,0,1,0,0,3,17.5,2,1,23,1,6,14000,60,2,5,0,0,0,0,1,0,0,0,0,0,0,1,7
"106",111,1,3,29,1,1,1,3,3,2,2,1,1,0,0,0,0,0,0,3,19.58,3,1,30,1,5,3175,39,2,4,1,0,0,0,0,0,0,0,0,0,1,0,2
"107",112,1,2,25,2,1,1,3,12,1,1,0,0,0,0,0,0,0,1,3,20.33,3,1,29.12,1,6,15000,160,5,5,0,0,0,0,0,0,1,0,0,0,0,1,2
"108",113,1,1,39,1,1,2,9,1,3,2,1,0,1,0,0,0,0,0,4,11.5,3,1,100,2,8,3000,60,12,5,0,1,0,0,0,0,0,0,0,0,0,1,8
"109",114,1,4,30,1,1,2,2,1,6,2,3,1,0,0,0,0,0,0,3,15.25,2,1,60,3,2,1200,290,12,5,1,0,0,0,0,0,0,0,0,0,0,1,8
"110",115,1,3,36,1,1,1,3,3,2,2,3,0,0,1,0,0,0,0,3,19.58,3,1,30,2,3,1100,39,12,5,0,0,1,0,0,0,0,0,0,0,0,1,8
"111",116,1,1,31,1,1,1,5,1,1,2,0,1,0,0,1,0,0,0,3,19,3,1,62,1,6,10000,60,2,1,1,0,0,1,0,0,0,1,0,0,0,0,4
"112",117,1,3,30,1,1,1,4,3,1,2,2,0,0,1,0,0,0,0,3,19.58,3,2,44.57,2,8,6595,90,2,1,0,0,1,0,0,0,0,1,0,0,0,0,5
"113",118,1,1,36,1,1,2,150,0,5,2,3,0,0,0,1,0,0,0,4,21.58,4,1,150,2,2,4600,10,12,5,0,0,0,1,0,0,0,0,0,0,0,1,8
"114",119,1,2,31,2,1,1,15,2,8,2,0,0,0,1,0,0,0,0,2,21,4,1,27.12,1,1,8400,180,2,5,0,0,1,0,0,0,0,0,0,0,0,1,3
"115",120,1,2,37,2,1,1,5,4,3,1,2,0,0,1,0,0,0,0,1,20,3,1,41,1,6,12000,90,3,2,0,0,1,0,0,0,0,0,1,0,0,0,2
"116",121,1,1,43,1,1,2,9,2,3,2,1,0,1,1,0,0,0,0,4,19.5,3,1,120,1,6,12642,76,2,5,0,1,1,0,0,0,0,0,0,0,0,1,3
"117",122,1,3,45,1,1,1,5,1,4,2,1,1,1,0,0,0,0,0,3,19.58,3,1,35,2,8,10600,155,12,5,1,1,0,0,0,0,0,0,0,0,0,1,8
"118",123,1,1,42,2,1,1,5,3,1,1,0,1,0,0,0,0,0,0,3,5.67,2,1,50,2,2,2400,10,12,5,1,0,0,0,0,0,0,0,0,0,0,1,8
"119",124,1,2,44,1,1,4,10,0,1,2,2,1,0,0,0,0,0,0,3,19.83,3,1,55,1,6,9000,40,2,4,1,0,0,0,0,0,0,0,0,0,1,0,4
"120",125,1,4,55,1,1,2,5,1,8,2,2,0,1,0,0,0,0,0,1,20.08,3,1,53.17,1,6,8400,180,2,5,0,1,0,0,0,0,0,0,0,0,0,1,3
"121",126,1,4,52,1,1,2,5,1,2,2,3,0,1,0,0,0,0,0,1,20.08,3,1,53.17,1,5,3175,39,2,5,0,1,0,0,0,0,0,0,0,0,0,1,4
"122",127,1,1,50,1,1,1,365,2,8,1,0,0,1,0,0,0,0,0,2,20.92,3,1,26.43,1,9,8400,180,2,4,0,1,0,0,0,0,0,0,0,0,1,0,4
"123",128,1,4,69,2,1,1,12,2,1,2,2,1,0,0,0,0,0,0,4,22,4,2,71.33,1,1,6595,60,9,5,1,0,0,0,0,0,0,0,0,0,0,1,7
"124",129,1,1,30,1,1,1,6,2,1,1,4,0,0,0,0,1,0,0,4,18,3,1,134.57,1,2,11000,30,2,1,0,0,0,0,1,0,0,1,0,0,0,0,3
"125",130,1,2,30,2,1,1,6,2,1,2,0,0,0,0,0,0,0,1,3,20.33,3,1,29.12,1,3,6595,56,2,5,0,0,0,0,0,0,1,0,0,0,0,1,3
"126",131,1,2,32,1,1,1,6,2,1,2,1,0,0,0,0,0,0,1,3,20.33,3,1,29.12,1,3,6595,56,2,5,0,0,0,0,0,0,1,0,0,0,0,1,3
"127",132,1,4,47,2,1,1,4,2,8,1,0,1,0,0,0,0,0,0,3,20.67,3,3,40.4,1,5,2700,40,9,4,1,0,0,0,0,0,0,0,0,0,1,0,3
"128",133,1,1,47,2,1,1,6,2,8,2,0,0,0,0,0,0,0,1,3,20.08,3,1,60.79,3,5,8400,180,2,4,0,0,0,0,0,0,1,0,0,0,1,0,4
"129",134,1,2,47,2,1,1,4,4,1,1,1,1,0,0,0,0,0,0,3,20.5,3,1,29.12,1,5,6595,56,9,5,1,0,0,0,0,0,0,0,0,0,0,1,3
"130",135,1,3,37,1,4,4,99,0,8,2,1,1,0,0,0,0,0,0,3,21.67,4,1,65,2,1,8400,180,12,5,1,0,0,0,0,0,0,0,0,0,0,1,8
"131",136,1,4,24,2,1,1,5,2,1,2,2,1,0,0,1,1,0,0,3,8.5,1,1,56,2,2,3300,10,12,5,1,0,0,1,1,0,0,0,0,0,0,1,8
"132",137,1,1,33,1,2,2,10,2,1,2,4,1,1,1,0,0,0,0,1,7.75,3,2,49.83,1,1,10000,56,1,5,1,1,1,0,0,0,0,0,0,0,0,1,2
"133",138,1,1,30,1,1,2,7,1,3,1,9,0,0,0,0,0,1,0,3,20.58,3,1,53,1,9,350000,80,12,1,0,0,0,0,0,1,0,1,0,0,0,0,3
"134",139,1,3,30,1,1,1,6,1,3,2,1,0,0,1,0,0,0,0,3,20.67,3,1,40,1,6,10000,60,2,5,0,0,1,0,0,0,0,0,0,0,0,1,3
"135",140,1,1,50,2,1,1,7,2,3,2,2,1,0,0,0,0,0,0,3,9.75,1,1,60.79,1,1,12642,76,3,5,1,0,0,0,0,0,0,0,0,0,0,1,3
"136",141,1,1,35,1,1,2,6,2,1,2,0,1,0,0,0,0,0,0,4,14.08,2,1,222,2,1,6595,15,12,5,1,0,0,0,0,0,0,0,0,0,0,1,8
"137",142,1,2,43,1,1,4,6,7,5,2,2,1,0,0,0,0,0,0,3,7.08,3,1,57,4,2,10000,20,12,5,1,0,0,0,0,0,0,0,0,0,0,1,8
"138",143,1,2,27,2,5,1,5,8,8,2,5,0,0,0,0,0,1,0,4,8.17,3,1,14,1,5,8400,120,3,5,0,0,0,0,0,1,0,0,0,0,0,1,2
"139",144,1,3,32,1,1,1,5,1,5,2,1,0,0,0,0,1,0,0,3,20.67,3,1,64,1,8,8000,40,4,5,0,0,0,0,1,0,0,0,0,0,0,1,1
"140",145,1,3,33,1,1,1,7,1,2,2,2,1,0,0,0,0,0,0,3,19.58,3,1,30,1,8,8000,39,2,4,1,0,0,0,0,0,0,0,0,0,1,0,3
"141",146,1,2,36,1,4,2,180,1,5,2,2,1,0,0,0,0,0,0,3,19.25,3,1,29.12,2,2,27920,311,12,5,1,0,0,0,0,0,0,0,0,0,0,1,8
"142",147,1,3,33,1,4,1,5,2,1,2,3,1,0,0,0,0,0,0,3,21.67,4,1,50,1,6,15000,60,2,1,1,0,0,0,0,0,0,1,0,0,0,0,3
"143",148,1,4,30,1,4,1,5,2,1,1,1,1,0,0,0,0,0,0,3,21.58,4,1,30,2,1,7000,40,12,5,1,0,0,0,0,0,0,0,0,0,0,1,8
"144",149,1,4,29,1,4,1,6,2,2,2,1,1,0,0,0,0,0,0,3,21.5,4,1,30,1,6,2300,30,5,4,1,0,0,0,0,0,0,0,0,0,1,0,5
"145",150,1,2,22,1,4,3,150,0,4,2,0,1,0,0,0,0,0,0,3,21,4,1,50,1,4,10600,155,8,5,1,0,0,0,0,0,0,0,0,0,0,1,3
"146",151,1,1,44,1,1,2,3,0,5,2,2,1,0,0,0,0,0,0,3,17.36,3,1,89,2,8,50000,390,12,5,1,0,0,0,0,0,0,0,0,0,0,1,8
"147",152,1,1,54,1,1,1,5,2,4,2,0,0,0,0,0,0,0,1,1,21,4,1,49.83,1,7,6800,65,12,5,0,0,0,0,0,0,1,0,0,0,0,1,8
"148",153,1,2,40,2,1,1,5,2,1,2,0,1,0,0,0,0,0,0,3,19.83,3,1,29.12,2,5,1050,25,12,5,1,0,0,0,0,0,0,0,0,0,0,1,8
"149",154,1,2,42,1,1,1,5,2,1,2,1,1,0,0,0,0,0,0,3,19.83,3,1,29.12,1,7,6900,40,12,5,1,0,0,0,0,0,0,0,0,0,0,1,2
"150",155,1,4,44,1,5,1,10,1,8,2,2,0,0,0,1,0,0,0,4,16.83,2,2,50,1,8,8400,180,1,1,0,0,0,1,0,0,0,1,0,0,0,0,6
"151",156,1,1,31,2,1,2,5,1,1,2,5,0,0,0,0,1,0,0,3,17.33,2,1,60,1,7,8000,56,2,5,0,0,0,0,1,0,0,0,0,0,0,1,4
"152",157,1,1,21,1,1,1,9,0,1,2,2,1,0,0,0,0,0,0,3,17.33,2,1,60,1,7,6595,56,8,5,1,0,0,0,0,0,0,0,0,0,0,1,3
"153",158,1,4,44,1,4,1,4,4,5,1,2,1,0,0,0,0,0,0,3,18,3,1,50,1,8,56000,311,3,5,1,0,0,0,0,0,0,0,0,0,0,1,3
"154",159,1,3,24,2,1,1,5,2,5,1,1,1,0,0,0,0,0,0,3,20.08,3,1,44.57,2,8,38000,120,5,5,1,0,0,0,0,0,0,0,0,0,0,1,2
"155",160,1,2,52,2,1,1,5,4,1,1,2,1,0,0,0,0,0,0,3,17,2,1,70,1,2,9000,15,8,5,1,0,0,0,0,0,0,0,0,0,0,1,8
"156",161,1,3,71,2,5,1,7,3,1,2,2,0,0,0,0,1,0,0,3,8.08,3,1,50,2,1,6595,56,12,5,0,0,0,0,1,0,0,0,0,0,0,1,8
"157",162,1,2,54,2,1,4,3,0,8,2,4,0,0,1,0,0,0,0,2,6.83,3,1,50,1,2,8400,180,9,2,0,0,1,0,0,0,0,0,1,0,0,0,7
"158",163,1,2,37,2,4,2,5,2,1,2,3,1,0,0,0,0,0,0,3,20.33,3,1,76,1,6,24000,90,2,1,1,0,0,0,0,0,0,1,0,0,0,0,6
"159",164,1,2,37,1,1,2,60,1,3,2,10,0,1,0,0,0,0,0,1,20,3,1,30,2,3,1050,30,12,5,0,1,0,0,0,0,0,0,0,0,0,1,8
"160",165,1,2,41,2,1,1,6,2,1,2,0,1,0,0,0,0,0,0,3,7.92,3,1,36,1,2,2500,10,7,5,1,0,0,0,0,0,0,0,0,0,0,1,2
"161",166,1,3,27,1,1,1,6,1,1,2,1,1,0,0,0,0,0,0,3,19.33,3,1,40,1,6,11000,20,1,1,1,0,0,0,0,0,0,1,0,0,0,0,2
"162",167,1,3,28,2,1,1,5,1,1,2,3,0,0,0,1,0,0,0,3,19.58,3,1,31,2,3,1050,15,12,5,0,0,0,1,0,0,0,0,0,0,0,1,8
"163",168,1,3,29,2,4,1,5,2,1,2,3,1,0,0,0,0,0,0,3,19.58,3,1,31,1,2,4300,15,2,1,1,0,0,0,0,0,0,1,0,0,0,0,6
"164",169,1,1,56,2,3,1,8,2,8,2,1,0,0,1,0,0,0,0,2,17.67,2,2,260,2,1,8400,180,12,5,0,0,1,0,0,0,0,0,0,0,0,1,4
"165",170,1,2,59,2,1,1,30,1,1,2,3,1,0,0,0,0,0,0,3,19.17,3,1,50,2,2,10000,56,12,5,1,0,0,0,0,0,0,0,0,0,0,1,8
"166",171,1,1,30,2,1,1,6,3,1,2,2,1,0,1,0,0,0,0,3,17.67,2,1,50,1,6,15000,56,2,1,1,0,1,0,0,0,0,1,0,0,0,0,5
"167",172,1,1,28,2,4,1,6,2,5,2,1,1,0,0,0,0,0,0,3,8.58,3,1,45,2,8,24000,110,12,5,1,0,0,0,0,0,0,0,0,0,0,1,8
"168",173,1,1,21,2,1,3,10,0,8,2,3,0,1,0,0,0,0,0,1,19.25,3,1,45,1,2,14000,35,8,1,0,1,0,0,0,0,0,1,0,0,0,0,6
"169",174,1,3,29,2,1,1,7,1,1,2,2,0,0,0,0,0,1,0,3,19.58,3,1,56,2,2,2700,5,12,5,0,0,0,0,0,1,0,0,0,0,0,1,8
"170",175,1,1,26,1,1,1,5,2,1,2,2,0,1,0,0,0,0,0,1,16.55,2,1,28,2,1,6595,20,12,5,0,1,0,0,0,0,0,0,0,0,0,1,8
"171",176,1,1,25,2,1,1,60,2,1,2,2,1,0,0,0,0,0,0,3,8.17,2,1,60.79,2,2,5000,15,12,5,1,0,0,0,0,0,0,0,0,0,0,1,8
"172",177,1,4,37,2,1,1,10,1,1,2,3,0,0,0,0,1,0,0,3,20.75,3,1,53,2,5,1200,30,12,5,0,0,0,0,1,0,0,0,0,0,0,1,8
"173",178,1,3,33,1,1,1,7,2,3,2,0,0,0,1,0,0,0,0,3,19.58,3,1,56,2,3,2000,60,12,5,0,0,1,0,0,0,0,0,0,0,0,1,8
"174",180,1,3,35,2,1,1,5,2,1,2,1,1,0,0,0,0,0,0,3,21.92,4,1,58,2,1,6595,56,12,5,1,0,0,0,0,0,0,0,0,0,0,1,8
"175",181,1,2,45,1,1,2,5,0,1,2,7,1,0,0,0,0,0,0,3,21.33,4,2,29.12,1,6,15000,70,1,5,1,0,0,0,0,0,0,0,0,0,0,1,6
"176",182,1,4,41,1,1,1,10,0,1,2,3,0,0,0,0,1,0,0,3,20.75,3,1,53,2,5,1200,30,12,5,0,0,0,0,1,0,0,0,0,0,0,1,8
"177",183,1,1,47,1,1,1,16,0,1,2,3,1,0,0,0,0,0,0,3,17.83,2,1,69,1,2,4000,10,7,1,1,0,0,0,0,0,0,1,0,0,0,0,4
"178",184,1,1,55,2,1,1,5,2,3,2,2,0,1,0,0,0,0,0,1,16.55,2,1,28,2,3,2000,30,12,5,0,1,0,0,0,0,0,0,0,0,0,1,8
"179",185,1,1,59,2,1,1,60,2,1,2,0,1,0,0,0,0,0,0,3,20.17,3,1,60.79,2,2,5000,15,12,5,1,0,0,0,0,0,0,0,0,0,0,1,8
"180",186,1,1,54,1,1,2,60,0,1,2,1,1,0,0,0,0,0,0,3,18.08,3,1,82,1,2,4000,20,2,1,1,0,0,0,0,0,0,1,0,0,0,0,4
"181",187,1,3,63,2,1,1,5,2,1,2,1,1,0,0,0,0,0,0,3,21.92,4,1,58,2,1,6595,56,12,5,1,0,0,0,0,0,0,0,0,0,0,1,8
"182",189,1,3,80,2,1,1,7,3,1,2,0,1,0,0,0,0,0,0,3,20.08,3,1,50,2,1,6595,56,12,5,1,0,0,0,0,0,0,0,0,0,0,1,8
"183",190,1,2,35,1,1,1,12,1,1,2,5,1,0,0,0,0,0,0,3,16.17,2,1,30,1,5,2000,30,2,2,1,0,0,0,0,0,0,0,1,0,0,0,4
"184",191,1,1,50,1,1,1,5,6,1,1,3,1,0,0,0,0,0,0,3,20.33,3,2,50,1,5,6595,56,5,1,1,0,0,0,0,0,0,1,0,0,0,0,6
"185",192,1,2,62,1,1,1,7,1,2,2,0,0,1,0,0,0,0,0,1,20,3,1,48.34,1,1,3175,39,2,5,0,1,0,0,0,0,0,0,0,0,0,1,5
"186",193,1,2,19,1,1,1,6,8,2,1,0,1,0,0,0,0,0,0,1,20,3,1,78,1,1,3175,60,8,4,1,0,0,0,0,0,0,0,0,0,1,0,3
"187",194,1,1,43,1,4,1,7,2,3,2,1,1,0,0,0,0,0,0,3,17.67,2,1,70,2,2,10000,20,12,5,1,0,0,0,0,0,0,0,0,0,0,1,8
"188",195,1,4,30,1,1,1,7,1,1,2,2,1,0,0,0,0,0,0,1,20.5,3,1,50,2,5,1000,56,12,5,1,0,0,0,0,0,0,0,0,0,0,1,8
"189",196,1,2,55,2,1,1,6,1,5,1,2,0,1,0,0,0,0,0,1,8.5,3,2,66,2,8,50000,311,12,5,0,1,0,0,0,0,0,0,0,0,0,1,8
"190",197,1,1,35,1,1,1,5,2,5,2,1,1,0,0,0,0,0,0,3,20.58,3,1,45,2,8,24000,65,12,5,1,0,0,0,0,0,0,0,0,0,0,1,8
"191",198,1,4,30,2,1,1,7,2,8,2,7,1,0,0,0,0,0,0,1,20.5,3,2,50,1,5,8400,180,2,4,1,0,0,0,0,0,0,0,0,0,1,0,3
"192",200,1,4,42,1,1,1,3,3,1,2,2,0,0,0,0,1,0,0,2,17.75,2,1,20,1,1,6595,56,2,5,0,0,0,0,1,0,0,0,0,0,0,1,5
"193",201,1,1,67,2,1,1,6,1,5,2,1,0,0,1,0,0,0,0,3,5.67,2,1,60.79,1,8,50000,180,7,4,0,0,1,0,0,0,0,0,0,0,1,0,2
"194",202,1,2,45,1,1,2,90,1,5,2,4,1,0,0,0,0,0,0,1,17,2,1,45,2,1,10000,60,12,5,1,0,0,0,0,0,0,0,0,0,0,1,8
"195",203,1,4,27,2,1,1,15,1,8,2,3,1,0,0,0,0,0,0,3,6.08,2,1,50,2,2,8000,30,12,5,1,0,0,0,0,0,0,0,0,0,0,1,8
"196",204,1,1,35,1,5,1,4,0,1,2,6,0,0,0,0,0,1,0,3,18.67,3,1,50,1,2,5900,10,4,2,0,0,0,0,0,1,0,0,1,0,0,0,4
"197",205,1,4,21,2,4,1,6,0,1,2,0,0,1,0,0,0,0,0,3,11.75,4,1,27,2,3,1100,25,12,5,0,1,0,0,0,0,0,0,0,0,0,1,8
"198",206,1,1,23,2,4,4,100,1,1,2,2,1,0,0,0,0,0,0,3,20.58,3,1,56,1,6,16000,60,8,4,1,0,0,0,0,0,0,0,0,0,1,0,5
"199",207,1,3,29,1,1,2,5,3,1,2,2,0,0,0,0,0,1,0,3,17.36,1,1,40,1,2,6000,20,2,5,0,0,0,0,0,1,0,0,0,0,0,1,4
"200",208,1,4,43,2,1,1,20,2,3,1,3,1,0,0,0,0,0,0,1,18.17,3,1,35,2,4,12642,60,12,5,1,0,0,0,0,0,0,0,0,0,0,1,8
"201",209,1,4,52,2,1,1,6,12,3,1,1,1,0,0,0,0,0,0,3,9.33,1,3,40.4,2,2,8500,30,12,5,1,0,0,0,0,0,0,0,0,0,0,1,8
"202",210,1,3,43,2,1,1,5,3,3,2,1,1,0,1,0,0,0,0,2,15.5,2,1,11,1,1,30000,90,7,1,1,0,1,0,0,0,0,1,0,0,0,0,4
"203",211,1,1,51,1,1,1,4,11,3,1,1,1,0,0,0,0,0,0,3,17.67,2,1,60.79,1,1,12642,76,12,1,1,0,0,0,0,0,0,1,0,0,0,0,8
"204",213,1,1,22,2,1,1,10,0,1,2,1,0,0,0,0,0,1,0,1,16.36,2,1,57,1,5,4500,80,3,4,0,0,0,0,0,1,0,0,0,0,1,0,3
"205",215,1,4,30,2,1,1,15,3,3,2,2,1,0,0,0,0,0,0,3,17.36,1,1,40.4,1,5,12642,76,2,5,1,0,0,0,0,0,0,0,0,0,0,1,2
"206",216,1,2,23,2,1,1,37,10,1,2,2,0,0,1,0,0,0,0,2,21,4,1,52,1,5,1200,60,8,4,0,0,1,0,0,0,0,0,0,0,1,0,2
"207",217,1,1,30,2,1,1,4,2,3,2,2,0,0,1,0,0,0,0,2,14.79,4,1,26.43,1,5,12642,76,12,5,0,0,1,0,0,0,0,0,0,0,0,1,8
"208",218,1,2,37,2,1,1,10,3,3,1,1,1,0,0,0,0,0,0,3,20,3,1,100,2,5,20,76,12,5,1,0,0,0,0,0,0,0,0,0,0,1,8
"209",219,1,1,33,2,1,1,3,2,3,2,1,1,0,0,0,0,0,0,3,20.58,3,1,60.79,1,6,12642,76,12,5,1,0,0,0,0,0,0,0,0,0,0,1,2
"210",220,1,2,29,2,2,1,20,1,3,1,0,0,1,0,0,0,0,0,1,8,3,1,52,1,1,12642,90,3,2,0,1,0,0,0,0,0,0,1,0,0,0,3
"211",221,1,1,50,2,1,1,4,2,3,2,4,1,1,0,0,0,0,0,3,20.33,3,1,50,1,1,12642,60,5,1,1,1,0,0,0,0,0,1,0,0,0,0,4
"212",222,1,2,25,2,1,3,99,1,3,2,1,0,0,1,0,0,0,0,2,9,4,1,30,2,3,1050,20,12,5,0,0,1,0,0,0,0,0,0,0,0,1,8
"213",223,1,4,23,1,1,3,365,1,1,2,1,0,1,0,0,0,0,0,1,18.83,3,1,53.17,1,5,6595,80,8,5,0,1,0,0,0,0,0,0,0,0,0,1,3
"214",224,1,1,20,2,1,1,15,1,3,2,1,0,0,1,0,0,0,0,2,20.92,3,1,36,2,3,1050,30,12,5,0,0,1,0,0,0,0,0,0,0,0,1,8
"215",225,1,2,27,2,1,1,5,2,1,2,1,1,0,0,0,0,0,0,3,20.33,3,1,29.12,2,5,6595,56,12,5,1,0,0,0,0,0,0,0,0,0,0,1,8
"216",226,1,2,22,2,1,1,8,4,6,2,1,1,0,0,0,0,0,0,1,20.5,3,1,40,1,4,1200,390,8,5,1,0,0,0,0,0,0,0,0,0,0,1,2
"217",227,1,2,62,2,1,1,3,6,3,1,1,1,0,0,0,0,0,0,1,20,3,1,48.34,1,9,12642,76,9,5,1,0,0,0,0,0,0,0,0,0,0,1,1
"218",228,1,4,53,2,1,1,7,4,3,1,1,1,0,0,0,0,0,0,3,17.36,4,1,50,1,1,12642,90,2,1,1,0,0,0,0,0,0,1,0,0,0,0,2
"219",229,1,1,41,2,1,1,4,3,3,1,1,1,0,0,0,0,0,0,3,20.33,3,1,60.79,1,5,12642,76,12,1,1,0,0,0,0,0,0,1,0,0,0,0,2
"220",230,1,4,52,2,1,1,7,4,1,1,1,1,0,0,0,0,0,0,3,17.36,4,1,50,1,1,6595,90,7,1,1,0,0,0,0,0,0,1,0,0,0,0,2
"221",231,1,2,60,2,1,1,3,4,3,1,1,1,0,0,0,0,0,0,1,20.17,3,1,48.34,1,5,12642,120,9,5,1,0,0,0,0,0,0,0,0,0,0,1,1
"222",232,1,4,41,2,1,1,4,3,3,2,3,1,1,1,0,0,0,0,3,20.75,3,1,20,3,2,12642,76,12,5,1,1,1,0,0,0,0,0,0,0,0,1,8
"223",233,1,4,45,1,1,2,14,2,2,2,6,0,1,1,0,0,0,0,1,20,3,1,34,1,2,3175,39,5,4,0,1,1,0,0,0,0,0,0,0,1,0,3
"224",234,1,2,37,1,1,1,10,5,1,2,3,1,0,0,0,0,0,0,3,8.33,4,1,40,1,1,6595,50,1,2,1,0,0,0,0,0,0,0,1,0,0,0,3
"225",235,1,2,22,1,1,3,180,0,1,2,0,0,0,0,0,0,0,1,1,20,3,1,48.34,2,5,6595,56,8,4,0,0,0,0,0,0,1,0,0,0,1,0,3
"226",236,1,2,25,2,1,3,730,0,1,2,0,0,0,0,0,0,0,1,2,21,4,1,27.12,1,5,4000,40,8,4,0,0,0,0,0,0,1,0,0,0,1,0,2
"227",237,1,1,27,2,1,1,6,2,1,1,0,1,0,0,0,0,0,0,4,18.08,3,1,134.57,1,2,11000,30,2,5,1,0,0,0,0,0,0,0,0,0,0,1,3
"228",238,1,2,33,2,1,1,4,4,1,2,1,1,0,0,0,0,0,0,3,20.33,3,1,29.12,1,6,15000,60,2,4,1,0,0,0,0,0,0,0,0,0,1,0,2
"229",239,1,3,43,2,1,1,5,7,1,2,2,1,0,0,0,0,0,0,3,8.07,3,1,70,1,1,6595,56,7,4,1,0,0,0,0,0,0,0,0,0,1,0,2
"230",240,2,2,44,1,3,1,10,1,3,2,3,0,0,1,0,0,0,0,2,15.5,2,1,70,1,1,7850,60,7,5,0,0,1,0,0,0,0,0,0,0,0,1,3
"231",241,2,2,45,2,1,1,7,0,8,2,4,0,0,1,0,0,0,0,2,15.5,2,1,70,1,1,20314,60,12,5,0,0,1,0,0,0,0,0,0,0,0,1,7
"232",242,2,3,58,2,1,1,10,1,8,2,5,0,0,1,0,0,0,0,2,14.5,2,1,23,1,2,17000,40,9,4,0,0,1,0,0,0,0,0,0,0,1,0,1
"233",243,2,4,20,1,2,3,50,2,1,2,2,0,1,0,0,0,0,0,1,19.83,3,3,67,2,5,1650,40,1,2,0,1,0,0,0,0,0,0,1,0,0,0,1
"234",244,2,2,32,1,1,2,90,1,4,2,2,0,1,0,0,0,0,0,1,16,2,1,30,1,2,8400,80,12,5,0,1,0,0,0,0,0,0,0,0,0,1,8
"235",246,2,4,26,1,2,3,50,0,8,2,1,0,1,0,0,0,0,0,1,19.75,3,1,30,1,6,10000,40,8,4,0,1,0,0,0,0,0,0,0,0,1,0,1
"236",247,2,4,40,1,1,2,120,7,5,2,6,0,1,0,0,0,0,0,1,19.92,3,2,89,1,1,25787,30,2,5,0,1,0,0,0,0,0,0,0,0,0,1,6
"237",248,2,4,19,2,5,1,4,1,8,2,3,0,0,1,0,0,0,0,1,19.75,3,1,55.25,1,3,5000,60,8,4,0,0,1,0,0,0,0,0,0,0,1,0,4
"238",249,2,4,27,2,2,1,5,2,8,2,2,1,1,0,0,0,0,0,1,19.75,3,1,86,1,2,22800,60,2,4,1,1,0,0,0,0,0,0,0,0,1,0,3
"239",250,2,2,60,2,1,3,365,0,8,2,2,0,0,1,0,0,0,0,2,20,3,1,36.22,1,2,20000,40,9,3,0,0,1,0,0,0,0,0,0,1,0,0,1
"240",251,2,4,45,1,2,2,4,0,8,2,7,0,1,1,0,0,0,0,1,19.5,3,1,87,1,2,20600,30,5,4,0,1,1,0,0,0,0,0,0,0,1,0,5
"241",252,2,1,37,1,3,2,4,1,8,2,2,0,0,0,0,0,1,0,2,19,3,1,70,1,1,20314,90,1,5,0,0,0,0,0,1,0,0,0,0,0,1,3
"242",253,2,4,55,1,1,2,3,0,1,2,5,0,1,0,0,0,0,0,1,19.75,3,1,50,1,1,5866,60,1,1,0,1,0,0,0,0,0,1,0,0,0,0,5
"243",254,2,4,23,2,2,1,7,1,8,2,0,0,1,0,0,0,0,0,1,19.33,3,1,24,1,5,2000,30,2,4,0,1,0,0,0,0,0,0,0,0,1,0,3
"244",256,2,4,62,1,1,1,9,1,1,2,1,0,0,1,0,0,0,0,2,19.25,3,1,20,1,5,4000,60,10,4,0,0,1,0,0,0,0,0,0,0,1,0,3
"245",257,2,4,60,2,1,1,9,1,1,2,2,0,1,0,0,0,0,0,2,19.25,3,1,20,1,5,4000,60,9,2,0,1,0,0,0,0,0,0,1,0,0,0,3
"246",258,2,2,25,1,1,1,365,4,1,2,2,1,0,0,0,0,0,0,2,16.67,3,1,36.22,1,1,5866,40,8,5,1,0,0,0,0,0,0,0,0,0,0,1,7
"247",260,2,1,50,2,1,1,5,1,8,2,5,0,0,1,0,0,0,0,2,16.5,2,1,40,1,2,23500,30,9,1,0,0,1,0,0,0,0,1,0,0,0,0,5
"248",261,2,2,53,1,5,2,3,4,1,2,4,1,1,1,0,0,0,0,2,16.25,2,1,35,1,2,15000,60,1,5,1,1,1,0,0,0,0,0,0,0,0,1,3
"249",263,2,2,17,1,1,3,7,1,8,2,1,0,1,0,0,0,0,0,1,16,2,1,52.93,1,1,20314,60,12,5,0,1,0,0,0,0,0,0,0,0,0,1,8
"250",264,2,2,21,2,1,1,30,0,3,2,2,0,1,0,0,0,0,0,1,16,2,1,52.93,1,6,12000,90,8,2,0,1,0,0,0,0,0,0,1,0,0,0,3
"251",265,2,1,43,1,5,1,5,4,8,2,5,1,0,0,0,0,0,0,1,16.25,2,1,37,1,2,14400,60,6,5,1,0,0,0,0,0,0,0,0,0,0,1,8
"252",267,2,2,50,1,1,2,3,0,8,2,10,1,0,0,0,0,0,0,2,20,3,2,50,1,2,50000,60,5,5,1,0,0,0,0,0,0,0,0,0,0,1,5
"253",268,2,2,20,1,1,1,4,0,3,2,1,0,0,1,0,0,0,0,2,20,3,1,50,1,5,2000,40,8,5,0,0,1,0,0,0,0,0,0,0,0,1,2
"254",269,2,2,28,2,1,1,3,1,1,2,4,0,0,1,0,0,0,0,2,17.83,2,1,50,1,1,5866,40,2,1,0,0,1,0,0,0,0,1,0,0,0,0,4
"255",270,2,2,32,1,1,2,5,1,8,2,3,0,0,1,0,0,0,0,2,20,3,1,70,1,8,25000,60,2,2,0,0,1,0,0,0,0,0,1,0,0,0,4
"256",271,2,2,39,2,3,1,99,2,1,2,3,0,0,1,0,0,0,0,2,20,3,1,35,1,2,14000,30,2,2,0,0,1,0,0,0,0,0,1,0,0,0,4
"257",272,2,1,19,1,1,3,2,2,1,2,3,0,0,0,0,0,1,0,2,19,3,1,33.48,1,2,20000,60,8,5,0,0,0,0,0,1,0,0,0,0,0,1,3
"258",273,2,1,50,1,3,2,4,34,2,1,2,0,0,1,0,1,0,0,2,20.5,3,1,30,1,5,1250,50,5,2,0,0,1,0,1,0,0,0,1,0,0,0,3
"259",274,2,2,40,2,4,1,99,2,1,2,4,1,0,0,0,0,0,0,2,20.02,3,1,36.22,1,2,23000,60,11,2,1,0,0,0,0,0,0,0,1,0,0,0,3
"260",275,2,2,35,1,3,2,3,1,8,2,15,0,0,1,0,0,0,0,2,20.25,3,1,90,1,2,27000,70,1,1,0,0,1,0,0,0,0,1,0,0,0,0,5
"261",276,2,2,23,1,1,1,7,0,1,2,1,0,0,1,0,0,0,0,2,19.5,3,1,30,1,5,1500,30,8,5,0,0,1,0,0,0,0,0,0,0,0,1,1
"262",277,2,2,27,1,1,2,7,1,1,2,2,0,0,1,0,0,0,0,2,20.08,3,1,40,1,5,1500,20,2,1,0,0,1,0,0,0,0,1,0,0,0,0,2
"263",279,2,4,48,1,1,2,7,4,8,2,10,0,1,0,0,0,0,0,1,19.33,3,1,78,2,6,50300,50,2,5,0,1,0,0,0,0,0,0,0,0,0,1,4
"264",280,2,2,26,1,3,1,5,1,1,2,2,0,0,0,1,0,0,0,2,16.67,3,1,40,1,5,1200,40,2,2,0,0,0,1,0,0,0,0,1,0,0,0,5
"265",281,2,2,30,2,1,4,7,1,2,2,3,0,1,0,0,0,0,0,1,16,2,1,42,1,1,10000,40,8,5,0,1,0,0,0,0,0,0,0,0,0,1,2
"266",282,2,2,32,1,1,2,7,1,1,2,6,0,1,0,0,0,0,0,1,16,2,1,42,1,1,10000,40,2,5,0,1,0,0,0,0,0,0,0,0,0,1,2
"267",283,2,1,36,1,1,2,3,0,1,2,2,0,0,0,1,0,0,0,2,16.92,2,1,33.48,1,2,12000,20,5,1,0,0,0,1,0,0,0,1,0,0,0,0,6
"268",284,2,1,34,2,1,4,365,0,8,2,5,0,1,0,0,1,0,0,1,16.25,2,1,48.05,1,11,75000,60,12,5,0,1,0,0,1,0,0,0,0,0,0,1,4
"269",285,2,1,49,2,1,1,4,1,8,2,0,0,0,1,0,0,0,0,2,16.33,2,1,33.48,1,1,20314,40,1,5,0,0,1,0,0,0,0,0,0,0,0,1,6
"270",286,2,2,30,1,1,2,100,1,3,2,4,0,1,0,0,0,0,0,1,16,2,1,40,1,3,2800,4,1,5,0,1,0,0,0,0,0,0,0,0,0,1,3
"271",287,2,2,60,2,1,1,2,1,5,2,2,0,0,1,0,0,0,0,2,15.5,2,1,36.22,2,8,60000,180,11,5,0,0,1,0,0,0,0,0,0,0,0,1,2
"272",288,2,2,35,1,1,1,7,0,2,2,4,0,0,1,0,0,0,0,2,20.08,3,2,64,2,2,3300,20,12,2,0,0,1,0,0,0,0,0,1,0,0,0,1
"273",289,2,4,40,1,1,4,99,1,8,2,5,0,1,0,0,0,0,0,1,19.67,3,1,26,1,2,23000,30,2,5,0,1,0,0,0,0,0,0,0,0,0,1,4
"274",290,2,1,44,2,1,2,7,28,8,2,12,0,0,1,0,0,0,0,2,19,3,2,58,1,1,20000,30,7,1,0,0,1,0,0,0,0,1,0,0,0,0,6
"275",291,2,2,40,2,1,1,3,11,1,2,0,1,0,0,0,0,0,0,2,17.67,2,1,36.22,1,1,5866,45,9,5,1,0,0,0,0,0,0,0,0,0,0,1,2
"276",292,2,1,68,1,3,2,8,2,8,2,2,0,1,1,0,0,0,0,2,19,3,1,33.48,1,3,10000,50,5,1,0,1,1,0,0,0,0,1,0,0,0,0,4
"277",293,2,1,55,1,1,2,365,1,8,2,20,0,1,0,1,0,0,0,1,16.25,2,2,100,1,10,98000,50,1,1,0,1,0,1,0,0,0,1,0,0,0,0,7
"278",294,2,3,28,1,1,1,3,3,1,2,4,1,0,0,0,0,0,0,3,11,1,1,30,1,3,1050,20,2,4,1,0,0,0,0,0,0,0,0,0,1,0,3
"279",295,2,1,37,2,1,4,2,0,1,1,1,1,0,0,0,0,0,0,1,9.5,1,1,50,1,5,1550,90,1,4,1,0,0,0,0,0,0,0,0,0,1,0,2
"280",296,2,2,30,2,2,1,7,1,1,2,1,0,1,0,0,0,0,0,1,13.5,2,1,34,1,5,1500,60,2,5,0,1,0,0,0,0,0,0,0,0,0,1,1
"281",297,2,4,47,1,1,2,10,8,3,2,2,0,1,0,0,0,0,0,1,12.5,2,1,55.25,1,1,7850,90,2,4,0,1,0,0,0,0,0,0,0,0,1,0,3
"282",298,2,2,53,1,1,2,180,1,1,2,3,0,1,0,0,0,0,0,1,16,2,1,30,1,3,1000,60,2,5,0,1,0,0,0,0,0,0,0,0,0,1,2
"283",299,2,3,60,2,1,1,3,3,1,2,1,0,1,0,0,0,0,0,3,10.5,1,1,30,1,3,5866,40,7,4,0,1,0,0,0,0,0,0,0,0,1,0,1
"284",300,2,4,66,1,1,2,90,1,1,2,2,0,0,1,0,0,0,0,2,12.67,2,2,60,1,1,5866,20,12,3,0,0,1,0,0,0,0,0,0,1,0,0,5
"285",301,2,1,72,2,1,1,4,1,6,1,0,0,1,0,0,0,0,0,1,16.25,2,1,45.9,1,1,23000,150,9,4,0,1,0,0,0,0,0,0,0,0,1,0,1
"286",302,2,4,32,1,1,1,6,2,3,2,1,1,0,0,0,0,0,0,3,13.83,2,1,35,1,6,8800,7,5,4,1,0,0,0,0,0,0,0,0,0,1,0,2
"287",303,2,4,22,2,2,2,30,7,2,2,6,0,1,0,0,0,0,0,1,12.5,2,1,55.25,1,1,4850,30,3,5,0,1,0,0,0,0,0,0,0,0,0,1,2
"288",304,2,4,28,2,1,1,6,2,3,2,1,1,0,0,0,0,0,0,3,13.83,2,1,35,1,6,8800,80,9,4,1,0,0,0,0,0,0,0,0,0,1,0,2
"289",305,2,4,30,2,3,3,99,1,2,2,1,0,0,1,0,0,0,0,2,12.08,2,1,53,1,1,4850,20,8,4,0,0,1,0,0,0,0,0,0,0,1,0,1
"290",307,2,1,23,1,1,2,1,1,1,2,4,0,0,1,0,0,0,0,2,9,1,1,40,1,1,5866,60,8,1,0,0,1,0,0,0,0,1,0,0,0,0,3
"291",308,2,4,51,1,5,1,8,4,7,2,6,1,0,0,0,0,0,0,4,9.42,1,1,11,1,6,20000,120,1,1,1,0,0,0,0,0,0,1,0,0,0,0,5
"292",309,2,1,36,2,2,1,30,0,3,2,4,0,1,1,0,0,0,0,1,9.5,1,3,50,1,5,1650,40,12,5,0,1,1,0,0,0,0,0,0,0,0,1,8
"293",310,2,4,29,2,1,1,4,1,1,2,3,0,0,1,0,0,0,0,2,12.67,2,1,45,2,1,5866,20,2,5,0,0,1,0,0,0,0,0,0,0,0,1,4
"294",311,2,3,44,2,3,1,7,1,3,2,0,0,0,1,0,0,0,0,2,14.5,2,3,20,1,6,5100,60,2,5,0,0,1,0,0,0,0,0,0,0,0,1,1
"295",312,2,4,25,2,1,3,90,0,3,2,5,0,1,1,0,0,0,0,2,12.67,2,1,50,1,1,7850,60,8,4,0,1,1,0,0,0,0,0,0,0,1,0,1
"296",313,2,4,54,1,1,2,1,7,1,1,0,0,0,0,0,1,0,0,2,12.08,2,1,66,1,2,5866,32,5,5,0,0,0,0,1,0,0,0,0,0,0,1,3
"297",315,2,3,27,2,5,1,3,2,3,2,2,0,0,0,0,0,1,0,3,11,1,1,45.54,1,6,7850,30,2,4,0,0,0,0,0,1,0,0,0,0,1,0,7
"298",316,2,4,40,1,1,2,3,0,1,2,20,0,1,0,0,0,0,0,1,12,2,1,55.25,1,1,5866,15,5,1,0,1,0,0,0,0,0,1,0,0,0,0,2
"299",317,2,1,74,2,1,1,3,13,3,1,0,0,1,0,0,0,0,0,1,16.5,2,1,48.05,1,9,7850,120,9,5,0,1,0,0,0,0,0,0,0,0,0,1,1
"300",318,2,1,68,2,1,1,4,13,3,1,1,1,0,0,0,0,0,0,1,16.5,2,1,48.05,1,9,7850,120,9,5,1,0,0,0,0,0,0,0,0,0,0,1,1
"301",319,2,3,60,2,1,3,5,0,8,1,12,0,0,1,0,0,0,0,2,16.67,2,1,19,1,2,12000,20,12,3,0,0,1,0,0,0,0,0,0,1,0,0,2
"302",320,2,4,34,1,1,2,5,1,3,2,2,0,0,0,0,0,1,0,2,20,3,1,60,1,2,60000,30,2,1,0,0,0,0,0,1,0,1,0,0,0,0,5
"303",321,2,4,40,1,3,1,2,0,8,2,1,0,0,1,0,0,0,0,2,20.02,3,1,45.21,1,5,2000,40,2,4,0,0,1,0,0,0,0,0,0,0,1,0,4
"304",322,2,4,38,2,1,1,4,0,1,2,2,0,1,0,0,0,0,0,1,17.75,2,1,32,1,5,2000,20,4,3,0,1,0,0,0,0,0,0,0,1,0,0,2
"305",323,2,3,45,2,3,3,5,1,8,2,1,0,0,1,0,0,0,0,2,14.5,2,1,21,1,6,9000,60,2,3,0,0,1,0,0,0,0,0,0,1,0,0,4
"306",324,2,3,29,2,1,2,4,3,1,2,1,0,0,0,0,1,0,0,2,14.5,2,1,24,1,3,1500,40,5,1,0,0,0,0,1,0,0,1,0,0,0,0,1
"307",326,2,1,61,2,1,1,5,20,6,1,2,0,0,1,0,0,0,0,2,16.5,2,2,60,1,2,23000,40,9,1,0,0,1,0,0,0,0,1,0,0,0,0,1
"308",327,2,1,19,1,1,4,3,1,1,2,2,1,0,0,0,0,0,0,2,16.5,2,1,40,1,1,2000,90,8,1,1,0,0,0,0,0,0,1,0,0,0,0,3
"309",328,2,1,33,1,1,2,2,2,1,2,1,0,1,0,0,0,0,0,1,16.25,2,1,60,1,1,5866,50,1,1,0,1,0,0,0,0,0,1,0,0,0,0,5
"310",329,2,1,46,1,1,2,9,2,3,2,15,0,1,0,0,0,0,0,1,16.25,2,2,48.05,1,1,7850,30,1,1,0,1,0,0,0,0,0,1,0,0,0,0,6
"311",330,2,1,23,2,1,3,99,0,1,2,2,0,1,0,0,0,0,0,2,16.5,2,1,45,1,6,10000,60,8,1,0,1,0,0,0,0,0,1,0,0,0,0,4
"312",332,2,2,42,1,1,1,3,10,1,2,1,0,0,1,0,0,0,0,2,17,2,1,36.22,1,1,10000,60,2,5,0,0,1,0,0,0,0,0,0,0,0,1,2
"313",333,2,1,52,2,1,1,5,2,3,2,1,0,0,1,0,0,0,0,2,16.92,2,1,20,1,5,2000,60,9,5,0,0,1,0,0,0,0,0,0,0,0,1,3
"314",334,2,1,35,2,1,1,5,2,1,2,2,0,0,1,0,0,0,0,2,19,3,1,20,1,5,5866,90,8,5,0,0,1,0,0,0,0,0,0,0,0,1,2
"315",335,2,4,24,2,2,1,5,4,8,2,1,0,0,1,0,0,0,0,1,19.75,3,3,55.25,1,5,3000,30,2,5,0,0,1,0,0,0,0,0,0,0,0,1,3
"316",336,2,2,34,2,1,1,5,2,8,2,2,0,0,1,0,0,0,0,2,17.83,2,1,30,1,1,20314,40,10,3,0,0,1,0,0,0,0,0,0,1,0,0,3
"317",337,2,4,27,1,3,2,3,0,8,2,20,0,0,1,0,0,0,0,2,19,3,1,45.21,1,2,10000,30,12,3,0,0,1,0,0,0,0,0,0,1,0,0,2
"318",338,2,4,55,2,3,1,3,2,8,2,2,0,0,1,0,0,0,0,2,20.08,3,1,40,1,5,2000,30,9,3,0,0,1,0,0,0,0,0,0,1,0,0,2
"319",339,2,2,45,2,1,1,21,0,3,2,3,0,0,1,0,0,0,0,2,20,3,1,50,2,6,20000,150,9,2,0,0,1,0,0,0,0,0,1,0,0,0,1
"320",340,2,1,59,2,1,1,3,4,3,2,1,0,1,0,0,0,0,0,1,19.75,3,1,48.05,1,5,2000,40,9,4,0,1,0,0,0,0,0,0,0,0,1,0,4
"321",341,2,4,22,1,1,1,5,0,1,2,0,0,1,0,0,0,0,0,2,19.25,3,1,33,1,8,5866,40,8,4,0,1,0,0,0,0,0,0,0,0,1,0,3
"322",342,2,2,43,1,3,2,7,0,8,2,10,0,0,1,0,0,0,0,2,20,3,1,18,2,8,50000,120,12,5,0,0,1,0,0,0,0,0,0,0,0,1,8
"323",343,2,4,39,2,2,2,1,1,8,2,0,0,1,0,0,0,0,0,1,19.75,3,1,55.25,1,2,20314,50,2,4,0,1,0,0,0,0,0,0,0,0,1,0,2
"324",344,2,2,21,2,4,1,4,1,8,2,0,0,0,0,0,0,1,0,2,20,3,1,50,1,2,20314,40,11,4,0,0,0,0,0,1,0,0,0,0,1,0,1
"325",345,2,4,20,2,3,1,3,2,8,2,0,0,0,1,0,0,0,0,2,20,3,1,40,2,5,20314,20,8,4,0,0,1,0,0,0,0,0,0,0,1,0,1
"326",346,2,4,22,2,3,1,3,2,8,2,0,1,0,0,0,0,0,0,2,20,3,1,40,2,5,20314,20,8,4,1,0,0,0,0,0,0,0,0,0,1,0,1
"327",347,2,4,23,1,1,1,365,1,1,2,1,0,0,1,0,0,0,0,2,15,2,1,45,2,3,5866,10,8,5,0,0,1,0,0,0,0,0,0,0,0,1,1
"328",348,2,4,21,2,1,1,4,1,3,2,0,0,0,1,0,0,0,0,2,16.25,2,1,45,1,5,7850,40,8,5,0,0,1,0,0,0,0,0,0,0,0,1,1
"329",349,2,4,26,2,2,1,6,4,8,2,0,0,1,0,0,0,0,0,1,19.75,3,1,55.25,1,8,20314,180,2,4,0,1,0,0,0,0,0,0,0,0,1,0,1
"330",350,2,4,25,2,2,3,3,0,8,2,0,0,1,0,0,0,0,0,1,19.75,3,1,55.25,1,8,20314,180,2,5,0,1,0,0,0,0,0,0,0,0,0,1,1
"331",351,2,1,62,1,1,1,4,1,1,2,2,0,0,1,0,0,0,0,2,15,2,1,30,1,1,5866,30,11,4,0,0,1,0,0,0,0,0,0,0,1,0,4
"332",352,2,1,68,2,1,1,4,13,3,1,0,1,0,0,0,0,0,0,1,16.25,2,1,48.05,1,1,7850,120,9,5,1,0,0,0,0,0,0,0,0,0,0,1,2
"333",353,2,1,62,2,1,1,44,2,3,2,0,0,1,0,0,0,0,0,1,16.25,2,1,48.05,1,5,7850,64,7,4,0,1,0,0,0,0,0,0,0,0,1,0,2
"334",354,2,1,60,2,1,1,4,2,3,2,0,0,0,1,0,0,0,0,2,15,2,1,60,1,6,6000,40,9,4,0,0,1,0,0,0,0,0,0,0,1,0,1
"335",355,2,1,65,1,1,1,4,2,3,2,0,0,0,1,0,0,0,0,2,15,2,1,60,1,6,6000,40,10,4,0,0,1,0,0,0,0,0,0,0,1,0,2
"336",356,2,1,70,1,1,1,4,10,6,1,0,0,0,1,0,0,0,0,1,16.25,2,1,48.05,1,1,23000,120,10,4,0,0,1,0,0,0,0,0,0,0,1,0,1
"337",357,2,4,67,2,1,1,4,2,1,2,2,0,0,1,0,0,0,0,1,12.5,2,1,55.25,1,5,5866,15,9,5,0,0,1,0,0,0,0,0,0,0,0,1,2
"338",358,2,4,67,1,1,4,30,0,1,2,3,0,0,1,0,0,0,0,2,12.67,2,1,40,1,6,2000,60,10,2,0,0,1,0,0,0,0,0,1,0,0,0,3
"339",359,2,2,70,1,1,1,4,6,4,2,1,0,0,0,0,0,1,0,1,15.5,2,1,52.93,1,2,11500,120,12,5,0,0,0,0,0,1,0,0,0,0,0,1,2
"340",360,2,1,50,1,1,2,2,1,1,2,5,0,1,0,0,0,0,0,2,12,2,1,33.48,1,5,1500,40,2,5,0,1,0,0,0,0,0,0,0,0,0,1,4
"341",361,2,1,51,1,1,2,1,0,3,2,30,0,0,1,0,0,0,0,2,9,1,1,65,2,2,7000,20,2,1,0,0,1,0,0,0,0,1,0,0,0,0,6
"342",362,2,4,56,2,1,1,5,2,3,2,0,1,0,0,0,0,0,0,2,12.25,2,1,32.5,1,6,8000,50,9,4,1,0,0,0,0,0,0,0,0,0,1,0,3
"343",363,2,4,58,2,1,1,5,1,3,2,0,0,0,1,0,0,0,0,2,14.5,2,1,45.21,2,6,7850,64,9,5,0,0,1,0,0,0,0,0,0,0,0,1,4
"344",364,2,4,55,2,1,1,5,2,3,2,0,0,0,0,0,0,0,1,2,12.5,2,1,32.5,2,1,7850,20,9,5,0,0,0,0,0,0,1,0,0,0,0,1,4
"345",365,2,4,55,1,1,1,3,2,1,2,0,0,0,1,0,0,0,0,2,16.25,2,1,50,1,2,15000,30,3,4,0,0,1,0,0,0,0,0,0,0,1,0,4
"346",366,2,4,51,1,1,2,7,1,1,2,4,0,1,0,0,0,0,0,1,17.33,2,1,40,1,6,6000,40,2,4,0,1,0,0,0,0,0,0,0,0,1,0,5
"347",367,2,3,53,2,1,1,4,4,5,2,1,0,0,0,0,0,1,0,3,11.17,1,3,60,3,8,40000,305,9,4,0,0,0,0,0,1,0,0,0,0,1,0,1
"348",368,2,2,53,1,1,2,5,2,3,2,2,0,0,1,0,0,0,0,2,16.67,1,1,40,1,6,6000,40,2,4,0,0,1,0,0,0,0,0,0,0,1,0,2
"349",369,2,2,59,1,1,1,3,5,3,2,0,0,0,1,0,0,0,0,2,12.5,2,1,50,1,5,70,10,2,4,0,0,1,0,0,0,0,0,0,0,1,0,3
"350",370,2,1,60,2,1,1,7,1,1,2,2,0,0,1,1,0,0,0,2,16.67,1,1,100,1,6,6000,30,10,1,0,0,1,1,0,0,0,1,0,0,0,0,5
"351",371,2,4,61,2,1,1,3,0,3,2,3,1,0,0,0,0,0,0,2,12.67,2,1,40,1,6,10000,64,9,4,1,0,0,0,0,0,0,0,0,0,1,0,2
"352",372,2,2,62,2,1,1,4,6,4,2,1,0,1,0,0,0,0,0,1,15.5,2,1,52.93,2,2,10000,20,11,5,0,1,0,0,0,0,0,0,0,0,0,1,4
"353",373,2,4,62,2,1,1,4,6,1,1,2,0,1,0,0,0,0,0,1,12.5,2,1,55.25,1,5,5866,20,9,4,0,1,0,0,0,0,0,0,0,0,1,0,2
"354",374,2,4,66,1,3,1,4,1,8,2,1,0,0,1,0,0,0,0,2,16.25,2,1,77,2,5,1300,20,3,1,0,0,1,0,0,0,0,1,0,0,0,0,2
"355",375,2,1,66,2,1,1,4,13,3,1,1,1,0,0,0,0,0,0,1,16.25,2,1,48.05,1,11,7850,120,9,4,1,0,0,0,0,0,0,0,0,0,1,0,2
"356",376,2,1,60,1,1,2,4,2,1,2,1,0,0,1,0,0,0,0,2,12.08,2,1,40,1,3,7000,60,3,1,0,0,1,0,0,0,0,1,0,0,0,0,4
"357",377,2,3,43,2,1,1,3,7,2,1,0,0,0,0,0,0,0,1,3,10.5,1,1,45.54,2,5,4850,41,12,4,0,0,0,0,0,0,1,0,0,0,1,0,1
"358",378,2,1,46,2,1,1,4,3,1,2,2,0,0,1,0,0,0,0,2,16.25,2,1,33.48,1,9,5866,90,9,4,0,0,1,0,0,0,0,0,0,0,1,0,2
"359",379,2,4,43,1,1,1,3,2,1,2,0,0,0,1,0,0,0,0,2,16.25,2,1,40,2,2,5866,15,2,1,0,0,1,0,0,0,0,1,0,0,0,0,4
"360",380,2,4,45,2,1,2,2,2,1,2,0,0,0,0,0,1,0,0,2,16.25,2,1,38,2,2,3500,10,9,1,0,0,0,0,1,0,0,1,0,0,0,0,4
"361",381,2,4,44,1,1,1,3,2,1,2,0,0,0,1,0,0,0,0,2,16.25,2,1,40,2,5,1500,10,1,1,0,0,1,0,0,0,0,1,0,0,0,0,5
"362",382,2,3,49,2,1,1,4,4,3,2,0,0,0,0,0,1,0,0,3,11.17,1,3,60,2,2,2200,64,9,4,0,0,0,0,1,0,0,0,0,0,1,0,1
"363",383,2,2,43,1,3,2,365,0,8,2,2,0,0,1,0,0,0,0,2,15,2,1,40,1,10,20314,40,2,4,0,0,1,0,0,0,0,0,0,0,1,0,2
"364",384,2,2,43,1,2,3,365,0,8,2,10,0,0,1,0,0,0,0,2,17.83,2,1,33,1,5,20314,50,5,5,0,0,1,0,0,0,0,0,0,0,0,1,4
"365",385,2,4,41,1,1,2,7,1,8,2,5,0,1,0,0,0,0,0,1,17,2,1,33,1,6,6000,180,2,2,0,1,0,0,0,0,0,0,1,0,0,0,4
"366",386,2,1,46,1,1,1,4,10,6,1,0,0,1,0,0,0,0,0,1,16.25,2,1,48.05,1,1,23000,120,2,4,0,1,0,0,0,0,0,0,0,0,1,0,3
"367",387,2,1,53,1,1,1,7,5,1,2,0,0,1,0,0,0,0,0,2,16.67,2,1,40,1,1,5866,40,2,5,0,1,0,0,0,0,0,0,0,0,0,1,4
"368",388,2,1,53,2,1,1,4,2,3,1,1,0,1,0,0,0,0,0,1,9.5,1,1,35,1,2,10000,64,7,1,0,1,0,0,0,0,0,1,0,0,0,0,4
"369",389,2,1,57,1,1,2,2,3,1,2,4,0,1,0,0,0,0,0,1,16.25,2,2,48.05,1,1,5866,60,1,5,0,1,0,0,0,0,0,0,0,0,0,1,5
"370",390,2,4,59,1,1,1,3,0,3,2,3,0,1,0,0,0,0,0,2,12.67,2,2,5,1,5,3000,120,11,4,0,1,0,0,0,0,0,0,0,0,1,0,2
"371",391,2,1,56,1,1,4,6,1,1,2,2,0,0,1,0,0,0,0,2,16.5,2,1,33.48,1,5,1150,30,10,1,0,0,1,0,0,0,0,1,0,0,0,0,2
"372",392,2,4,32,1,1,1,3,1,1,2,2,0,0,1,0,0,0,0,2,16.5,2,1,30,1,2,7000,20,3,4,0,0,1,0,0,0,0,0,0,0,1,0,2
"373",393,2,1,33,1,2,2,7,1,3,2,15,0,1,0,0,0,0,0,1,16.25,2,1,48.05,2,2,6000,20,1,1,0,1,0,0,0,0,0,1,0,0,0,0,5
"374",394,2,3,38,2,1,1,3,4,7,1,0,1,0,0,0,0,0,0,3,11,1,1,50,1,4,15700,90,5,4,1,0,0,0,0,0,0,0,0,0,1,0,2
"375",395,2,3,37,2,1,1,3,4,7,1,1,1,0,0,0,0,0,0,3,11,1,1,50,1,6,15700,90,7,5,1,0,0,0,0,0,0,0,0,0,0,1,2
"376",396,2,3,30,2,1,1,3,2,2,1,3,0,0,0,0,0,1,0,3,11,1,1,64,2,3,4850,5,4,4,0,0,0,0,0,1,0,0,0,0,1,0,3
"377",397,2,4,33,2,1,1,10,0,1,2,1,0,0,1,0,0,0,0,4,15,2,1,89,1,5,1150,50,2,4,0,0,1,0,0,0,0,0,0,0,1,0,1
"378",398,2,4,31,1,1,1,8,1,1,2,2,1,0,0,0,0,0,0,1,12.5,2,1,120,1,1,12000,25,2,4,1,0,0,0,0,0,0,0,0,0,1,0,2
"379",400,2,4,48,2,1,1,4,2,3,2,3,0,0,1,0,0,0,0,2,16.25,2,1,45.21,1,5,2000,25,9,4,0,0,1,0,0,0,0,0,0,0,1,0,2
"380",401,2,4,46,2,1,2,1,2,3,2,2,0,0,1,0,0,0,0,2,12.67,2,1,40,1,1,7850,60,3,1,0,0,1,0,0,0,0,1,0,0,0,0,3
"381",402,2,1,43,2,1,1,4,3,3,2,2,0,0,1,0,0,0,0,2,16.92,2,1,40,1,1,7850,90,11,1,0,0,1,0,0,0,0,1,0,0,0,0,3
"382",403,2,3,40,2,1,1,3,7,2,1,1,0,1,0,0,0,0,0,3,11,1,1,45.54,2,1,4850,30,2,5,0,1,0,0,0,0,0,0,0,0,0,1,2
"383",404,2,3,46,2,1,1,3,7,2,1,0,0,0,0,0,0,0,1,3,11,1,1,45.54,2,1,4850,30,2,2,0,0,0,0,0,0,1,0,1,0,0,0,2
"384",405,2,2,42,2,1,1,4,3,3,1,1,0,0,0,0,0,1,0,1,8.83,1,1,52.93,1,1,7850,64,9,2,0,0,0,0,0,1,0,0,1,0,0,0,3
"385",406,2,1,42,2,1,1,4,7,1,1,0,1,0,0,0,0,0,0,1,9.5,1,1,48.05,1,1,5866,20,9,2,1,0,0,0,0,0,0,0,1,0,0,0,6
"386",407,2,1,43,2,1,4,7,2,1,2,3,0,1,0,0,0,0,0,2,16.67,1,1,40,1,6,10000,60,9,4,0,1,0,0,0,0,0,0,0,0,1,0,3
"387",408,2,4,43,2,1,2,3,4,3,2,5,0,0,1,0,0,0,0,2,15,2,2,45.21,1,5,1100,20,1,5,0,0,1,0,0,0,0,0,0,0,0,1,4
"388",409,2,3,25,2,1,1,3,3,3,2,0,0,0,0,0,0,1,0,3,11,1,1,40,1,6,4000,40,2,4,0,0,0,0,0,1,0,0,0,0,1,0,4
"389",410,2,4,28,2,1,1,8,1,1,2,1,0,0,0,0,0,1,0,1,12.5,2,1,120,1,1,20000,40,2,1,0,0,0,0,0,1,0,1,0,0,0,0,5
"390",411,2,4,26,1,1,3,140,0,1,2,1,0,1,0,0,0,0,0,1,9.67,1,1,52,1,1,5866,45,8,1,0,1,0,0,0,0,0,1,0,0,0,0,3
"391",412,2,4,20,1,1,2,90,2,3,2,3,0,0,0,1,0,0,0,1,12.5,2,1,44,2,4,15000,60,12,5,0,0,0,1,0,0,0,0,0,0,0,1,8
"392",413,2,3,31,1,1,1,3,4,1,2,3,0,0,0,0,0,1,0,3,11,1,1,39,1,5,1550,60,2,1,0,0,0,0,0,1,0,1,0,0,0,0,3
"393",414,2,3,33,2,1,1,3,4,1,2,2,0,0,0,0,0,1,0,3,11,1,1,40,1,5,1550,60,2,2,0,0,0,0,0,1,0,0,1,0,0,0,3
"394",415,2,3,33,1,1,1,3,4,8,2,2,0,1,0,0,0,0,0,3,11,1,1,39,1,3,1100,50,2,4,0,1,0,0,0,0,0,0,0,0,1,0,2
"395",416,2,3,39,2,1,1,3,7,2,1,0,0,0,0,0,1,0,0,3,11,1,1,45.54,2,1,4850,20,5,4,0,0,0,0,1,0,0,0,0,0,1,0,1
"396",417,2,4,30,2,3,1,3,2,3,2,0,0,0,1,0,0,0,0,2,12.67,2,1,40,1,1,7850,30,2,5,0,0,1,0,0,0,0,0,0,0,0,1,2
"397",418,2,4,38,1,1,2,3,1,1,2,3,0,0,1,0,0,0,0,2,15,2,1,45.21,1,5,5866,40,2,5,0,0,1,0,0,0,0,0,0,0,0,1,2
"398",419,2,2,35,2,1,1,4,6,4,1,1,0,0,0,0,0,1,0,1,15.5,2,1,52.93,2,2,10000,20,12,5,0,0,0,0,0,1,0,0,0,0,0,1,2
"399",420,2,4,37,2,3,4,99,0,8,2,2,0,0,1,0,0,0,0,2,15,2,1,42,1,1,20314,40,9,4,0,0,1,0,0,0,0,0,0,0,1,0,3
"400",421,2,4,30,2,1,4,14,0,1,2,3,1,0,0,0,0,0,0,2,14.5,2,2,42,1,1,5866,70,2,1,1,0,0,0,0,0,0,1,0,0,0,0,3
"401",422,2,4,32,2,2,2,5,1,1,2,8,0,1,0,0,0,0,0,1,8.67,1,2,55.25,1,6,4000,20,1,1,0,1,0,0,0,0,0,1,0,0,0,0,6
"402",423,2,2,35,1,1,4,6,0,4,1,1,1,0,0,0,0,0,0,1,15.5,2,1,52.93,2,2,10000,20,12,5,1,0,0,0,0,0,0,0,0,0,0,1,2
"403",424,2,1,35,2,1,1,4,1,1,2,2,0,0,1,0,0,0,0,2,15,2,1,30,1,1,5866,30,4,4,0,0,1,0,0,0,0,0,0,0,1,0,4
"404",425,2,1,34,1,3,2,3,2,1,2,3,1,0,0,0,0,0,0,2,16.92,2,1,33.48,1,2,15000,30,5,5,1,0,0,0,0,0,0,0,0,0,0,1,4
"405",426,2,1,39,1,3,2,3,2,1,2,6,0,0,1,1,0,0,0,2,16.92,2,1,33.48,1,1,5866,60,5,1,0,0,1,1,0,0,0,1,0,0,0,0,5
"406",427,2,4,50,1,2,1,4,3,8,2,7,0,0,1,0,0,0,0,1,19,3,1,20,1,6,7000,50,1,1,0,0,1,0,0,0,0,1,0,0,0,0,6
"407",428,2,4,23,2,2,1,4,3,8,2,2,0,0,1,0,0,0,0,1,19,3,1,20,1,6,7000,50,8,1,0,0,1,0,0,0,0,1,0,0,0,0,6
"408",429,2,2,40,1,1,2,7,2,3,2,10,0,0,1,0,0,0,0,2,15.5,2,1,36.22,1,1,7850,60,2,2,0,0,1,0,0,0,0,0,1,0,0,0,2
"409",430,2,2,42,1,1,2,7,2,3,2,10,0,0,1,0,0,0,0,2,15.5,2,2,36.22,1,1,7850,60,2,2,0,0,1,0,0,0,0,0,1,0,0,0,2
"410",431,2,1,56,2,1,1,3,14,1,1,1,0,1,0,0,0,0,0,1,16.25,2,1,44,1,1,5866,30,6,5,0,1,0,0,0,0,0,0,0,0,0,1,3
"411",432,2,1,29,1,1,1,4,14,1,1,0,0,0,0,0,0,0,1,1,16,2,1,48.05,2,2,4500,15,2,5,0,0,0,0,0,0,1,0,0,0,0,1,3
"412",433,2,1,64,2,1,1,4,14,1,1,1,0,0,0,0,1,0,0,1,16.25,2,1,44,1,5,1300,40,7,1,0,0,0,0,1,0,0,1,0,0,0,0,4
"413",434,2,1,67,2,1,1,4,14,1,1,2,0,0,1,0,0,0,0,1,16.25,2,1,45,1,1,5866,30,9,5,0,0,1,0,0,0,0,0,0,0,0,1,3
"414",436,2,1,28,1,1,1,4,20,8,1,1,0,0,0,0,0,1,0,1,16.25,2,3,37,1,3,7000,40,6,4,0,0,0,0,0,1,0,0,0,0,1,0,2
"415",437,2,4,22,2,1,1,8,0,3,2,0,1,0,0,0,0,0,0,3,13.33,2,1,30,1,1,7850,40,8,4,1,0,0,0,0,0,0,0,0,0,1,0,6
"416",438,2,1,25,2,1,3,99,0,3,2,1,0,1,0,0,0,0,0,1,16.25,2,1,37,1,1,7850,90,8,1,0,1,0,0,0,0,0,1,0,0,0,0,3
"417",439,2,1,21,1,2,4,99,2,8,2,4,0,0,1,0,0,0,0,1,16.5,2,1,52,1,2,20000,40,8,5,0,0,1,0,0,0,0,0,0,0,0,1,3
"418",440,2,1,22,2,1,4,8,4,1,2,3,1,0,0,0,0,0,0,1,12.5,2,1,30,1,5,3000,10,8,4,1,0,0,0,0,0,0,0,0,0,1,0,6
"419",441,2,4,27,1,1,1,3,2,3,2,0,0,1,0,0,0,0,0,2,12.67,2,1,40,1,1,7850,30,6,4,0,1,0,0,0,0,0,0,0,0,1,0,2
"420",442,2,3,26,2,1,2,6,3,6,2,2,1,0,0,0,0,0,0,3,11,1,1,50,1,6,23000,180,12,5,1,0,0,0,0,0,0,0,0,0,0,1,2
"421",443,2,1,26,2,3,3,7,0,1,2,0,0,0,1,0,0,0,0,2,9,1,1,60,1,3,1150,40,8,1,0,0,1,0,0,0,0,1,0,0,0,0,5
"422",444,2,1,21,2,1,1,4,20,5,1,1,0,0,1,0,0,0,0,2,16.5,2,1,60,1,5,2000,50,8,1,0,0,1,0,0,0,0,1,0,0,0,0,3
"423",445,2,1,21,2,1,1,5,0,5,2,0,0,1,0,0,0,0,0,1,12.5,2,1,48.05,1,3,1150,305,8,3,0,1,0,0,0,0,0,0,0,1,0,0,4
"424",446,2,4,24,2,1,1,10,0,3,2,0,0,1,0,0,0,0,0,1,9.42,1,1,55.25,1,6,6000,60,8,5,0,1,0,0,0,0,0,0,0,0,0,1,3
"425",447,2,1,28,2,2,2,4,1,1,2,6,0,1,0,0,0,0,0,1,16.25,2,2,50,2,3,1200,20,1,5,0,1,0,0,0,0,0,0,0,0,0,1,4
"426",448,2,1,28,1,1,3,180,0,1,2,0,0,1,0,0,0,0,0,1,16.25,2,1,48.05,1,5,5866,40,8,4,0,1,0,0,0,0,0,0,0,0,1,0,3
"427",449,2,1,28,2,2,4,365,2,8,2,2,0,1,0,0,0,0,0,1,16.5,2,1,52,1,2,20000,40,3,4,0,1,0,0,0,0,0,0,0,0,1,0,2
"428",451,2,1,28,1,2,1,4,5,3,1,1,0,0,0,0,1,0,0,1,9.5,2,1,35,1,2,10000,20,12,1,0,0,0,0,1,0,0,1,0,0,0,0,6
"429",452,2,1,25,1,1,1,5,2,3,2,0,0,1,0,0,0,0,0,2,16.92,2,1,35,1,6,6000,30,8,4,0,1,0,0,0,0,0,0,0,0,1,0,1
"430",453,2,3,25,2,1,1,3,3,1,2,0,0,0,0,0,0,1,0,3,11,1,1,40,1,5,1350,60,2,4,0,0,0,0,0,1,0,0,0,0,1,0,5
"431",454,2,4,29,2,2,1,3,3,8,2,0,0,1,0,0,0,0,0,1,19.75,3,1,55.25,2,8,20314,180,2,5,0,1,0,0,0,0,0,0,0,0,0,1,1
"432",455,2,4,29,2,2,2,3,3,8,2,0,0,1,0,0,0,0,0,1,19.75,3,1,55.25,2,8,20314,180,2,4,0,1,0,0,0,0,0,0,0,0,1,0,1
"433",456,2,1,37,1,2,1,3,1,8,2,1,0,1,0,0,0,0,0,2,16.92,2,1,42,1,5,20314,60,8,4,0,1,0,0,0,0,0,0,0,0,1,0,1
"434",457,2,4,35,2,2,1,4,2,8,2,0,0,1,0,0,0,0,0,1,19.75,3,1,55.25,2,2,20314,10,2,4,0,1,0,0,0,0,0,0,0,0,1,0,3
"435",458,2,4,38,1,1,1,5,1,1,2,0,0,0,1,0,0,0,0,2,15,2,1,40,1,5,5866,30,2,5,0,0,1,0,0,0,0,0,0,0,0,1,2
"436",459,2,4,35,1,3,2,2,1,8,2,0,0,0,1,0,0,0,0,2,19,3,1,40,1,2,20314,120,2,4,0,0,1,0,0,0,0,0,0,0,1,0,2
"437",460,2,4,42,1,3,2,1,1,8,2,0,0,0,1,0,0,0,0,2,20,3,1,40,1,2,20314,50,2,4,0,0,1,0,0,0,0,0,0,0,1,0,3
"438",461,2,4,40,1,3,2,7,1,8,2,1,0,0,1,0,0,0,0,2,19.25,3,1,50,1,2,20314,50,2,4,0,0,1,0,0,0,0,0,0,0,1,0,2
"439",462,2,2,47,1,3,2,3,1,8,2,0,0,0,1,0,0,0,0,2,20,3,1,36.22,1,2,20314,40,2,3,0,0,1,0,0,0,0,0,0,1,0,0,7
"440",463,2,2,40,1,3,1,2,1,8,2,0,0,0,1,0,0,0,0,2,20,3,1,36.22,1,6,20314,60,2,4,0,0,1,0,0,0,0,0,0,0,1,0,3
"441",464,2,2,40,2,3,1,3,1,8,2,3,0,0,0,1,0,0,0,2,20.02,3,1,36.22,1,5,20314,40,2,4,0,0,0,1,0,0,0,0,0,0,1,0,2
"442",465,2,1,47,1,3,1,5,1,8,2,0,0,0,1,0,0,0,0,2,16.92,2,1,33.48,2,8,20314,180,11,4,0,0,1,0,0,0,0,0,0,0,1,0,1
"443",466,2,4,51,2,3,2,365,2,1,2,6,0,0,1,0,0,0,0,2,15,2,1,40,1,5,5866,15,1,5,0,0,1,0,0,0,0,0,0,0,0,1,4
"444",467,2,4,52,1,1,1,365,1,8,1,5,0,0,1,0,0,0,0,2,16.67,2,1,45,1,1,20314,15,1,5,0,0,1,0,0,0,0,0,0,0,0,1,5
"445",468,2,1,59,2,1,1,4,6,1,1,0,0,1,0,0,0,0,0,1,16,2,1,60,2,2,5866,10,12,5,0,1,0,0,0,0,0,0,0,0,0,1,8
"446",469,2,1,58,2,1,1,3,6,1,1,2,0,1,0,0,0,0,0,1,15.94,2,1,60,2,2,5866,10,11,5,0,1,0,0,0,0,0,0,0,0,0,1,2
"447",470,2,4,59,1,1,1,8,1,2,2,1,0,1,0,0,0,0,0,4,19.25,3,1,50,2,2,4850,10,4,1,0,1,0,0,0,0,0,1,0,0,0,0,3
"448",471,2,1,64,2,1,1,5,13,3,1,1,0,1,0,0,0,0,0,1,15.94,2,1,48.05,1,1,7850,64,9,5,0,1,0,0,0,0,0,0,0,0,0,1,4
"449",473,2,1,67,2,1,1,10,7,1,1,0,0,1,0,0,0,0,0,1,16,2,1,60,2,2,5866,10,9,5,0,1,0,0,0,0,0,0,0,0,0,1,2
"450",474,2,2,64,2,1,1,2,1,3,2,0,0,0,1,0,0,0,0,2,20,3,1,45,1,5,7850,120,10,4,0,0,1,0,0,0,0,0,0,0,1,0,2
"451",476,2,4,21,2,3,1,6,2,8,2,2,0,1,0,0,0,0,0,2,20.08,3,1,45.21,1,5,20314,40,8,4,0,1,0,0,0,0,0,0,0,0,1,0,4
"452",477,2,4,32,2,3,1,4,1,8,2,0,0,0,1,0,0,0,0,2,20,3,1,45,1,2,20314,45,2,4,0,0,1,0,0,0,0,0,0,0,1,0,2
"453",478,2,4,30,2,3,2,3,1,8,2,3,0,1,0,0,0,0,0,2,20,3,1,45.21,1,1,20314,60,5,3,0,1,0,0,0,0,0,0,0,1,0,0,3
"454",479,2,4,42,2,3,1,5,2,8,2,7,0,1,0,0,0,0,0,2,20,3,1,45.21,1,5,20314,40,7,4,0,1,0,0,0,0,0,0,0,0,1,0,4
"455",480,2,4,43,2,3,1,5,2,8,2,1,0,1,0,0,0,0,0,2,20,3,1,45.21,1,5,20314,40,9,2,0,1,0,0,0,0,0,0,1,0,0,0,4
"456",481,2,4,55,1,1,2,6,1,1,2,2,0,1,0,0,0,0,0,1,19.75,3,1,55.25,1,5,5866,30,2,4,0,1,0,0,0,0,0,0,0,0,1,0,3
"457",482,2,2,59,2,1,2,4,2,1,2,2,1,0,0,0,0,0,0,2,20,3,1,36.22,1,5,3000,30,9,2,1,0,0,0,0,0,0,0,1,0,0,0,3
"458",483,2,2,64,2,1,1,4,2,1,2,1,0,0,1,0,0,0,0,2,20,3,1,36.22,1,5,5866,40,9,4,0,0,1,0,0,0,0,0,0,0,1,0,5
"459",484,2,4,39,1,1,4,8,3,8,2,10,0,1,0,0,0,0,0,1,19.75,3,1,62,1,1,20314,45,12,5,0,1,0,0,0,0,0,0,0,0,0,1,1
"460",485,2,4,37,2,1,4,8,3,8,2,6,0,1,0,0,0,0,0,1,19.75,3,1,25,1,1,20314,45,5,5,0,1,0,0,0,0,0,0,0,0,0,1,5
"461",486,2,1,63,1,5,2,28,1,8,2,3,0,1,0,0,0,0,0,2,19,3,1,33.48,2,5,20314,30,2,3,0,1,0,0,0,0,0,0,0,1,0,0,7
"462",487,2,4,61,1,3,2,2,4,8,2,15,0,0,0,1,0,0,0,2,19.25,3,2,17,1,2,30000,40,1,2,0,0,0,1,0,0,0,0,1,0,0,0,7
"463",488,2,1,48,2,1,1,2,3,1,2,3,0,0,0,1,0,0,0,2,16.92,2,2,70,1,1,5866,40,9,4,0,0,0,1,0,0,0,0,0,0,1,0,7
