,ID,Airport,Airline,Age,Gender,Nationality,TripPurpose,TripDuration,FlyingCompanion,ProvinceResidence,GroupTravel,NoTripsLastYear,FrequentFlightDestination,Destination,FlightNo,DepartureHr,DepartureMn,DepartureTime,SeatClass,Airfare,NoTransport,ModeTransport,AccessCost,AccessTime,Occupation,Income
0,1,1,1,49.0,1.0,1,2,7,0,3,2,3,1,3,KE627,12,5,2,1.0,80.0,1,6,8000.0,40.0,1,5.0
1,2,1,1,49.0,2.0,1,1,4,4,3,2,1,1,2,KE703,10,10,1,1.0,41.0,1,6,8000.0,50.0,9,3.0
2,3,1,1,25.0,1.0,1,1,10,2,3,2,1,2,1,KE897,11,30,1,1.0,44.0,2,4,1000.0,20.0,12,3.0
3,4,1,1,29.0,1.0,1,2,7,2,3,2,2,5,2,KE725,15,20,2,1.0,40.0,1,1,30000.0,90.0,8,7.0
4,5,1,1,34.0,2.0,1,2,4,0,3,2,2,2,1,KE869,1,0,2,1.0,40.0,1,6,8000.0,50.0,1,3.0
5,6,1,1,43.0,1.0,1,4,40,1,3,2,4,2,1,KE833,14,45,2,1.0,34.0,1,6,8000.0,50.0,1,3.0
6,7,1,1,43.0,2.0,1,4,40,1,3,2,0,2,1,KE833,14,45,2,1.0,34.0,1,6,8000.0,50.0,9,3.0
7,8,1,1,52.0,1.0,1,1,7,1,3,2,0,4,2,KE703,10,15,1,1.0,56.0,1,6,8000.0,50.0,2,3.0
8,9,1,3,24.0,2.0,1,1,4,1,3,2,0,1,3,7C2301,19,35,3,1.0,34.0,2,2,2400.0,5.0,12,3.0
9,10,1,1,52.0,2.0,1,1,5,1,5,1,2,1,3,KE687,19,0,3,1.0,49.5,2,10,90000.0,60.0,12,2.0
10,11,1,1,29.0,2.0,1,1,5,2,3,2,4,1,2,KE5703,13,35,2,1.0,54.0,2,3,1100.0,10.0,12,3.0
11,12,1,4,45.0,1.0,1,1,7,1,3,1,10,1,4,CX411,15,15,2,1.0,80.0,1,6,8000.0,50.0,1,2.0
12,13,1,1,24.0,1.0,5,2,90,1,8,2,4,"2,4",1,KE687,19,0,3,1.0,37.0,1,5,2700.0,40.0,2,2.0
13,14,1,3,27.0,1.0,1,1,5,1,1,2,0,1,3,NotRespond,17,0,2,1.0,40.0,1,5,1500.0,90.0,2,4.0
14,15,1,2,62.0,1.0,1,2,4,2,3,2,8,3,2,OZ222,10,25,3,2.0,40.0,1,5,1500.0,50.0,5,3.0
15,16,1,3,31.0,2.0,1,1,5,2,3,2,2,5,3,ZE511,17,30,2,1.0,40.0,2,2,3000.0,5.0,12,3.0
16,17,1,3,28.0,2.0,1,1,4,1,3,2,2,5,3,ZE511,17,30,2,1.0,29.0,2,2,2700.0,10.0,12,6.0
17,18,1,3,29.0,2.0,1,1,6,5,3,2,1,3,3,7C2201,20,5,3,1.0,38.0,2,3,1100.0,20.0,12,3.0
18,19,1,3,40.0,1.0,1,1,5,5,1,1,2,1,3,7C2401,21,55,4,1.0,70.0,1,1,6000.0,60.0,2,3.0
19,20,1,3,29.0,1.0,1,1,6,5,3,2,1,1,3,7C2201,20,5,3,1.0,38.0,1,1,30000.0,90.0,2,3.0
20,21,1,3,69.0,2.0,1,1,5,6,1,2,0,1,3,7C2401,21,55,4,1.0,70.0,1,1,3001.5,60.0,9,1.0
21,22,1,3,29.0,1.0,4,1,5,3,1,2,1,3,3,TW101,20,25,3,1.0,49.5,1,5,1500.0,50.0,2,2.0
22,23,1,3,28.0,1.0,1,1,5,3,1,2,2,1,3,CA5040,8,40,4,1.0,49.5,1,5,900.0,10.0,1,4.0
23,24,1,3,35.0,1.0,1,1,6,2,1,2,1,4,3,KE623,20,5,3,1.0,48.0,1,1,3.0,90.0,5,3.0
24,25,1,4,30.0,2.0,1,1,5,2,3,2,5,5,3,NotRespond,4,20,2,1.0,53.0,1,6,10000.0,60.0,9,3.0
25,26,1,4,22.0,1.0,4,4,30,0,3,2,0,6,4,NotRespond,11,45,4,1.0,39.0,3,3,1100.0,15.0,12,3.0
26,27,1,1,55.0,1.0,1,1,5,3,3,2,2,"2,5",1,NotRespond,14,10,2,1.0,28.0,2,2,4000.0,10.0,12,3.0
27,28,1,1,20.0,2.0,1,3,21,1,3,2,1,5,1,KE607,19,45,3,1.0,44.0,1,6,8000.0,50.0,8,2.0
28,29,1,3,33.0,1.0,1,1,5,2,5,2,1,1,3,7C2201,19,35,3,1.0,38.0,2,2,7500.0,30.0,12,2.0
29,30,1,4,31.0,2.0,1,1,3,4,1,2,1,1,4,CX421,9,25,1,1.0,43.0,1,6,10000.0,60.0,2,1.0
30,31,1,3,33.0,2.0,1,1,6,2,1,2,2,1,3,KE623,20,5,3,1.0,48.0,1,1,3001.5,60.0,5,4.0
31,32,1,1,46.0,1.0,1,2,4,1,3,2,50,2,3,KE687,19,0,3,2.0,49.5,1,6,5500.0,40.0,12,5.0
32,33,1,1,24.0,2.0,1,1,45,2,5,2,1,5,4,KE933,13,0,2,1.0,140.0,2,7,17900.0,180.0,12,2.0
33,34,1,1,22.0,1.0,1,3,100,0,6,2,0,6,4,CX419,20,5,3,1.0,110.0,1,7,1200.0,15.0,12,2.0
34,35,1,3,32.0,2.0,1,1,6,2,5,2,1,1,3,KE623,20,5,3,1.0,40.0,2,2,7500.0,10.0,12,2.0
35,36,1,1,34.0,2.0,4,1,15,4,1,2,1,1,3,KE641,18,40,3,1.0,70.0,1,1,3001.5,60.0,2,2.0
36,37,1,1,40.0,2.0,1,1,5,4,1,2,1,1,3,KE643,14,20,2,3.0,80.0,2,3,1000.0,15.0,12,2.0
37,38,1,4,22.0,2.0,1,1,30,2,1,2,0,5,4,CX419,20,5,3,1.0,108.0,2,3,1050.0,15.0,12,2.0
38,39,1,1,36.0,1.0,1,1,16,2,1,1,3,1,4,NotRespond,0,0,2,1.0,100.0,1,3,1300.0,40.0,1,4.0
39,40,1,2,22.0,1.0,1,1,40,0,1,2,2,"1,5,6",4,NotRespond,0,0,4,1.0,100.0,1,6,10000.0,120.0,8,4.0
40,41,1,4,22.0,2.0,1,1,30,2,1,2,0,5,4,CX419,20,5,3,1.0,108.0,2,3,1050.0,8.0,12,2.0
41,42,1,1,44.0,1.0,1,2,3,2,1,2,4,1,3,KE641,18,40,3,1.0,59.0,1,1,0.0,15.0,5,5.0
42,43,1,1,31.0,2.0,1,4,4,0,3,2,100,"1,2,3,4,5",3,KE691,10,35,1,2.0,40.0,2,2,8000.0,10.0,12,3.0
43,44,1,1,57.0,1.0,4,2,140,1,5,2,10,1,3,KE641,18,40,3,1.0,59.0,2,10,90000.0,60.0,12,2.0
44,45,1,3,28.0,1.0,1,1,5,4,3,2,4,6,3,7C2301,19,35,3,1.0,30.0,1,6,12000.0,75.0,2,2.0
45,46,1,1,32.0,2.0,1,1,10,2,3,2,2,1,1,KE833,14,50,2,1.0,48.0,2,2,5000.0,10.0,12,3.0
46,47,1,1,29.0,2.0,1,1,5,2,3,2,2,3,2,KE5703,13,35,2,1.0,54.0,1,6,8000.0,50.0,3,2.0
47,48,1,1,35.0,2.0,1,2,3,5,3,2,20,1,3,KE653,19,10,3,1.0,60.0,1,6,6000.0,40.0,12,3.0
48,49,1,2,45.0,1.0,2,2,15,1,8,2,7,1,1,OZ359,12,40,2,1.0,52.0,1,6,8000.0,40.0,1,3.0
49,50,1,3,28.0,1.0,1,1,7,9,3,1,2,1,3,OZ3195,8,30,3,1.0,45.0,1,6,11000.0,90.0,2,4.0
50,51,1,3,53.0,2.0,1,1,7,9,3,2,0,1,3,OZ3195,20,30,3,1.0,45.0,2,2,1050.0,20.0,12,3.0
51,52,1,3,57.0,1.0,1,1,7,9,1,2,3,"1,2",3,OZ3195,20,30,3,1.0,50.0,2,3,1050.0,15.0,12,2.0
52,53,1,3,43.0,2.0,4,1,4,4,1,2,2,1,3,7C2301,19,35,3,1.0,31.0,1,5,3700.0,100.0,5,2.0
53,54,1,3,21.0,2.0,1,1,4,4,1,2,0,1,3,7C2301,19,35,3,1.0,31.0,1,5,2000.0,50.0,8,3.0
54,55,1,2,67.0,2.0,1,1,7,2,1,1,3,1,1,OZ3195,8,30,3,2.0,66.0,1,4,10000.0,65.0,7,4.0
55,56,1,2,66.0,1.0,1,1,6,8,2,1,1,1,1,OZ367,20,0,3,1.0,78.0,1,1,1300.0,60.0,7,2.0
56,57,1,3,29.0,1.0,1,1,6,1,3,2,3,3,2,OZ1045,15,30,2,1.0,17.0,2,4,2000.0,60.0,12,3.0
57,58,1,1,30.0,2.0,1,1,5,2,5,2,122,1,3,KE643,14,20,2,1.0,64.0,2,8,48000.0,90.0,12,2.0
58,59,1,2,44.0,2.0,2,1,99,1,8,2,4,2,1,OZ349,12,30,2,1.0,31.0,1,1,5350.0,34.0,9,4.0
59,60,1,3,36.0,1.0,1,1,5,1,4,2,3,"1,3",3,NotRespond,0,0,2,1.0,40.0,2,8,14000.0,60.0,1,3.0
60,61,1,2,53.0,1.0,5,2,7,2,8,2,50,1,3,OZ741,18,30,3,1.0,75.0,1,8,5350.0,150.0,2,6.0
61,62,1,4,47.0,1.0,1,1,2,3,1,2,0,1,2,KE651,5,40,2,1.0,20.0,2,2,1050.0,40.0,12,2.0
62,63,1,1,27.0,1.0,1,2,180,1,5,2,4,3,2,NotRespond,18,30,3,1.0,67.0,2,8,50000.0,110.0,12,2.0
63,64,1,4,22.0,2.0,5,1,5,1,1,2,12,6,2,ZW893,17,45,2,1.0,19.0,2,5,1200.0,30.0,12,2.0
64,65,1,3,28.0,1.0,1,1,6,5,3,2,0,1,3,7C2201,20,5,3,1.0,38.0,2,3,1100.0,20.0,12,6.0
65,66,1,4,29.0,2.0,2,1,20,1,1,2,2,1,1,KE653,19,10,3,1.0,30.0,1,5,6900.0,43.0,2,1.0
66,67,1,1,47.0,1.0,1,1,5,2,3,2,3,1,3,KE687,19,0,3,1.0,49.5,1,5,1200.0,40.0,4,5.0
67,68,1,1,38.0,1.0,1,1,4,3,1,2,3,5,2,NotRespond,0,0,2,1.0,40.0,1,2,3000.0,5.0,2,3.0
68,69,1,NotRespond,58.0,1.0,1,3,7,2,4,1,8,5,4,NotRespond,0,0,2,1.0,180.0,3,2,6000.0,20.0,12,2.0
69,70,1,2,39.0,2.0,1,1,5,1,1,2,4,"3,6",2,OZ102,9,0,1,1.0,60.0,1,6,13000.0,60.0,9,3.0
70,71,1,3,26.0,2.0,1,1,5,2,2,2,0,1,3,NotRespond,0,0,4,1.0,40.0,1,5,1300.0,50.0,5,2.0
71,72,1,NotRespond,23.0,2.0,1,1,7,2,3,1,0,1,3,NotRespond,0,0,2,1.0,30.0,1,5,1050.0,30.0,3,2.0
72,73,1,2,28.0,1.0,1,2,3,2,1,2,2,3,2,NotRespond,0,0,2,1.0,40.0,1,5,1150.0,30.0,2,3.0
73,74,1,3,22.0,2.0,1,1,7,1,6,2,1,"2,3",3,7C2301,7,35,3,1.0,24.0,1,1,1200.0,202.5,8,7.0
74,75,1,1,34.0,1.0,2,2,30,1,5,2,12,2,1,KE607,19,45,3,1.0,44.0,3,4,17000.0,60.0,2,2.0
75,76,1,2,40.0,1.0,1,2,15,1,4,2,3,2,1,OZ365,14,0,2,1.0,44.0,3,2,11000.0,10.0,12,2.0
76,77,1,3,22.0,2.0,4,3,7,1,6,2,2,1,3,7C2301,7,35,3,1.0,24.0,3,8,1200.0,202.5,12,2.0
77,78,1,3,33.0,1.0,1,1,6,1,3,2,1,4,3,NotRespond,16,0,2,1.0,40.0,2,5,1050.0,60.0,12,2.0
78,79,1,3,29.0,2.0,1,1,5,0,3,2,1,1,3,NotRespond,16,0,2,1.0,40.0,1,5,1050.0,60.0,2,3.0
79,80,1,2,43.0,1.0,1,1,4,3,1,1,1,1,3,NotRespond,0,0,2,1.0,40.0,2,3,1050.0,15.0,12,2.0
80,81,1,4,41.0,1.0,1,4,8,10,5,2,5,6,1,NotRespond,13,40,2,2.0,120.0,3,1,1800.0,10.0,12,2.0
81,82,1,4,25.0,2.0,1,1,5,1,5,1,0,1,3,8B0964,13,25,2,1.0,61.0,3,2,17000.0,30.0,12,2.0
82,83,1,4,27.0,2.0,1,1,5,1,5,1,0,1,3,8B0964,13,25,2,1.0,61.0,3,2,17000.0,30.0,12,2.0
83,84,1,1,30.0,1.0,1,1,5,1,5,2,10,2,3,KE643,14,20,2,1.0,65.0,3,1,1800.0,30.0,12,2.0
84,85,1,2,50.0,2.0,1,1,99,1,8,2,0,1,2,OZ134,14,0,2,1.0,23.0,1,1,5350.0,34.0,9,5.0
85,86,1,2,31.0,1.0,1,2,30,0,1,2,5,2,1,OZ359,12,40,2,1.0,54.0,1,2,3000.0,15.0,3,3.0
86,87,1,1,34.0,1.0,1,2,99,0,1,2,6,"2,4",1,NotRespond,13,5,2,1.0,20.0,1,1,3001.5,60.0,1,7.0
87,88,1,4,47.0,1.0,1,1,5,3,1,1,2,1,3,8B0964,13,25,2,1.0,61.0,2,2,13300.0,45.0,12,2.0
88,89,1,NotRespond,61.0,2.0,1,1,5,27,1,1,0,2,1,NotRespond,0,0,2,1.0,154.0,2,3,1050.0,15.0,12,2.0
89,90,1,1,40.0,1.0,1,1,5,10,3,2,0,6,3,NotRespond,0,0,2,3.0,40.0,1,7,4300.0,53.0,2,2.0
90,91,1,3,30.0,2.0,1,1,7,3,1,2,3,1,3,KE623,20,5,3,1.0,60.0,1,3,3000.0,15.0,2,3.0
91,92,1,2,32.0,1.0,1,1,5,2,4,2,1,1,3,OZ751,16,10,2,2.0,75.0,2,8,14000.0,50.0,12,2.0
92,93,1,4,45.0,1.0,1,1,5,1,7,2,0,1,3,8B0964,13,25,2,1.0,61.0,3,8,6000.0,120.0,12,1.0
93,94,1,4,40.0,2.0,1,1,5,1,7,2,2,1,3,8B0964,13,25,2,1.0,61.0,3,8,6000.0,120.0,12,1.0
94,95,1,4,39.0,1.0,1,1,0,5,5,2,0,1,3,8B0964,13,25,2,2.0,30.0,3,2,10000.0,30.0,12,2.0
95,96,1,4,37.0,1.0,1,1,6,5,5,2,5,1,3,8B0964,13,25,2,1.0,41.0,3,5,1100.0,30.0,12,2.0
96,97,1,2,44.0,1.0,1,2,15,1,1,2,80,2,1,OZ307,14,20,2,2.0,44.0,2,2,13000.0,45.0,12,2.0
97,98,1,2,30.0,2.0,1,1,5,2,4,2,1,1,3,OZ751,16,10,2,2.0,75.0,2,8,14000.0,40.0,12,2.0
98,99,1,4,49.0,1.0,1,1,4,2,8,1,0,1,3,7C2203,20,40,3,3.0,40.0,1,5,2700.0,40.0,3,2.0
99,100,1,1,50.0,2.0,1,1,7,2,2,2,0,1,3,KE659,20,20,3,1.0,50.0,1,5,1300.0,30.0,9,4.0
100,101,1,4,52.0,2.0,1,4,99,0,8,2,0,1,3,5J195,21,35,4,1.0,27.0,1,6,15000.0,100.0,9,1.0
101,102,1,4,54.0,2.0,1,1,5,26,3,1,2,1,3,7C2203,20,40,3,1.0,3.0,2,2,2500.0,10.0,12,3.0
102,103,1,2,55.0,2.0,1,1,6,4,1,1,0,1,1,OZ749,20,10,3,1.0,44.0,2,5,1200.0,30.0,12,2.0
103,104,1,1,60.0,2.0,1,1,5,2,3,2,1,1,3,KE659,20,20,3,1.0,50.0,1,6,8000.0,50.0,11,1.0
104,105,1,1,62.0,1.0,1,1,5,2,3,2,1,1,3,KE659,20,20,3,1.0,50.0,1,6,8000.0,120.0,11,1.0
105,106,1,4,64.0,2.0,1,1,5,26,3,1,2,1,3,7C2201,20,0,3,1.0,3.0,2,2,2500.0,10.0,12,3.0
106,107,1,3,27.0,2.0,1,1,5,4,1,2,4,1,3,LJ001,17,20,2,1.0,60.0,1,6,15000.0,60.0,12,2.0
107,108,1,3,25.0,2.0,1,1,5,4,1,2,0,2,3,LJ001,17,20,2,1.0,53.0,1,6,13000.0,60.0,3,3.0
108,109,1,3,24.0,2.0,1,1,5,1,3,2,2,1,3,ZE511,17,30,2,1.0,50.0,1,6,12000.0,100.0,2,4.0
109,110,1,3,28.0,1.0,1,1,6,2,1,2,2,5,3,ZE511,17,30,2,1.0,23.0,1,6,14000.0,60.0,2,7.0
110,111,1,3,29.0,1.0,1,1,3,3,2,2,1,1,3,7C2301,19,35,3,1.0,30.0,1,5,1300.0,40.0,2,2.0
111,112,1,2,25.0,2.0,1,1,3,12,1,1,0,7,3,OZ757,20,20,3,1.0,49.5,1,6,15000.0,160.0,5,4.0
112,113,1,1,39.0,1.0,1,2,9,1,3,2,1,2,4,KE655,11,30,3,1.0,100.0,2,8,3000.0,60.0,12,3.0
113,114,1,4,30.0,1.0,1,2,2,1,6,2,3,1,3,CX411,15,15,2,1.0,60.0,3,2,1200.0,202.5,12,2.0
114,115,1,3,36.0,1.0,1,1,3,3,2,2,3,3,3,7C2301,19,35,3,1.0,30.0,2,3,1100.0,45.0,12,1.0
115,116,1,1,31.0,1.0,1,1,5,1,1,2,0,"1,4",3,KE687,19,0,3,1.0,62.0,1,6,10000.0,60.0,2,4.0
116,117,1,3,30.0,1.0,1,1,4,3,1,2,2,3,3,7C2301,19,35,3,2.0,31.0,2,8,3150.75,90.0,2,5.0
117,118,1,1,36.0,1.0,1,2,150,0,5,2,3,4,4,KE061,21,35,4,1.0,150.0,2,2,4600.0,10.0,12,2.0
118,119,1,2,31.0,2.0,1,1,15,2,8,2,0,3,2,OZ178,21,0,4,1.0,41.0,1,1,5350.0,34.0,2,3.0
119,120,1,2,37.0,2.0,1,1,5,4,3,1,2,3,1,OZ0323,20,0,3,1.0,41.0,1,6,12000.0,90.0,3,2.0
120,121,1,1,43.0,1.0,1,2,9,2,3,2,1,"2,3",4,KE655,19,30,3,1.0,120.0,1,6,8000.0,50.0,2,3.0
121,122,1,3,45.0,1.0,1,1,5,1,4,2,1,"1,2",3,7C2301,19,35,3,1.0,35.0,2,8,14000.0,50.0,12,2.0
122,123,1,1,42.0,2.0,1,1,5,3,1,1,0,1,3,KE651,5,40,2,1.0,50.0,2,2,2400.0,10.0,12,2.0
123,124,1,2,44.0,1.0,1,4,10,0,1,2,2,1,3,OZ703,19,50,3,1.0,55.0,1,6,9000.0,40.0,2,3.0
124,125,1,4,55.0,1.0,1,2,5,1,8,2,2,2,1,CX419,20,5,3,1.0,108.0,1,6,11500.0,70.0,2,3.0
125,126,1,4,52.0,1.0,1,2,5,1,2,2,3,2,1,CX419,20,5,3,1.0,108.0,1,5,1300.0,40.0,2,4.0
126,127,1,1,50.0,1.0,1,1,365,2,8,1,0,2,2,KE719,20,55,3,1.0,40.0,1,9,5350.0,40.0,2,3.0
127,128,1,4,69.0,2.0,1,1,12,2,1,2,2,1,4,NotRespond,22,0,4,2.0,58.0,1,1,3001.5,60.0,9,7.0
128,129,1,1,30.0,1.0,1,1,6,2,1,1,4,5,4,KE629,18,0,3,1.0,82.0,1,2,11000.0,30.0,2,3.0
129,130,1,2,30.0,2.0,1,1,6,2,1,2,0,7,3,OZ709,20,20,3,1.0,40.0,1,3,2150.0,27.5,2,3.0
130,131,1,2,32.0,1.0,1,1,6,2,1,2,1,7,3,OZ709,20,20,3,1.0,40.0,1,3,2150.0,27.5,2,3.0
131,132,1,4,47.0,2.0,1,1,4,2,8,1,0,1,3,7C2203,20,40,3,3.0,40.0,1,5,2700.0,40.0,9,4.0
132,133,1,1,47.0,2.0,1,1,6,2,8,2,0,7,3,KE623,20,5,3,1.0,49.0,3,5,2700.0,40.0,2,4.0
133,134,1,2,47.0,2.0,1,1,4,4,1,1,1,1,3,OZ3195,20,30,3,1.0,45.0,1,5,2000.0,50.0,9,3.0
134,135,1,3,37.0,1.0,4,4,99,0,8,2,1,1,3,CJ003,21,40,4,1.0,65.0,2,1,5350.0,34.0,12,2.0
135,136,1,4,24.0,2.0,1,1,5,2,1,2,2,"1,4,5",3,OZ3195,8,30,1,1.0,56.0,2,2,3300.0,10.0,12,2.0
136,137,1,1,33.0,1.0,2,2,10,2,1,2,4,"1,2,3",1,NotRespond,7,45,3,2.0,58.0,1,1,10000.0,60.0,1,2.0
137,138,1,1,30.0,1.0,1,2,7,1,3,1,9,6,3,KE631,20,35,3,1.0,53.0,1,9,350000.0,80.0,12,3.0
138,139,1,3,30.0,1.0,1,1,6,1,3,2,1,3,3,7C2203,20,40,3,1.0,40.0,1,6,10000.0,60.0,2,3.0
139,140,1,1,50.0,2.0,1,1,7,2,3,2,2,1,3,NotRespond,9,45,1,1.0,40.0,1,1,30000.0,90.0,3,2.0
140,141,1,1,35.0,1.0,1,2,6,2,1,2,0,1,4,KE6221,14,5,2,1.0,222.0,2,1,7000.0,15.0,12,2.0
141,142,1,2,43.0,1.0,1,4,6,7,5,2,2,1,3,NotRespond,7,5,3,1.0,57.0,4,2,10000.0,20.0,12,2.0
142,143,1,2,27.0,2.0,5,1,5,8,8,2,5,6,4,OZ601,8,10,3,1.0,14.0,1,5,2700.0,120.0,3,2.0
143,144,1,3,32.0,1.0,1,1,5,1,5,2,1,5,3,7C2203,20,40,3,1.0,64.0,1,8,8000.0,40.0,4,1.0
144,145,1,3,33.0,1.0,1,1,7,1,2,2,2,1,3,7C2301,19,35,3,1.0,30.0,1,8,8000.0,45.0,2,3.0
145,146,1,2,36.0,1.0,4,2,180,1,5,2,2,1,3,NotRespond,19,15,3,1.0,40.0,2,2,7500.0,10.0,12,2.0
146,147,1,3,33.0,1.0,4,1,5,2,1,2,3,1,3,CJ003,21,40,4,1.0,50.0,1,6,15000.0,60.0,2,3.0
147,148,1,4,30.0,1.0,4,1,5,2,1,1,1,1,3,J195,21,35,4,1.0,30.0,2,1,7000.0,40.0,12,2.0
148,149,1,4,29.0,1.0,4,1,6,2,2,2,1,1,3,J195,21,35,4,1.0,30.0,1,6,2300.0,30.0,5,5.0
149,150,1,2,22.0,1.0,4,3,150,0,4,2,0,1,3,J195,21,35,4,1.0,50.0,1,4,12500.0,50.0,8,2.0
150,151,1,1,44.0,1.0,1,2,3,0,5,2,2,1,3,KE471,18,45,3,1.0,89.0,2,8,50000.0,390.0,12,2.0
151,152,1,1,54.0,1.0,1,1,5,2,4,2,0,7,1,NotRespond,21,0,4,1.0,40.0,1,7,6800.0,65.0,12,2.0
152,153,1,2,40.0,2.0,1,1,5,2,1,2,0,1,3,OZ747,19,50,3,1.0,100.0,2,5,1050.0,25.0,12,2.0
153,154,1,2,42.0,1.0,1,1,5,2,1,2,1,1,3,OZ747,19,50,3,1.0,100.0,1,7,6900.0,40.0,12,2.0
154,155,1,4,44.0,1.0,5,1,10,1,8,2,2,4,4,NotRespond,16,50,2,2.0,50.0,1,8,5350.0,150.0,1,6.0
155,156,1,1,31.0,2.0,1,2,5,1,1,2,5,5,3,ZE511,17,30,2,1.0,60.0,1,7,8000.0,40.0,2,4.0
156,157,1,1,21.0,1.0,1,1,9,0,1,2,2,1,3,ZE511,17,30,2,1.0,60.0,1,7,7450.0,40.0,8,3.0
157,158,1,4,44.0,1.0,4,1,4,4,5,1,2,1,3,NotRespond,18,0,3,1.0,50.0,1,8,56000.0,110.0,3,3.0
158,159,1,3,24.0,2.0,1,1,5,2,5,1,1,1,3,KE623,20,5,3,1.0,49.0,2,8,38000.0,120.0,5,2.0
159,160,1,2,52.0,2.0,1,1,5,4,1,1,2,1,3,NotRespond,17,0,2,1.0,70.0,1,2,9000.0,15.0,8,3.0
160,161,1,3,71.0,2.0,5,1,7,3,1,2,2,5,3,NotRespond,8,5,3,1.0,50.0,2,1,7000.0,20.0,12,2.0
161,162,1,2,54.0,2.0,1,4,3,0,8,2,4,3,2,NotRespond,6,50,3,1.0,50.0,1,2,14000.0,35.0,9,7.0
162,163,1,2,37.0,2.0,4,2,5,2,1,2,3,1,3,OZ2757,20,20,3,1.0,76.0,1,6,24000.0,90.0,2,6.0
163,164,1,2,37.0,1.0,1,2,60,1,3,2,10,2,1,OZ367,20,0,3,1.0,30.0,2,3,1050.0,30.0,12,3.0
164,165,1,2,41.0,2.0,1,1,6,2,1,2,0,1,3,NotRespond,7,55,3,1.0,36.0,1,2,2500.0,10.0,7,2.0
165,166,1,3,27.0,1.0,1,1,6,1,1,2,1,1,3,LJ015,19,20,3,1.0,40.0,1,6,11000.0,20.0,1,2.0
166,167,1,3,28.0,2.0,1,1,5,1,1,2,3,4,3,7C2301,19,35,3,1.0,31.0,2,3,1050.0,15.0,12,2.0
167,168,1,3,29.0,2.0,4,1,5,2,1,2,3,1,3,7C2301,19,35,3,1.0,31.0,1,2,4300.0,15.0,2,6.0
168,169,1,1,56.0,2.0,3,1,8,2,8,2,1,3,2,KE001,17,40,2,2.0,260.0,2,1,5350.0,34.0,12,4.0
169,170,1,2,59.0,2.0,1,1,30,1,1,2,3,1,3,KE653,19,10,3,1.0,50.0,2,2,10000.0,15.0,12,2.0
170,171,1,1,30.0,2.0,1,1,6,3,1,2,2,"1,3",3,KE651,17,40,2,1.0,50.0,1,6,15000.0,60.0,2,5.0
171,172,1,1,28.0,2.0,4,1,6,2,5,2,1,1,3,KE631,8,35,3,1.0,45.0,2,8,24000.0,110.0,12,2.0
172,173,1,1,21.0,2.0,1,3,10,0,8,2,3,2,1,KE895,19,15,3,1.0,45.0,1,2,14000.0,35.0,8,6.0
173,174,1,3,29.0,2.0,1,1,7,1,1,2,2,6,3,7C2301,19,35,3,1.0,56.0,2,2,2700.0,5.0,12,2.0
174,175,1,1,26.0,1.0,1,1,5,2,1,2,2,2,1,KE5885,16,33,2,1.0,28.0,2,1,7000.0,20.0,12,2.0
175,176,1,1,25.0,2.0,1,1,60,2,1,2,2,1,3,KE622,8,10,2,1.0,49.5,2,2,5000.0,15.0,12,2.0
176,177,1,4,37.0,2.0,1,1,10,1,1,2,3,5,3,PR469,20,45,3,1.0,53.0,2,5,1200.0,30.0,12,2.0
177,178,1,3,33.0,1.0,1,1,7,2,3,2,0,3,3,7C2301,19,35,3,1.0,56.0,2,3,2000.0,60.0,12,2.0
178,179,1,3,34.0,NotRespond,1,1,7,1,3,2,2,1,3,7C2401,21,55,4,1.0,53.0,2,3,2000.0,60.0,12,3.0
179,180,1,3,35.0,2.0,1,1,5,2,1,2,1,1,3,7C2401,21,55,4,1.0,58.0,2,1,7000.0,20.0,12,2.0
180,181,1,2,45.0,1.0,1,2,5,0,1,2,7,1,3,OZ6763,21,20,4,2.0,49.5,1,6,15000.0,70.0,1,6.0
181,182,1,4,41.0,1.0,1,1,10,0,1,2,3,5,3,PR469,20,45,3,1.0,53.0,2,5,1200.0,30.0,12,2.0
182,183,1,1,47.0,1.0,1,1,16,0,1,2,3,1,3,NotRespond,17,50,2,1.0,69.0,1,2,4000.0,10.0,7,4.0
183,184,1,1,55.0,2.0,1,1,5,2,3,2,2,2,1,KE5885,16,33,2,1.0,28.0,2,3,2000.0,30.0,12,3.0
184,185,1,1,59.0,2.0,1,1,60,2,1,2,0,1,3,KE622,20,10,3,1.0,49.5,2,2,5000.0,15.0,12,2.0
185,186,1,1,54.0,1.0,1,2,60,0,1,2,1,1,3,KE629,18,5,3,1.0,82.0,1,2,4000.0,20.0,2,4.0
186,187,1,3,63.0,2.0,1,1,5,2,1,2,1,1,3,7C2401,21,55,4,1.0,58.0,2,1,7000.0,20.0,12,2.0
187,188,1,1,68.0,2.0,1,4,7,3,1,2,0,5,3,KE623,20,5,3,1.0,50.0,2,2,2400.0,5.0,12,2.0
188,189,1,3,80.0,2.0,1,1,7,3,1,2,0,1,3,KE623,20,5,3,1.0,50.0,2,1,7000.0,20.0,12,2.0
189,190,1,2,35.0,1.0,1,1,12,1,1,2,5,1,3,OZ751,16,10,2,1.0,30.0,1,5,2000.0,30.0,2,4.0
190,191,1,1,50.0,1.0,1,1,5,6,1,1,3,1,3,KE659,20,20,3,2.0,50.0,1,5,2000.0,50.0,5,6.0
191,192,1,2,62.0,1.0,1,1,7,1,2,2,0,2,1,OZ367,20,0,3,1.0,65.0,1,1,1300.0,60.0,2,5.0
192,193,1,2,19.0,1.0,1,1,6,8,2,1,0,1,1,OZ367,20,0,3,1.0,78.0,1,1,1300.0,60.0,8,3.0
193,194,1,1,43.0,1.0,4,1,7,2,3,2,1,1,3,KE651,17,40,2,1.0,70.0,2,2,10000.0,20.0,12,3.0
194,195,1,4,30.0,1.0,1,1,7,1,1,2,2,1,1,CZ370,20,30,3,1.0,50.0,2,5,1000.0,30.0,12,2.0
195,196,1,2,55.0,2.0,1,1,6,1,5,1,2,2,1,OZ3195,8,30,3,2.0,66.0,2,8,50000.0,110.0,12,2.0
196,197,1,1,35.0,1.0,1,1,5,2,5,2,1,1,3,KE631,20,35,3,1.0,45.0,2,8,24000.0,65.0,12,2.0
197,198,1,4,30.0,2.0,1,1,7,2,8,2,7,1,1,CZ370,20,30,3,2.0,50.0,1,5,2700.0,40.0,2,3.0
198,199,1,3,27.0,NotRespond,1,1,15,0,1,2,0,1,3,7C2301,19,35,3,1.0,40.0,1,5,2000.0,50.0,8,1.0
199,200,1,4,42.0,1.0,1,1,3,3,1,2,2,5,2,JW892,17,45,2,1.0,20.0,1,1,3001.5,60.0,2,5.0
200,201,1,1,67.0,2.0,1,1,6,1,5,2,1,3,3,KE651,5,40,2,1.0,50.0,1,8,50000.0,180.0,7,2.0
201,202,1,2,45.0,1.0,1,2,90,1,5,2,4,1,1,OZ377,17,0,2,1.0,45.0,2,1,10000.0,60.0,12,2.0
202,203,1,4,27.0,2.0,1,1,15,1,8,2,3,1,3,NotRespond,6,5,2,1.0,50.0,2,2,8000.0,30.0,12,2.0
203,204,1,1,35.0,1.0,5,1,4,0,1,2,6,6,3,KE641,18,40,3,1.0,50.0,1,2,5900.0,10.0,4,4.0
204,205,1,4,21.0,2.0,4,1,6,0,1,2,0,2,3,NotRespond,11,45,4,1.0,27.0,2,3,1100.0,25.0,12,2.0
205,206,1,1,23.0,2.0,4,4,100,1,1,2,2,1,3,KE631,20,35,3,1.0,56.0,1,6,16000.0,60.0,8,5.0
206,207,1,3,29.0,1.0,1,2,5,3,1,2,2,6,3,NotRespond,0,0,1,1.0,40.0,1,2,6000.0,20.0,2,4.0
207,208,1,4,43.0,2.0,1,1,20,2,3,1,3,1,1,FM828,18,10,3,1.0,35.0,2,4,1500.0,60.0,12,3.0
208,209,1,4,52.0,2.0,1,1,6,12,3,1,1,1,3,NotRespond,9,20,1,3.0,40.0,2,2,8500.0,30.0,12,3.0
209,210,1,3,43.0,2.0,1,1,5,3,3,2,1,"1,3",2,7C1402,15,30,2,1.0,11.0,1,1,30000.0,90.0,7,4.0
210,211,1,1,51.0,1.0,1,1,4,11,3,1,1,1,3,KE651,17,40,2,1.0,50.0,1,1,30000.0,90.0,12,3.0
211,212,1,NotRespond,61.0,2.0,2,1,415,2,1,1,1,1,NotRespond,NotRespond,0,0,1,1.0,40.0,2,5,3500.0,90.0,9,3.0
212,213,1,1,22.0,2.0,1,1,10,0,1,2,1,6,1,NotRespond,0,0,2,1.0,57.0,1,5,4500.0,80.0,3,3.0
213,214,1,NotRespond,30.0,1.0,1,1,365,9,1,1,2,7,NotRespond,NotRespond,0,0,4,1.0,80.0,2,1,7000.0,20.0,2,3.0
214,215,1,4,30.0,2.0,1,1,15,3,3,2,2,1,3,NotRespond,0,0,1,1.0,40.0,1,5,1125.0,50.0,2,2.0
215,216,1,2,23.0,2.0,1,1,37,10,1,2,2,3,2,OZ178,21,0,4,1.0,52.0,1,5,1200.0,60.0,8,2.0
216,217,1,1,30.0,2.0,1,1,4,2,3,2,2,3,2,NotRespond,0,0,4,1.0,40.0,1,5,1125.0,50.0,12,3.0
217,218,1,2,37.0,2.0,1,1,10,3,3,1,1,1,3,OZ747,20,0,3,1.0,100.0,2,5,20.0,60.0,12,3.0
218,219,1,1,33.0,2.0,1,1,3,2,3,2,1,1,3,KE631,20,35,3,1.0,49.0,1,6,8000.0,50.0,12,2.0
219,220,1,2,29.0,2.0,2,1,20,1,3,1,0,2,1,OZ367,8,0,3,1.0,52.0,1,1,30000.0,90.0,3,3.0
220,221,1,1,50.0,2.0,1,1,4,2,3,2,4,"1,2",3,KE659,20,20,3,1.0,50.0,1,1,30000.0,60.0,5,4.0
221,222,1,2,25.0,2.0,1,3,99,1,3,2,1,3,2,OZ178,9,10,4,1.0,30.0,2,3,1050.0,20.0,12,3.0
222,223,1,4,23.0,1.0,1,3,365,1,1,2,1,2,1,NotRespond,18,50,3,1.0,40.0,1,5,2000.0,80.0,8,3.0
223,224,1,1,20.0,2.0,1,1,15,1,3,2,1,3,2,KKE719,20,55,3,1.0,36.0,2,3,1050.0,30.0,12,3.0
224,225,1,2,27.0,2.0,1,1,5,2,1,2,1,1,3,OZ757,20,20,3,1.0,49.5,2,5,1200.0,30.0,12,2.0
225,226,1,2,22.0,2.0,1,1,8,4,6,2,1,1,1,OZ3195,20,30,3,1.0,40.0,1,4,1200.0,390.0,8,2.0
226,227,1,2,62.0,2.0,1,1,3,6,3,1,1,1,1,OZ367,20,0,3,1.0,65.0,1,9,350000.0,80.0,9,1.0
227,228,1,4,53.0,2.0,1,1,7,4,3,1,1,1,3,TG657,10,14,4,1.0,50.0,1,1,30000.0,90.0,2,2.0
228,229,1,1,41.0,2.0,1,1,4,3,3,1,1,1,3,KE659,20,20,3,1.0,50.0,1,5,1125.0,50.0,12,2.0
229,230,1,4,52.0,2.0,1,1,7,4,1,1,1,1,3,TG657,10,14,4,1.0,50.0,1,1,3001.5,90.0,7,2.0
230,231,1,2,60.0,2.0,1,1,3,4,3,1,1,1,1,OZ749,20,10,3,1.0,44.0,1,5,1125.0,120.0,9,1.0
231,232,1,4,41.0,2.0,1,1,4,3,3,2,3,"1,2,3",3,PR469,20,45,3,1.0,20.0,3,2,3000.0,10.0,12,2.0
232,233,1,4,45.0,1.0,1,2,14,2,2,2,6,"2,3",1,CA5024,20,0,3,1.0,34.0,1,2,1300.0,45.0,5,3.0
233,234,1,2,37.0,1.0,1,1,10,5,1,2,3,1,3,OZ709,8,20,4,1.0,40.0,1,1,3001.5,50.0,1,3.0
234,235,1,2,22.0,1.0,1,3,180,0,1,2,0,7,1,OZ307,20,0,3,1.0,44.0,2,5,1200.0,30.0,8,3.0
235,236,1,2,25.0,2.0,1,3,730,0,1,2,0,7,2,OZ178,21,0,4,1.0,41.0,1,5,4000.0,40.0,8,2.0
236,237,1,1,27.0,2.0,1,1,6,2,1,1,0,1,4,KE629,18,5,3,1.0,82.0,1,2,11000.0,30.0,2,3.0
237,238,1,2,33.0,2.0,1,1,4,4,1,2,1,1,3,KE659,20,20,3,1.0,50.0,1,6,15000.0,60.0,2,2.0
238,239,1,3,43.0,2.0,1,1,5,7,1,2,2,1,3,NotRespond,8,4,3,1.0,70.0,1,1,3001.5,60.0,7,2.0
239,240,2,2,44.0,1.0,3,1,10,1,3,2,3,3,2,OZ1045,15,30,2,1.0,70.0,1,1,6000.0,60.0,7,3.0
240,241,2,2,45.0,2.0,1,1,7,0,8,2,4,3,2,OZ1045,15,30,2,1.0,70.0,1,1,20000.0,60.0,12,7.0
241,242,2,3,58.0,2.0,1,1,10,1,8,2,5,3,2,7C1482,14,30,2,1.0,23.0,1,2,17000.0,40.0,9,1.0
242,243,2,4,20.0,1.0,2,3,50,2,1,2,2,2,1,MU9824,19,50,3,3.0,67.0,2,5,1650.0,40.0,1,1.0
243,244,1,2,32.0,1.0,1,2,90,1,4,2,2,2,1,OZ361,9,0,2,1.0,30.0,1,2,8400.0,80.0,12,2.0
244,245,2,2,76.0,1.0,1,4,4,2,3,2,0,3,2,NotRespond,0,0,3,1.0,24.0,1,1,6000.0,90.0,11,1.0
245,246,2,4,26.0,1.0,2,3,50,0,8,2,1,2,1,MU9824,19,45,3,1.0,30.0,1,6,10000.0,40.0,8,1.0
246,247,2,4,40.0,1.0,1,2,120,7,5,2,6,2,1,MU9824,19,55,3,2.0,89.0,1,1,21000.0,30.0,2,6.0
247,248,2,4,19.0,2.0,5,1,4,1,8,2,3,3,1,MU9824,19,45,3,1.0,40.0,1,3,5000.0,60.0,8,4.0
248,249,2,4,27.0,2.0,2,1,5,2,8,2,2,"1,2",1,MU9824,19,45,3,1.0,86.0,1,2,22800.0,60.0,2,3.0
249,250,2,2,60.0,2.0,1,3,365,0,8,2,2,3,2,NH1166,20,5,3,1.0,40.0,1,2,20000.0,40.0,9,4.0
250,251,2,4,45.0,1.0,2,2,4,0,8,2,7,"2,3",1,MU9824,19,30,3,1.0,87.0,1,2,20600.0,30.0,5,4.0
251,252,2,1,37.0,1.0,3,2,4,1,8,2,2,6,2,KE2711,18,44,3,1.0,70.0,1,1,20000.0,90.0,1,6.0
252,253,2,4,55.0,1.0,1,2,3,0,1,2,5,2,1,MU9824,19,45,3,1.0,50.0,1,1,10000.0,60.0,1,5.0
253,254,2,4,23.0,2.0,2,1,7,1,8,2,0,2,1,MU9824,19,20,3,1.0,24.0,1,5,2000.0,30.0,2,3.0
254,255,2,4,23.0,2.0,2,1,7,1,8,2,0,2,1,MU9824,19,20,3,1.0,24.0,1,5,2000.0,30.0,2,3.0
255,256,2,4,62.0,1.0,1,1,9,1,1,2,1,3,2,JL94,19,15,3,1.0,20.0,1,5,4000.0,60.0,10,3.0
256,257,2,4,60.0,2.0,1,1,9,1,1,2,2,2,2,JL94,19,15,3,1.0,20.0,1,5,4000.0,60.0,9,3.0
257,258,2,2,25.0,1.0,1,1,365,4,1,2,2,1,2,NotRespond,0,0,3,1.0,40.0,1,1,10000.0,40.0,8,7.0
258,259,2,2,40.0,NotRespond,1,1,7,1,4,2,3,3,2,NH1164,16,15,2,1.0,34.14,1,3,11700.0,120.0,7,2.0
259,260,2,1,50.0,2.0,1,1,5,1,8,2,5,3,2,ke2709,16,30,2,1.0,40.0,1,2,23500.0,30.0,9,5.0
260,261,2,2,53.0,1.0,5,2,3,4,1,2,4,"1,2,3",2,nh1164,16,15,2,1.0,35.0,1,2,15000.0,60.0,1,3.0
261,262,2,2,39.0,2.0,5,2,3,3,3,2,6,"3,6",2,nh1164,16,15,2,1.0,35.0,1,1,6000.0,25.0,1,4.0
262,263,2,2,17.0,1.0,1,3,7,1,8,2,1,2,1,OZ3615,15,55,2,1.0,42.0,1,1,20000.0,60.0,12,2.0
263,264,2,2,21.0,2.0,1,1,30,0,3,2,2,2,1,OZ3615,15,55,2,1.0,42.0,1,6,12000.0,90.0,8,3.0
264,265,2,1,43.0,1.0,5,1,5,4,8,2,5,1,1,ke2815,16,15,2,1.0,37.0,1,2,14400.0,60.0,6,2.0
265,266,2,NotRespond,29.0,1.0,1,4,31,1,7,2,0,7,4,NotRespond,19,0,3,1.0,40.0,1,1,15700.0,90.0,12,1.0
266,267,2,2,50.0,1.0,1,2,3,0,8,2,10,1,2,OZ1085,20,1,3,2.0,50.0,1,2,50000.0,60.0,5,5.0
267,268,2,2,20.0,1.0,1,1,4,0,3,2,1,3,2,OZ1085,20,1,3,1.0,50.0,1,5,2000.0,40.0,8,2.0
268,269,2,2,28.0,2.0,1,1,3,1,1,2,4,3,2,OZ1143,17,50,2,1.0,50.0,1,1,10000.0,40.0,2,4.0
269,270,2,2,32.0,1.0,1,2,5,1,8,2,3,3,2,NotRespond,20,0,3,1.0,70.0,1,8,25000.0,60.0,2,4.0
270,271,2,2,39.0,2.0,3,1,99,2,1,2,3,3,2,OZ1085,20,1,3,1.0,35.0,1,2,14000.0,30.0,2,4.0
271,272,2,1,19.0,1.0,1,3,2,2,1,2,3,6,2,NotRespond,19,0,3,1.0,40.0,1,2,20000.0,60.0,8,3.0
272,273,2,1,50.0,1.0,3,2,4,34,2,1,2,"3,5",2,NotRespond,20,30,3,1.0,30.0,1,5,1250.0,50.0,5,3.0
273,274,2,2,40.0,2.0,4,1,99,2,1,2,4,1,2,OZ1085,20,1,3,1.0,50.0,1,2,23000.0,60.0,11,3.0
274,275,2,2,35.0,1.0,3,2,3,1,8,2,15,3,2,nh1166,20,15,3,1.0,90.0,1,2,27000.0,70.0,1,5.0
275,276,2,2,23.0,1.0,1,1,7,0,1,2,1,3,2,NotRespond,19,30,3,1.0,30.0,1,5,1500.0,30.0,8,1.0
276,277,2,2,27.0,1.0,1,2,7,1,1,2,2,3,2,oz9104,20,5,3,1.0,40.0,1,5,1500.0,20.0,2,2.0
277,278,2,2,54.0,2.0,1,1,35,0,8,2,1,"4,5",4,oz222,10,25,1,1.0,89.0,1,1,20000.0,20.0,3,4.0
278,279,2,4,48.0,1.0,1,2,7,4,8,2,10,2,1,MU9824,19,20,3,1.0,78.0,2,6,50300.0,50.0,2,4.0
279,280,2,2,26.0,1.0,3,1,5,1,1,2,2,4,2,NotRespond,0,0,3,1.0,40.0,1,5,1200.0,40.0,2,5.0
280,281,2,2,30.0,2.0,1,4,7,1,2,2,3,2,1,OZ3615,15,55,2,1.0,42.0,1,1,10000.0,40.0,8,2.0
281,282,2,2,32.0,1.0,1,2,7,1,1,2,6,2,1,OZ3615,15,55,2,1.0,42.0,1,1,10000.0,40.0,2,2.0
282,283,2,1,36.0,1.0,1,2,3,0,1,2,2,4,2,ke2727,16,55,2,1.0,22.5,1,2,12000.0,20.0,5,6.0
283,284,2,1,34.0,2.0,1,4,365,0,8,2,5,"2,5",1,ke2815,16,15,2,1.0,48.5,1,11,75000.0,60.0,12,4.0
284,285,2,1,49.0,2.0,1,1,4,1,8,2,0,3,2,NotRespond,16,20,2,1.0,40.0,1,1,20000.0,40.0,1,6.0
285,286,2,2,30.0,1.0,1,2,100,1,3,2,4,2,1,NotRespond,16,0,2,1.0,40.0,1,3,2800.0,4.0,1,3.0
286,287,2,2,60.0,2.0,1,1,2,1,5,2,2,3,2,oz1045,15,30,2,1.0,40.0,2,8,60000.0,180.0,11,2.0
287,288,2,2,35.0,1.0,1,1,7,0,2,2,4,3,2,NH1166,20,5,3,2.0,64.0,2,2,3300.0,20.0,12,1.0
288,289,2,4,40.0,1.0,1,4,99,1,8,2,5,2,1,MU9824,19,40,3,1.0,26.0,1,2,23000.0,30.0,2,4.0
289,290,2,1,44.0,2.0,1,2,7,28,8,2,12,3,2,NotRespond,19,0,3,2.0,58.0,1,1,20000.0,30.0,7,6.0
290,291,2,2,40.0,2.0,1,1,3,11,1,2,0,1,2,KE001,17,40,2,1.0,260.0,1,1,10000.0,45.0,9,2.0
291,292,2,1,68.0,1.0,3,2,8,2,8,2,2,"2,3",2,ke2711,18,44,3,1.0,20.0,1,3,10000.0,50.0,5,4.0
292,293,2,1,55.0,1.0,1,2,365,1,8,2,20,"2,4",1,ke2815,16,15,2,2.0,100.0,1,10,98000.0,50.0,1,7.0
293,294,2,3,28.0,1.0,1,1,3,3,1,2,4,1,3,TW7667,11,0,1,1.0,30.0,1,3,1050.0,20.0,2,3.0
294,295,2,1,37.0,2.0,1,4,2,0,1,1,1,1,1,KE2851,9,30,1,1.0,50.0,1,5,1550.0,90.0,1,2.0
295,296,2,2,30.0,2.0,2,1,7,1,1,2,1,2,1,OZ318,13,30,2,1.0,34.0,1,5,1500.0,60.0,2,1.0
296,297,2,4,47.0,1.0,1,2,10,8,3,2,2,2,1,OZ349,12,30,2,1.0,31.0,1,1,6000.0,90.0,2,3.0
297,298,2,2,53.0,1.0,1,2,180,1,1,2,3,2,1,OZ3615,15,55,2,1.0,30.0,1,3,1000.0,60.0,2,2.0
298,299,2,3,60.0,2.0,1,1,3,3,1,2,1,2,3,TW7667,10,30,1,1.0,30.0,1,3,1150.0,40.0,7,1.0
299,300,2,4,66.0,1.0,1,2,90,1,1,2,2,3,2,NH1162,12,40,2,2.0,60.0,1,1,10000.0,20.0,12,5.0
300,301,2,1,72.0,2.0,1,1,4,1,6,1,0,2,1,KE2815,16,15,2,1.0,45.9,1,1,23000.0,150.0,9,1.0
301,302,2,4,32.0,1.0,1,1,6,2,3,2,1,1,3,BR155,13,50,2,1.0,35.0,1,6,8800.0,7.0,5,2.0
302,303,2,4,22.0,2.0,2,2,30,7,2,2,6,2,1,C8318,12,30,2,1.0,44.0,1,1,10000.0,30.0,3,2.0
303,304,2,4,28.0,2.0,1,1,6,2,3,2,1,1,3,BR155,13,50,2,1.0,35.0,1,6,8800.0,80.0,9,2.0
304,305,2,4,30.0,2.0,3,3,99,1,2,2,1,3,2,KE5707,12,5,2,1.0,53.0,1,1,10000.0,20.0,8,1.0
305,306,2,1,47.0,1.0,3,4,1,2,3,2,0,7,NotRespond,NotRespond,0,0,1,1.0,35.0,1,6,6000.0,60.0,7,1.0
306,307,2,1,23.0,1.0,1,2,1,1,1,2,4,3,2,KE2707,9,4,1,1.0,40.0,1,1,10000.0,60.0,8,2.5
307,308,2,4,51.0,1.0,5,1,8,4,7,2,6,1,4,CA138,9,25,1,1.0,11.0,1,6,20000.0,120.0,1,5.0
308,309,2,1,36.0,2.0,2,1,30,0,3,2,4,"2,3",1,KA2851,9,30,1,3.0,50.0,1,5,1650.0,40.0,12,3.0
309,310,2,4,29.0,2.0,1,1,4,1,1,2,3,3,2,NH1162,12,40,2,1.0,45.0,2,1,10000.0,20.0,2,4.0
310,311,2,3,44.0,2.0,3,1,7,1,3,2,0,3,2,7c1482,14,30,2,3.0,20.0,1,6,5100.0,60.0,2,1.0
311,312,2,4,25.0,2.0,1,3,90,0,3,2,5,"2,3",2,NH1162,12,40,2,1.0,50.0,1,1,6000.0,60.0,8,1.0
312,313,2,4,54.0,1.0,1,2,1,7,1,1,0,5,2,KE5707,12,5,2,1.0,66.0,1,2,15000.0,32.0,5,4.0
313,314,2,NotRespond,26.0,1.0,3,2,15,0,3,2,5,3,NotRespond,NotRespond,12,10,2,1.0,40.0,1,3,6000.0,10.0,3,2.0
314,315,2,3,27.0,2.0,5,1,3,2,3,2,2,6,3,TW7667,11,0,1,1.0,39.5,1,6,6000.0,30.0,2,7.0
315,316,2,4,40.0,1.0,1,2,3,0,1,2,20,2,1,MU512,12,1,2,1.0,44.0,1,1,10000.0,15.0,5,2.0
316,317,2,1,74.0,2.0,1,1,3,13,3,1,0,2,1,ke2815,16,15,2,1.0,48.5,1,9,6000.0,120.0,9,1.0
317,318,2,1,68.0,2.0,1,1,4,13,3,1,1,1,1,ke2815,16,15,2,1.0,48.5,1,9,6000.0,120.0,9,1.0
318,319,2,3,60.0,2.0,1,3,5,0,8,1,12,3,2,7c1482,14,10,2,1.0,19.0,1,2,12000.0,20.0,12,2.0
319,320,2,4,34.0,1.0,1,2,5,1,3,2,2,6,2,NotRespond,20,0,3,1.0,60.0,1,2,60000.0,30.0,2,5.0
320,321,2,4,40.0,1.0,3,1,2,0,8,2,1,3,2,OZ1085,20,1,3,1.0,50.0,1,5,2000.0,40.0,2,4.0
321,322,2,4,38.0,2.0,1,1,4,0,1,2,2,2,1,hv9824,17,45,2,1.0,32.0,1,5,2000.0,20.0,4,2.0
322,323,2,3,45.0,2.0,3,3,5,1,8,2,1,3,2,7c1482,14,30,2,1.0,21.0,1,6,9000.0,60.0,2,3.0
323,324,2,3,29.0,2.0,1,2,4,3,1,2,1,5,2,7c1482,14,30,2,1.0,24.0,1,3,1500.0,40.0,5,1.0
324,325,2,1,45.0,1.0,3,2,3,0,3,2,3,5,2,ke2727,16,55,2,1.0,25.0,2,4,2000.0,30.0,5,5.0
325,326,2,1,61.0,2.0,1,1,5,20,6,1,2,3,2,KE2709,16,30,2,2.0,60.0,1,2,23000.0,40.0,9,1.0
326,327,2,1,19.0,1.0,1,4,3,1,1,2,2,1,2,ke2709,16,30,2,1.0,40.0,1,1,2000.0,90.0,8,3.0
327,328,2,1,33.0,1.0,1,2,2,2,1,2,1,2,1,ke2815,16,15,2,1.0,60.0,1,1,10000.0,50.0,1,5.0
328,329,2,1,46.0,1.0,1,2,9,2,3,2,15,2,1,ke2815,16,15,2,2.0,100.0,1,1,6000.0,30.0,1,6.0
329,330,2,1,23.0,2.0,1,3,99,0,1,2,2,2,2,KE2709,16,30,2,1.0,45.0,1,6,10000.0,60.0,8,4.0
330,331,2,4,35.0,1.0,3,3,30,0,8,2,15,6,2,JL94,7,15,3,1.0,200.0,1,6,10000.0,180.0,8,1.0
331,332,2,2,42.0,1.0,1,1,3,10,1,2,1,3,2,NotRespond,17,0,2,1.0,40.0,1,1,10000.0,60.0,2,2.0
332,333,2,1,52.0,2.0,1,1,5,2,3,2,1,3,2,ke2727,16,55,2,1.0,20.0,1,5,2000.0,60.0,9,3.0
333,334,2,1,35.0,2.0,1,1,5,2,1,2,2,3,2,ke2711,18,44,3,1.0,20.0,1,5,1500.0,90.0,8,2.0
334,335,2,4,24.0,2.0,2,1,5,4,8,2,1,3,1,KE5899,19,45,3,3.0,44.0,1,5,3000.0,30.0,2,2.0
335,336,2,2,34.0,2.0,1,1,5,2,8,2,2,3,2,OZ1145,17,50,2,1.0,30.0,1,1,20000.0,40.0,10,3.0
336,337,2,4,27.0,1.0,3,2,3,0,8,2,20,3,2,JL92,12,0,3,1.0,40.0,1,2,10000.0,30.0,12,2.0
337,338,2,4,55.0,2.0,3,1,3,2,8,2,2,3,2,NH1166,20,5,3,1.0,40.0,1,5,2000.0,30.0,9,2.0
338,339,2,2,45.0,2.0,1,1,21,0,3,2,3,3,2,OZ1085,20,1,3,1.0,50.0,2,6,20000.0,150.0,9,1.0
339,340,2,1,59.0,2.0,1,1,3,4,3,2,1,2,1,KE5899,19,45,3,1.0,44.0,1,5,2000.0,40.0,9,4.0
340,341,2,4,22.0,1.0,1,1,5,0,1,2,0,2,2,JL94,19,15,3,1.0,33.0,1,8,4000.0,40.0,8,3.0
341,342,2,2,43.0,1.0,3,2,7,0,8,2,10,3,2,NotRespond,20,0,3,1.0,18.0,2,8,50000.0,120.0,12,2.0
342,343,2,4,39.0,2.0,2,2,1,1,8,2,0,2,1,MU9824,19,45,3,1.0,40.0,1,2,20300.0,50.0,2,2.0
343,344,2,2,21.0,2.0,4,1,4,1,8,2,0,6,2,OZ1085,20,1,3,1.0,50.0,1,2,20300.0,40.0,11,1.0
344,345,2,4,20.0,2.0,3,1,3,2,8,2,0,3,2,NH6984,20,20,3,1.0,40.0,2,5,1300.0,20.0,8,1.0
345,346,2,4,22.0,2.0,3,1,3,2,8,2,0,1,2,NH6984,20,20,3,1.0,40.0,2,5,1300.0,20.0,8,1.0
346,347,2,4,23.0,1.0,1,1,365,1,1,2,1,3,2,jl974,15,56,2,1.0,45.0,2,3,1200.0,10.0,8,1.0
347,348,2,4,21.0,2.0,1,1,4,1,3,2,0,3,2,NH1164,16,15,2,1.0,45.0,1,5,2000.0,40.0,8,1.0
348,349,2,4,26.0,2.0,2,1,6,4,8,2,0,2,1,MU9824,19,45,3,1.0,40.0,1,8,25000.0,120.0,2,1.0
349,350,2,4,25.0,2.0,2,3,3,0,8,2,0,2,1,MU9824,19,45,3,1.0,40.0,1,8,25000.0,180.0,2,1.0
350,351,2,1,62.0,1.0,1,1,4,1,1,2,2,3,2,ke5727,16,0,2,1.0,30.0,1,1,10000.0,30.0,11,4.0
351,352,2,1,68.0,2.0,1,1,4,13,3,1,0,1,1,ke2815,16,15,2,1.0,48.5,1,1,6000.0,120.0,9,2.0
352,353,2,1,62.0,2.0,1,1,44,2,3,2,0,2,1,ke2815,16,15,2,1.0,48.5,1,5,2000.0,40.0,7,2.0
353,354,2,1,60.0,2.0,1,1,4,2,3,2,0,3,2,ke5727,16,0,2,1.0,60.0,1,6,6000.0,40.0,9,1.0
354,355,2,1,65.0,1.0,1,1,4,2,3,2,0,3,2,ke5727,16,0,2,1.0,60.0,1,6,6000.0,40.0,10,2.0
355,356,2,1,70.0,1.0,1,1,4,10,6,1,0,3,1,KE2815,16,15,2,1.0,45.45,1,1,23000.0,120.0,10,1.0
356,357,2,4,67.0,2.0,1,1,4,2,1,2,2,3,1,CZ318,12,30,2,1.0,120.0,1,5,1500.0,15.0,9,2.0
357,358,2,4,67.0,1.0,1,4,30,0,1,2,3,3,2,NH1162,12,40,2,1.0,40.0,1,6,2000.0,60.0,10,3.0
358,359,2,2,70.0,1.0,1,1,4,6,4,2,1,6,1,OZ3615,15,30,2,1.0,42.0,1,2,11500.0,120.0,12,2.0
359,360,2,1,50.0,1.0,1,2,2,1,1,2,5,2,2,KE5707,12,5,2,1.0,46.5,1,5,1500.0,40.0,2,4.0
360,361,2,1,51.0,1.0,1,2,1,0,3,2,30,3,2,KE2707,9,4,1,1.0,65.0,2,2,7000.0,20.0,2,6.0
361,362,2,4,56.0,2.0,1,1,5,2,3,2,0,1,2,NH1162,12,15,2,1.0,32.5,1,6,8000.0,50.0,9,3.0
362,363,2,4,58.0,2.0,1,1,5,1,3,2,0,3,2,7C1482,14,30,2,1.0,23.0,2,6,20000.0,150.0,9,4.0
363,364,2,4,55.0,2.0,1,1,5,2,3,2,0,7,2,NH1162,12,30,2,1.0,32.5,2,1,6000.0,20.0,9,4.0
364,365,2,4,55.0,1.0,1,1,3,2,1,2,0,3,2,NH1164,16,15,2,1.0,50.0,1,2,15000.0,30.0,3,4.0
365,366,2,4,51.0,1.0,1,2,7,1,1,2,4,2,1,NotRespond,17,20,2,1.0,40.0,1,6,6000.0,60.0,2,5.0
366,367,2,3,53.0,2.0,1,1,4,4,5,2,1,6,3,TW7607,11,10,1,3.0,60.0,3,8,40000.0,180.0,9,1.0
367,368,2,2,53.0,1.0,1,2,5,2,3,2,2,3,2,OZ9128,7,45,1,1.0,40.0,1,6,6000.0,40.0,2,2.0
368,369,2,2,59.0,1.0,1,1,3,5,3,2,0,3,2,OZ9102,12,30,2,1.0,50.0,1,5,70.0,10.0,2,3.0
369,370,2,1,60.0,2.0,1,1,7,1,1,2,2,"3,4",2,KE2725,8,55,1,1.0,100.0,1,6,6000.0,30.0,10,5.0
370,371,2,4,61.0,2.0,1,1,3,0,3,2,3,1,2,NH1162,12,40,2,1.0,40.0,1,6,10000.0,40.0,9,2.0
371,372,2,2,62.0,2.0,1,1,4,6,4,2,1,2,1,OZ3615,15,30,2,1.0,42.0,2,2,10000.0,20.0,11,4.0
372,373,2,4,62.0,2.0,1,1,4,6,1,1,2,2,1,CZ318,12,30,2,1.0,120.0,1,5,1500.0,20.0,9,2.0
373,374,2,4,66.0,1.0,3,1,4,1,8,2,1,3,2,NH1164,16,15,2,1.0,77.0,2,5,1300.0,20.0,3,2.0
374,375,2,1,66.0,2.0,1,1,4,13,3,1,1,1,1,KE2815,16,15,2,1.0,45.45,1,11,6000.0,120.0,9,2.0
375,376,2,1,60.0,1.0,1,2,4,2,1,2,1,3,2,KE5707,12,5,2,1.0,40.0,1,3,7000.0,60.0,3,3.0
376,377,2,3,43.0,2.0,1,1,3,7,2,1,0,7,3,TW7667,10,30,1,1.0,39.5,2,5,1250.0,50.0,12,1.0
377,378,2,1,46.0,2.0,1,1,4,3,1,2,2,3,2,NH1164,16,15,2,1.0,40.0,1,9,4000.0,90.0,9,2.0
378,379,2,4,43.0,1.0,1,1,3,2,1,2,0,3,2,NH1164,16,15,2,1.0,40.0,2,2,4000.0,15.0,2,4.0
379,380,2,4,45.0,2.0,1,2,2,2,1,2,0,5,2,NH1164,16,15,2,1.0,38.0,2,2,3500.0,10.0,9,4.0
380,381,2,4,44.0,1.0,1,1,3,2,1,2,0,3,2,NH1164,16,15,2,1.0,40.0,2,5,1500.0,10.0,1,5.0
381,382,2,3,49.0,2.0,1,1,4,4,3,2,0,5,3,TW7667,11,10,1,3.0,60.0,2,2,2200.0,20.0,9,1.0
382,383,2,2,43.0,1.0,3,2,365,0,8,2,2,3,2,OZ9128,7,45,2,1.0,40.0,1,10,98000.0,40.0,2,2.0
383,384,2,2,43.0,1.0,2,3,365,0,8,2,10,3,2,OZ1145,17,50,2,1.0,33.0,1,5,2000.0,50.0,5,4.0
384,385,2,4,41.0,1.0,1,2,7,1,8,2,5,2,1,NotRespond,17,0,2,1.0,33.0,1,6,6000.0,55.0,2,4.0
385,386,2,1,46.0,1.0,1,1,4,10,6,1,0,2,1,KE2815,16,15,2,1.0,45.45,1,1,23000.0,120.0,2,3.0
386,387,2,1,53.0,1.0,1,1,7,5,1,2,0,2,2,KE5707,12,0,2,1.0,40.0,1,1,10000.0,40.0,2,4.0
387,388,2,1,53.0,2.0,1,1,4,2,3,1,1,2,1,KE2851,9,30,1,1.0,35.0,1,2,10000.0,25.0,7,4.0
388,389,2,1,57.0,1.0,1,2,2,3,1,2,4,2,1,KE2815,16,15,2,2.0,50.0,1,1,10000.0,60.0,1,5.0
389,390,2,4,59.0,1.0,1,1,3,0,3,2,3,2,2,NH1162,12,40,2,2.0,5.0,1,5,3000.0,120.0,11,2.0
390,391,2,1,56.0,1.0,1,4,6,1,1,2,2,3,2,KE2709,16,30,2,1.0,37.5,1,5,1150.0,30.0,10,2.0
391,392,2,4,32.0,1.0,1,1,3,1,1,2,2,3,2,KE2709,16,30,2,1.0,30.0,1,2,7000.0,20.0,3,2.0
392,393,2,1,33.0,1.0,2,2,7,1,3,2,15,2,1,KE2815,16,15,2,1.0,45.45,2,2,6000.0,20.0,1,5.0
393,394,2,3,38.0,2.0,1,1,3,4,7,1,0,1,3,ZE9887,11,15,1,1.0,50.0,1,4,15700.0,90.0,5,2.0
394,395,2,3,37.0,2.0,1,1,3,4,7,1,1,1,3,ZE9887,11,15,1,1.0,50.0,1,6,15700.0,90.0,7,2.0
395,396,2,3,30.0,2.0,1,1,3,2,2,1,3,6,3,TW7667,11,0,1,1.0,64.0,2,3,10000.0,5.0,4,3.0
396,397,2,4,33.0,2.0,1,1,10,0,1,2,1,3,4,JL974,15,56,2,1.0,89.0,1,5,1150.0,50.0,2,1.0
397,398,2,4,31.0,1.0,1,1,8,1,1,2,2,1,1,CZ318,12,30,2,1.0,120.0,1,1,12000.0,25.0,2,2.0
398,399,2,3,30.0,2.0,1,1,4,1,1,2,4,2,3,TW7667,11,0,4,1.0,34.0,1,2,12000.0,30.0,2,1.0
399,400,2,4,48.0,2.0,1,1,4,2,3,2,3,3,2,NH1164,16,15,2,1.0,40.0,1,5,2000.0,25.0,9,2.0
400,401,2,4,46.0,2.0,1,2,1,2,3,2,2,3,2,NH1162,12,40,2,1.0,40.0,1,1,6000.0,60.0,3,3.0
401,402,2,1,43.0,2.0,1,1,4,3,3,2,2,3,2,KE2727,16,55,2,1.0,40.0,1,1,6000.0,90.0,11,3.0
402,403,2,3,40.0,2.0,1,1,3,7,2,1,1,2,3,TW7667,11,0,1,1.0,39.5,2,1,10000.0,30.0,2,2.0
403,404,2,3,46.0,2.0,1,1,3,7,2,1,0,7,3,TW7667,11,0,1,1.0,39.5,2,1,10000.0,30.0,2,2.0
404,405,2,2,42.0,2.0,1,1,4,3,3,1,1,6,1,OZ3315,8,50,1,1.0,44.0,1,1,6000.0,60.0,9,3.0
405,406,2,1,42.0,2.0,1,1,4,7,1,1,0,1,1,KE2851,9,30,1,1.0,42.5,1,1,10000.0,20.0,9,6.0
406,407,2,1,43.0,2.0,1,4,7,2,1,2,3,2,2,NotRespond,0,0,1,1.0,40.0,1,6,10000.0,60.0,9,3.0
407,408,2,4,43.0,2.0,1,2,3,4,3,2,5,3,2,JL974,15,56,2,2.0,41.0,1,5,1100.0,20.0,1,4.0
408,409,2,3,25.0,2.0,1,1,3,3,3,2,0,6,3,TW7667,11,0,1,1.0,40.0,1,6,4000.0,40.0,2,4.0
409,410,2,4,28.0,2.0,1,1,8,1,1,2,1,6,1,CA318,12,30,2,1.0,120.0,1,1,20000.0,40.0,2,5.0
410,411,2,4,26.0,1.0,1,3,140,0,1,2,1,2,1,CA138,9,40,1,1.0,52.0,1,1,10000.0,45.0,8,3.0
411,412,2,4,20.0,1.0,1,2,90,2,3,2,3,4,1,CA318,12,30,2,1.0,44.0,2,4,15000.0,60.0,12,3.0
412,413,2,3,31.0,1.0,1,1,3,4,1,2,3,6,3,TW7667,11,0,1,1.0,39.0,1,5,1550.0,60.0,2,3.0
413,414,2,3,33.0,2.0,1,1,3,4,1,2,2,6,3,TW7667,11,0,1,1.0,40.0,1,5,1550.0,60.0,2,3.0
414,415,2,3,33.0,1.0,1,1,3,4,8,2,2,2,3,TW7667,11,0,1,1.0,39.0,1,3,1100.0,50.0,2,2.0
415,416,2,3,39.0,2.0,1,1,3,7,2,1,0,5,3,TW7667,11,0,1,1.0,39.5,2,1,10000.0,20.0,5,1.0
416,417,2,4,30.0,2.0,3,1,3,2,3,2,0,3,2,NH1162,12,40,2,1.0,40.0,1,1,6000.0,30.0,2,2.0
417,418,2,4,38.0,1.0,1,2,3,1,1,2,3,3,2,JL974,15,56,2,1.0,41.0,1,5,1500.0,40.0,2,2.0
418,419,2,2,35.0,2.0,1,1,4,6,4,1,1,6,1,OZ3615,15,30,2,1.0,42.0,2,2,10000.0,20.0,12,2.0
419,420,2,4,37.0,2.0,3,4,99,0,8,2,2,3,2,JL974,15,56,2,1.0,42.0,1,1,20000.0,40.0,9,3.0
420,421,2,4,30.0,2.0,1,4,14,0,1,2,3,1,2,7C1482,14,30,2,2.0,42.0,1,1,10000.0,70.0,2,3.0
421,422,2,4,32.0,2.0,2,2,5,1,1,2,8,2,1,CA5040,8,40,1,2.0,44.0,1,6,4000.0,20.0,1,6.0
422,423,2,2,35.0,1.0,1,4,6,0,4,1,1,1,1,OZ3615,15,30,2,1.0,42.0,2,2,10000.0,20.0,12,2.0
423,424,2,1,35.0,2.0,1,1,4,1,1,2,2,3,2,KE5727,16,55,2,1.0,30.0,1,1,10000.0,30.0,4,4.0
424,425,2,1,34.0,1.0,3,2,3,2,1,2,3,1,2,KE5727,16,55,2,1.0,30.0,1,2,15000.0,30.0,5,4.0
425,426,2,1,39.0,1.0,3,2,3,2,1,2,6,"3,4",2,KE5727,16,55,2,1.0,30.0,1,1,10000.0,60.0,5,5.0
426,427,2,4,50.0,1.0,2,1,4,3,8,2,7,3,1,NotRespond,19,0,3,1.0,20.0,1,6,7000.0,50.0,1,6.0
427,428,2,4,23.0,2.0,2,1,4,3,8,2,2,3,1,NotRespond,19,0,3,1.0,20.0,1,6,7000.0,50.0,8,6.0
428,429,2,2,40.0,1.0,1,2,7,2,3,2,10,3,2,OZ1045,15,30,2,1.0,70.0,1,1,6000.0,60.0,2,2.0
429,430,2,2,42.0,1.0,1,2,7,2,3,2,10,3,2,OZ1045,15,30,2,2.0,70.0,1,1,6000.0,60.0,2,2.0
430,431,2,1,56.0,2.0,1,1,3,14,1,1,1,2,1,KE2815,16,15,2,1.0,44.0,1,1,10000.0,30.0,6,3.0
431,432,2,1,29.0,1.0,1,1,4,14,1,1,0,7,1,KE2815,16,15,2,1.0,45.45,2,2,4500.0,15.0,2,3.0
432,433,2,1,64.0,2.0,1,1,4,14,1,1,1,5,1,KE2815,16,15,2,1.0,44.0,1,5,1300.0,40.0,7,4.0
433,434,2,1,67.0,2.0,1,1,4,14,1,1,2,3,1,KE2815,16,15,2,1.0,45.0,1,1,10000.0,30.0,9,3.0
434,435,2,1,59.0,2.0,1,1,4,14,1,1,1,5,1,KE2815,16,15,2,1.0,44.0,2,1,10000.0,5.0,9,2.0
435,436,2,1,28.0,1.0,1,1,4,20,8,1,1,6,1,KE2815,16,15,2,3.0,37.0,1,3,7000.0,40.0,6,2.0
436,437,2,4,22.0,2.0,1,1,8,0,3,2,0,1,3,BR155,13,50,2,1.0,30.0,1,1,6000.0,40.0,8,6.0
437,438,2,1,25.0,2.0,1,3,99,0,3,2,1,2,1,KE2815,16,15,2,1.0,37.0,1,1,6000.0,90.0,8,3.0
438,439,2,1,21.0,1.0,2,4,99,2,8,2,4,3,1,KE2815,16,15,2,1.0,52.0,1,2,20000.0,40.0,8,5.0
439,440,2,1,22.0,2.0,1,4,8,4,1,2,3,1,1,KE5801,12,30,2,1.0,30.0,1,5,3000.0,10.0,8,6.0
440,441,2,4,27.0,1.0,1,1,3,2,3,2,0,2,2,NH1162,12,40,2,1.0,40.0,1,1,6000.0,30.0,6,2.0
441,442,2,3,26.0,2.0,1,2,6,3,6,2,2,1,3,TW7667,11,0,1,1.0,50.0,1,6,23000.0,180.0,12,2.0
442,443,2,1,26.0,2.0,3,3,7,0,1,2,0,3,2,KE2707,9,4,1,1.0,60.0,1,3,1150.0,40.0,8,5.0
443,444,2,1,21.0,2.0,1,1,4,20,5,1,1,3,2,KE2815,16,15,2,1.0,60.0,1,5,2000.0,50.0,8,3.0
444,445,2,1,21.0,2.0,1,1,5,0,5,2,0,2,1,KE5801,12,30,2,1.0,30.0,1,3,1150.0,115.0,8,4.0
445,446,2,4,24.0,2.0,1,1,10,0,3,2,0,2,1,CA138,9,25,1,1.0,31.5,1,6,6000.0,60.0,8,3.0
446,447,2,1,28.0,2.0,2,2,4,1,1,2,6,2,1,KE2815,16,15,2,2.0,50.0,2,3,1200.0,20.0,1,4.0
447,448,2,1,28.0,1.0,1,3,180,0,1,2,0,2,1,KE2815,16,15,2,1.0,45.45,1,5,1500.0,40.0,8,3.0
448,449,2,1,28.0,2.0,2,4,365,2,8,2,2,2,1,KE2815,16,15,2,1.0,52.0,1,2,20000.0,40.0,3,2.0
449,450,2,4,28.0,1.0,1,2,7,2,3,2,2,3,2,JL92,12,0,2,1.0,40.0,1,3,1000.0,20.0,2,2.0
450,451,2,1,28.0,1.0,2,1,4,5,3,1,1,5,1,KE2815,9,30,2,1.0,35.0,1,2,10000.0,20.0,12,6.0
451,452,2,1,25.0,1.0,1,1,5,2,3,2,0,2,2,KE2727,16,55,2,1.0,35.0,1,6,6000.0,30.0,8,1.0
452,453,2,3,25.0,2.0,1,1,3,3,1,2,0,6,3,TW7667,11,0,1,1.0,40.0,1,5,1350.0,60.0,2,5.0
453,454,2,4,29.0,2.0,2,1,3,3,8,2,0,2,1,MU9824,19,45,3,1.0,40.0,2,8,50000.0,180.0,2,1.0
454,455,2,4,29.0,2.0,2,2,3,3,8,2,0,2,1,MU9824,19,45,3,1.0,40.0,2,8,50000.0,180.0,2,1.0
455,456,2,1,37.0,1.0,2,1,3,1,8,2,1,2,2,KE2727,16,55,2,1.0,42.0,1,5,2000.0,60.0,8,1.0
456,457,2,4,35.0,2.0,2,1,4,2,8,2,0,2,1,MU9824,19,45,3,1.0,40.0,2,2,20300.0,10.0,2,3.0
457,458,2,4,38.0,1.0,1,1,5,1,1,2,0,3,2,JL974,15,56,2,1.0,40.0,1,5,1500.0,30.0,2,2.0
458,459,2,4,35.0,1.0,3,2,2,1,8,2,0,3,2,JL94,19,15,3,1.0,40.0,1,2,20300.0,120.0,2,2.0
459,460,2,4,42.0,1.0,3,2,1,1,8,2,0,3,2,NH6984,20,20,3,1.0,40.0,1,2,20300.0,50.0,2,3.0
460,461,2,4,40.0,1.0,3,2,7,1,8,2,1,3,2,JL94,19,15,3,1.0,50.0,1,2,20300.0,50.0,2,4.0
461,462,2,2,47.0,1.0,3,2,3,1,8,2,0,3,2,OZ1085,20,1,3,1.0,50.0,1,2,20300.0,40.0,2,7.0
462,463,2,2,40.0,1.0,3,1,2,1,8,2,0,3,2,OZ1085,20,1,3,1.0,50.0,1,6,8000.0,60.0,2,3.0
463,464,2,2,40.0,2.0,3,1,3,1,8,2,3,4,2,OZ1085,20,1,3,1.0,50.0,1,5,2000.0,40.0,2,4.0
464,465,2,1,47.0,1.0,3,1,5,1,8,2,0,3,2,KE2727,16,55,2,1.0,40.0,2,8,50000.0,180.0,11,1.0
465,466,2,4,51.0,2.0,3,2,365,2,1,2,6,3,2,JL974,15,56,2,1.0,40.0,1,5,1500.0,15.0,1,4.0
466,467,2,4,52.0,1.0,1,1,365,1,8,1,5,3,2,NotRespond,0,0,2,1.0,45.0,1,1,20000.0,15.0,1,5.0
467,468,2,1,59.0,2.0,1,1,4,6,1,1,0,2,1,KE2815,16,15,2,1.0,60.0,2,2,4000.0,10.0,12,2.0
468,469,2,1,58.0,2.0,1,1,3,6,1,1,2,2,1,NotRespond,0,0,2,1.0,60.0,2,2,4000.0,10.0,11,2.0
469,470,2,4,59.0,1.0,1,1,8,1,2,2,1,2,4,NotRespond,19,15,3,1.0,40.0,2,2,3300.0,10.0,4,3.0
470,471,2,1,64.0,2.0,1,1,5,13,3,1,1,2,1,NotRespond,0,0,2,1.0,40.0,1,1,6000.0,60.0,9,4.0
471,472,2,1,64.0,2.0,1,1,4,13,3,1,0,2,NotRespond,KE2815,16,15,2,1.0,45.45,1,4,15000.0,60.0,9,4.0
472,473,2,1,67.0,2.0,1,1,10,7,1,1,0,2,1,KE2815,16,15,2,1.0,60.0,2,2,4000.0,10.0,9,2.0
473,474,2,2,64.0,2.0,1,1,2,1,3,2,0,3,2,OZ1085,20,1,3,1.0,45.0,1,5,2000.0,120.0,10,2.0
474,475,2,2,69.0,2.0,1,2,365,0,1,2,10,6,2,OZ1085,20,1,3,1.0,50.0,1,5,1500.0,45.0,12,1.0
475,476,2,4,21.0,2.0,3,1,6,2,8,2,2,2,2,NH1166,20,5,3,1.0,40.0,1,5,2000.0,40.0,8,4.0
476,477,2,4,32.0,2.0,3,1,4,1,8,2,0,3,2,NH6984,20,20,3,1.0,45.0,1,2,20300.0,45.0,2,2.0
477,478,2,4,30.0,2.0,3,2,3,1,8,2,3,2,2,NH6984,20,20,3,1.0,40.0,1,1,20000.0,60.0,5,3.0
478,479,2,4,42.0,2.0,3,1,5,2,8,2,7,2,2,NH6984,20,20,3,1.0,40.0,1,5,2000.0,40.0,7,4.0
479,480,2,4,43.0,2.0,3,1,5,2,8,2,1,2,2,NH6984,20,20,3,1.0,40.0,1,5,2000.0,40.0,9,4.0
480,481,2,4,55.0,1.0,1,2,6,1,1,2,2,2,1,MU9824,19,45,3,1.0,40.0,1,5,1500.0,30.0,2,3.0
481,482,2,2,59.0,2.0,1,2,4,2,1,2,2,1,2,OZ1085,20,1,3,1.0,50.0,1,5,3000.0,30.0,9,3.0
482,483,2,2,64.0,2.0,1,1,4,2,1,2,1,3,2,OZ1085,20,1,3,1.0,50.0,1,5,1500.0,40.0,9,5.0
483,484,2,4,39.0,1.0,1,4,8,3,8,2,10,2,1,MU9824,19,45,3,1.0,62.0,1,1,20000.0,45.0,12,1.0
484,485,2,4,37.0,2.0,1,4,8,3,8,2,6,2,1,MU9824,19,45,3,1.0,25.0,1,1,20000.0,45.0,5,5.0
485,486,2,1,63.0,1.0,5,2,28,1,8,2,3,2,2,KE2711,18,44,3,1.0,70.0,2,5,1300.0,30.0,2,7.0
486,487,2,4,61.0,1.0,3,2,2,4,8,2,15,4,2,JL94,19,15,3,2.0,17.0,1,2,30000.0,40.0,1,7.0
487,488,2,1,48.0,2.0,1,1,2,3,1,2,3,4,2,ke2727,16,55,2,2.0,70.0,1,1,10000.0,40.0,9,7.0
